============================================================
  Deriv Pipeline — Orquestrador Automático
  Modo              : DEMO
  Símbolo           : R_100 — Volatility 100 Index
  Candles históricos : 2,000 × 1 min
  Candles p/ treino  : 200
  Re-treino          : adaptativo (IA decide automaticamente)
    › WinRate < 42% | Conf < 55% | +400 ticks | backstop 60min
  Pressione Ctrl+C para encerrar tudo
============================================================
[AUTH] Token PAT detectado (fluxo novo da Deriv).
[AUTH] Token Bearer validado | Conta Options: DOT91528180 (demo) | Saldo: 8842.83 USD
[TENDÊNCIA] ── Scan forex (pares de moedas) ────────────────
[TENDÊNCIA] Candidatos: frxEURUSD, frxGBPUSD, frxUSDJPY, frxAUDUSD, frxUSDCAD, frxUSDCHF, frxNZDUSD, frxEURGBP, frxEURJPY, frxEURCHF, frxEURCAD, frxEURNZD, frxEURAUD, frxGBPJPY, frxGBPCHF, frxGBPCAD, frxGBPAUD, frxGBPNZD, frxAUDJPY, frxAUDCAD, frxAUDNZD, frxAUDCHF, frxCADJPY, frxCADCHF, frxCHFJPY, frxNZDJPY, frxNZDCAD
  frxEURUSD    score=105.85 ↑
  frxAUDJPY    score= 51.63 ↓
  frxUSDJPY    score= 62.44 ↓
  frxAUDUSD    score= 26.71 ↓
  frxGBPCHF    score= 26.53 ↑
  frxUSDCHF    score= 38.58 ↑
  frxEURCAD    score= 40.53 ↑
  frxGBPJPY    score= 68.96 ↓
  frxGBPAUD    score= 33.26 ↑
  frxNZDJPY    score= 43.07 ↑
  frxEURGBP    score= 32.69 ↓
  frxAUDCHF    score= 21.10 ↓
  frxCADJPY    score= 75.39 ↓
  frxUSDCAD    score= 41.46 ↓
  frxNZDUSD    score= 74.04 ↑
  frxAUDCAD    score= 41.93 ↓
  frxEURAUD    score= 30.70 ↑
  frxAUDNZD    score= 37.29 ↓
  frxGBPUSD    score= 61.15 ↑
  frxGBPNZD    score= 44.31 ↓
  frxNZDCAD    score= 56.75 ↑
  frxCHFJPY    score= 29.37 ↓
  frxCADCHF    score= 84.71 ↑
  frxEURJPY    score= 48.32 ↓
  frxEURCHF    score= 40.90 ↓
  frxGBPCAD    score= 26.68 ↓
  frxEURNZD    score= 47.93 ↓
[TENDÊNCIA] ✔ Melhor par forex: frxEURUSD — Euro / US Dollar (score=105.85)
[TENDÊNCIA] Símbolo alterado: R_100 → frxEURUSD
[HISTÓRICO] Buscando os últimos 2,000 candles de 1 min de 'frxEURUSD — Euro / US Dollar'...
[HISTÓRICO] 1,000 candles de 1min gravados — total no CSV: 302,424
[PIPELINE] Fase 1: Coletor iniciado em background (sem duplicatas).
[PIPELINE] Fases 2-4: model.pkl encontrado — treino inicial ignorado.
           Use --force-retrain para forçar novo treino.
[PIPELINE] Fase 5: Re-treino adaptativo iniciado (backstop: 60 min).
[PIPELINE] Fase 6: Iniciando bot de trading...
[RISCO] Estado restaurado: consec_losses=0, saldo=1000.00
=======================================================
  Deriv Trading Bot — Modo: DEMO
  Símbolo : frxEURUSD
  Duração : 5 m
  Saldo   : 1000.00 USD
  Stake   : 10.00 USD (1% do saldo)
=======================================================
[BOT] Conectado à Deriv WebSocket API
[BOT] Baixando 100 candles históricos de frxEURUSD (60s)...
[COLETOR] Conectado | frxEURUSD — Euro / US Dollar
[BOT] 99 candles históricos carregados via API — aquecimento instantâneo.
[COLETOR] Ticks:       1 | 1.1626 @ 2026-09-03T19:30:33
[BOT] 1.1626 | Aguardando fechamento da vela... (candles ok: 99)
[COLETOR] Ticks:       2 | 1.16261 @ 2026-09-03T19:30:34
[BOT] 1.1626 | Aguardando fechamento da vela... (candles ok: 99)
[COLETOR] Ticks:       3 | 1.16261 @ 2026-09-03T19:30:35
[BOT] 1.1626 | Aguardando fechamento da vela... (candles ok: 99)
[BOT] 1.1626 | Aguardando fechamento da vela... (candles ok: 99)
[COLETOR] Ticks:       4 | 1.16261 @ 2026-09-03T19:30:36
[BOT] 1.1626 | Aguardando fechamento da vela... (candles ok: 99)
[COLETOR] Ticks:       5 | 1.1626 @ 2026-09-03T19:30:37
[BOT] 1.1626 | Aguardando fechamento da vela... (candles ok: 99)
[COLETOR] Ticks:       6 | 1.16261 @ 2026-09-03T19:30:38
[BOT] 1.1626 | Aguardando fechamento da vela... (candles ok: 99)
[COLETOR] Ticks:       7 | 1.16261 @ 2026-09-03T19:30:39
[BOT] 1.1626 | Aguardando fechamento da vela... (candles ok: 99)
[COLETOR] Ticks:       8 | 1.16261 @ 2026-09-03T19:30:40
[BOT] 1.1626 | Aguardando fechamento da vela... (candles ok: 99)
[COLETOR] Ticks:       9 | 1.16261 @ 2026-09-03T19:30:41
[COLETOR] Ticks:      10 | 1.1626 @ 2026-09-03T19:30:42
[BOT] 1.1626 | Aguardando fechamento da vela... (candles ok: 99)
[COLETOR] Ticks:      11 | 1.1626 @ 2026-09-03T19:30:43
[BOT] 1.1626 | Aguardando fechamento da vela... (candles ok: 99)
[COLETOR] Ticks:      12 | 1.1626 @ 2026-09-03T19:30:44
[BOT] 1.1626 | Aguardando fechamento da vela... (candles ok: 99)
[COLETOR] Ticks:      13 | 1.16261 @ 2026-09-03T19:30:45
[BOT] 1.1626 | Aguardando fechamento da vela... (candles ok: 99)
[BOT] 1.1626 | Aguardando fechamento da vela... (candles ok: 99)
[COLETOR] Ticks:      14 | 1.16261 @ 2026-09-03T19:30:46
[COLETOR] Ticks:      15 | 1.16261 @ 2026-09-03T19:30:47
[BOT] 1.1626 | Aguardando fechamento da vela... (candles ok: 99)
[BOT] 1.1626 | Aguardando fechamento da vela... (candles ok: 99)
[COLETOR] Ticks:      16 | 1.16261 @ 2026-09-03T19:30:48
[BOT] 1.1626 | Aguardando fechamento da vela... (candles ok: 99)
[COLETOR] Ticks:      17 | 1.16261 @ 2026-09-03T19:30:49
[BOT] 1.1626 | Aguardando fechamento da vela... (candles ok: 99)
[COLETOR] Ticks:      18 | 1.1626 @ 2026-09-03T19:30:50
[COLETOR] Ticks:      19 | 1.16261 @ 2026-09-03T19:30:51
[BOT] 1.1626 | Aguardando fechamento da vela... (candles ok: 99)
[BOT] 1.1626 | Aguardando fechamento da vela... (candles ok: 99)
[COLETOR] Ticks:      20 | 1.16261 @ 2026-09-03T19:30:52
[BOT] 1.1626 | Aguardando fechamento da vela... (candles ok: 99)
[COLETOR] Ticks:      21 | 1.16261 @ 2026-09-03T19:30:53
[COLETOR] Ticks:      22 | 1.1626 @ 2026-09-03T19:30:54
[BOT] 1.1626 | Aguardando fechamento da vela... (candles ok: 99)
[COLETOR] Ticks:      23 | 1.1626 @ 2026-09-03T19:30:55
[BOT] 1.1626 | Aguardando fechamento da vela... (candles ok: 99)
[BOT] 1.1626 | Aguardando fechamento da vela... (candles ok: 99)
[COLETOR] Ticks:      24 | 1.16261 @ 2026-09-03T19:30:56
[BOT] 1.1626 | Aguardando fechamento da vela... (candles ok: 99)
[COLETOR] Ticks:      25 | 1.16261 @ 2026-09-03T19:30:57
[COLETOR] Ticks:      26 | 1.16261 @ 2026-09-03T19:30:58
[BOT] 1.1626 | Aguardando fechamento da vela... (candles ok: 99)
[BOT] 1.1626 | Aguardando fechamento da vela... (candles ok: 99)
[COLETOR] Ticks:      27 | 1.16261 @ 2026-09-03T19:30:59
[TICK] 1.1626 | EMA9:1.1626 EMA21:1.1626 | RSI:52.1 ADX:15.6 MACD_H:-0.00000 [LATERAL]
[COLETOR] Ticks:      28 | 1.16261 @ 2026-09-03T19:31:00
[COLETOR] Ticks:      29 | 1.16261 @ 2026-09-03T19:31:01
[BOT] 1.1626 | Aguardando fechamento da vela... (candles ok: 100)
[BOT] 1.1626 | Aguardando fechamento da vela... (candles ok: 100)
[COLETOR] Ticks:      30 | 1.16261 @ 2026-09-03T19:31:02
[BOT] 1.1626 | Aguardando fechamento da vela... (candles ok: 100)
[COLETOR] Ticks:      31 | 1.16261 @ 2026-09-03T19:31:03
[COLETOR] Ticks:      32 | 1.16261 @ 2026-09-03T19:31:04
[BOT] 1.1626 | Aguardando fechamento da vela... (candles ok: 100)
[COLETOR] Ticks:      33 | 1.16261 @ 2026-09-03T19:31:05
[BOT] 1.1626 | Aguardando fechamento da vela... (candles ok: 100)
[BOT] 1.1626 | Aguardando fechamento da vela... (candles ok: 100)
[COLETOR] Ticks:      34 | 1.1626 @ 2026-09-03T19:31:06
[BOT] 1.1626 | Aguardando fechamento da vela... (candles ok: 100)
[COLETOR] Ticks:      35 | 1.16261 @ 2026-09-03T19:31:07
[COLETOR] Ticks:      36 | 1.16261 @ 2026-09-03T19:31:08
[BOT] 1.1626 | Aguardando fechamento da vela... (candles ok: 100)
[BOT] 1.1626 | Aguardando fechamento da vela... (candles ok: 100)
[COLETOR] Ticks:      37 | 1.16261 @ 2026-09-03T19:31:09
[BOT] 1.1626 | Aguardando fechamento da vela... (candles ok: 100)
[COLETOR] Ticks:      38 | 1.1626 @ 2026-09-03T19:31:10
[BOT] 1.1626 | Aguardando fechamento da vela... (candles ok: 100)
[COLETOR] Ticks:      39 | 1.1626 @ 2026-09-03T19:31:11
[COLETOR] Ticks:      40 | 1.16261 @ 2026-09-03T19:31:12
[BOT] 1.1626 | Aguardando fechamento da vela... (candles ok: 100)
[BOT] 1.1626 | Aguardando fechamento da vela... (candles ok: 100)
[COLETOR] Ticks:      41 | 1.1626 @ 2026-09-03T19:31:13
[COLETOR] Ticks:      42 | 1.1626 @ 2026-09-03T19:31:14
[BOT] 1.1626 | Aguardando fechamento da vela... (candles ok: 100)
[COLETOR] Ticks:      43 | 1.1626 @ 2026-09-03T19:31:15
[BOT] 1.1626 | Aguardando fechamento da vela... (candles ok: 100)
[BOT] 1.1626 | Aguardando fechamento da vela... (candles ok: 100)
[COLETOR] Ticks:      44 | 1.1626 @ 2026-09-03T19:31:16
[BOT] 1.1626 | Aguardando fechamento da vela... (candles ok: 100)
[COLETOR] Ticks:      45 | 1.1626 @ 2026-09-03T19:31:17
[BOT] 1.1626 | Aguardando fechamento da vela... (candles ok: 100)
[COLETOR] Ticks:      46 | 1.1626 @ 2026-09-03T19:31:18
[BOT] 1.1626 | Aguardando fechamento da vela... (candles ok: 100)
[COLETOR] Ticks:      47 | 1.1626 @ 2026-09-03T19:31:19
[BOT] 1.1626 | Aguardando fechamento da vela... (candles ok: 100)
[COLETOR] Ticks:      48 | 1.16261 @ 2026-09-03T19:31:20
[BOT] 1.1626 | Aguardando fechamento da vela... (candles ok: 100)
[COLETOR] Ticks:      49 | 1.16261 @ 2026-09-03T19:31:21
[BOT] 1.1626 | Aguardando fechamento da vela... (candles ok: 100)
[COLETOR] Ticks:      50 | 1.16261 @ 2026-09-03T19:31:22
[COLETOR] Ticks:      51 | 1.16261 @ 2026-09-03T19:31:23
[BOT] 1.1626 | Aguardando fechamento da vela... (candles ok: 100)
[COLETOR] Ticks:      52 | 1.16261 @ 2026-09-03T19:31:24
[BOT] 1.1626 | Aguardando fechamento da vela... (candles ok: 100)
[BOT] 1.1626 | Aguardando fechamento da vela... (candles ok: 100)
[COLETOR] Ticks:      53 | 1.1626 @ 2026-09-03T19:31:25
[BOT] 1.1626 | Aguardando fechamento da vela... (candles ok: 100)
[COLETOR] Ticks:      54 | 1.16261 @ 2026-09-03T19:31:26
[BOT] 1.1626 | Aguardando fechamento da vela... (candles ok: 100)
[COLETOR] Ticks:      55 | 1.1626 @ 2026-09-03T19:31:27
[BOT] 1.1626 | Aguardando fechamento da vela... (candles ok: 100)
[COLETOR] Ticks:      56 | 1.1626 @ 2026-09-03T19:31:28
[BOT] 1.1626 | Aguardando fechamento da vela... (candles ok: 100)
[COLETOR] Ticks:      57 | 1.16261 @ 2026-09-03T19:31:29
[COLETOR] Ticks:      58 | 1.16261 @ 2026-09-03T19:31:30
[BOT] 1.1626 | Aguardando fechamento da vela... (candles ok: 100)
[BOT] 1.1626 | Aguardando fechamento da vela... (candles ok: 100)
[COLETOR] Ticks:      59 | 1.1626 @ 2026-09-03T19:31:31
[BOT] 1.1626 | Aguardando fechamento da vela... (candles ok: 100)
[COLETOR] Ticks:      60 | 1.1626 @ 2026-09-03T19:31:32
[BOT] 1.1626 | Aguardando fechamento da vela... (candles ok: 100)
[COLETOR] Ticks:      61 | 1.1626 @ 2026-09-03T19:31:33
[BOT] 1.1626 | Aguardando fechamento da vela... (candles ok: 100)
[COLETOR] Ticks:      62 | 1.1626 @ 2026-09-03T19:31:34
[COLETOR] Ticks:      63 | 1.1626 @ 2026-09-03T19:31:35
[BOT] 1.1626 | Aguardando fechamento da vela... (candles ok: 100)
[COLETOR] Ticks:      64 | 1.1626 @ 2026-09-03T19:31:36
[BOT] 1.1626 | Aguardando fechamento da vela... (candles ok: 100)
[BOT] 1.1626 | Aguardando fechamento da vela... (candles ok: 100)
[COLETOR] Ticks:      65 | 1.1626 @ 2026-09-03T19:31:37
[BOT] 1.1626 | Aguardando fechamento da vela... (candles ok: 100)
[COLETOR] Ticks:      66 | 1.1626 @ 2026-09-03T19:31:38
[COLETOR] Ticks:      67 | 1.1626 @ 2026-09-03T19:31:39
[BOT] 1.1626 | Aguardando fechamento da vela... (candles ok: 100)
[BOT] 1.1626 | Aguardando fechamento da vela... (candles ok: 100)
[COLETOR] Ticks:      68 | 1.1626 @ 2026-09-03T19:31:40
[BOT] 1.1626 | Aguardando fechamento da vela... (candles ok: 100)
[COLETOR] Ticks:      69 | 1.1626 @ 2026-09-03T19:31:41
[COLETOR] Ticks:      70 | 1.1626 @ 2026-09-03T19:31:42
[BOT] 1.1626 | Aguardando fechamento da vela... (candles ok: 100)
[BOT] 1.1626 | Aguardando fechamento da vela... (candles ok: 100)
[COLETOR] Ticks:      71 | 1.1626 @ 2026-09-03T19:31:43
[BOT] 1.1626 | Aguardando fechamento da vela... (candles ok: 100)
[COLETOR] Ticks:      72 | 1.1626 @ 2026-09-03T19:31:44
[COLETOR] Ticks:      73 | 1.1626 @ 2026-09-03T19:31:45
[BOT] 1.1626 | Aguardando fechamento da vela... (candles ok: 100)
[BOT] 1.1626 | Aguardando fechamento da vela... (candles ok: 100)
[COLETOR] Ticks:      74 | 1.16261 @ 2026-09-03T19:31:46
[COLETOR] Ticks:      75 | 1.16261 @ 2026-09-03T19:31:47
[BOT] 1.1626 | Aguardando fechamento da vela... (candles ok: 100)
[BOT] 1.1626 | Aguardando fechamento da vela... (candles ok: 100)
[COLETOR] Ticks:      76 | 1.1626 @ 2026-09-03T19:31:48
[BOT] 1.1626 | Aguardando fechamento da vela... (candles ok: 100)
[COLETOR] Ticks:      77 | 1.16261 @ 2026-09-03T19:31:49
[BOT] 1.1626 | Aguardando fechamento da vela... (candles ok: 100)
[COLETOR] Ticks:      78 | 1.16261 @ 2026-09-03T19:31:50
[COLETOR] Ticks:      79 | 1.1626 @ 2026-09-03T19:31:51
[BOT] 1.1626 | Aguardando fechamento da vela... (candles ok: 100)
[BOT] 1.1626 | Aguardando fechamento da vela... (candles ok: 100)
[COLETOR] Ticks:      80 | 1.1626 @ 2026-09-03T19:31:52
[COLETOR] Ticks:      81 | 1.16261 @ 2026-09-03T19:31:53
[BOT] 1.1626 | Aguardando fechamento da vela... (candles ok: 100)
[BOT] 1.1626 | Aguardando fechamento da vela... (candles ok: 100)
[COLETOR] Ticks:      82 | 1.1626 @ 2026-09-03T19:31:54
[COLETOR] Ticks:      83 | 1.1626 @ 2026-09-03T19:31:55
[BOT] 1.1626 | Aguardando fechamento da vela... (candles ok: 100)
[BOT] 1.1626 | Aguardando fechamento da vela... (candles ok: 100)
[COLETOR] Ticks:      84 | 1.1626 @ 2026-09-03T19:31:56
[COLETOR] Ticks:      85 | 1.16261 @ 2026-09-03T19:31:57
[BOT] 1.1626 | Aguardando fechamento da vela... (candles ok: 100)
[COLETOR] Ticks:      86 | 1.16261 @ 2026-09-03T19:31:58
[BOT] 1.1626 | Aguardando fechamento da vela... (candles ok: 100)
[BOT] 1.1626 | Aguardando fechamento da vela... (candles ok: 100)
[COLETOR] Ticks:      87 | 1.16261 @ 2026-09-03T19:31:59
[TICK] 1.1626 | EMA9:1.1626 EMA21:1.1626 | RSI:52.1 ADX:14.5 MACD_H:-0.00000 [LATERAL]
[COLETOR] Ticks:      88 | 1.16261 @ 2026-09-03T19:32:00
[BOT] 1.1626 | Aguardando fechamento da vela... (candles ok: 101)
[COLETOR] Ticks:      89 | 1.16261 @ 2026-09-03T19:32:01
[BOT] 1.1626 | Aguardando fechamento da vela... (candles ok: 101)
[COLETOR] Ticks:      90 | 1.16261 @ 2026-09-03T19:32:02
[BOT] 1.1626 | Aguardando fechamento da vela... (candles ok: 101)
[COLETOR] Ticks:      91 | 1.16261 @ 2026-09-03T19:32:03
[BOT] 1.1626 | Aguardando fechamento da vela... (candles ok: 101)
[COLETOR] Ticks:      92 | 1.16261 @ 2026-09-03T19:32:04
[COLETOR] Ticks:      93 | 1.16261 @ 2026-09-03T19:32:05
[BOT] 1.1626 | Aguardando fechamento da vela... (candles ok: 101)
[BOT] 1.1626 | Aguardando fechamento da vela... (candles ok: 101)
[COLETOR] Ticks:      94 | 1.1626 @ 2026-09-03T19:32:06
[COLETOR] Ticks:      95 | 1.16261 @ 2026-09-03T19:32:07
[BOT] 1.1626 | Aguardando fechamento da vela... (candles ok: 101)
[BOT] 1.1626 | Aguardando fechamento da vela... (candles ok: 101)
[COLETOR] Ticks:      96 | 1.1626 @ 2026-09-03T19:32:08
[BOT] 1.1626 | Aguardando fechamento da vela... (candles ok: 101)
[COLETOR] Ticks:      97 | 1.16261 @ 2026-09-03T19:32:09
[BOT] 1.1626 | Aguardando fechamento da vela... (candles ok: 101)
[COLETOR] Ticks:      98 | 1.16261 @ 2026-09-03T19:32:10
[BOT] 1.1626 | Aguardando fechamento da vela... (candles ok: 101)
[COLETOR] Ticks:      99 | 1.16261 @ 2026-09-03T19:32:11
[COLETOR] Ticks:     100 | 1.16261 @ 2026-09-03T19:32:12
[BOT] 1.1626 | Aguardando fechamento da vela... (candles ok: 101)
[BOT] 1.1626 | Aguardando fechamento da vela... (candles ok: 101)
[COLETOR] Ticks:     101 | 1.1626 @ 2026-09-03T19:32:13
[BOT] 1.1626 | Aguardando fechamento da vela... (candles ok: 101)
[COLETOR] Ticks:     102 | 1.1626 @ 2026-09-03T19:32:14
[COLETOR] Ticks:     103 | 1.1626 @ 2026-09-03T19:32:15
[BOT] 1.1626 | Aguardando fechamento da vela... (candles ok: 101)
[BOT] 1.1626 | Aguardando fechamento da vela... (candles ok: 101)
[COLETOR] Ticks:     104 | 1.1626 @ 2026-09-03T19:32:16
[COLETOR] Ticks:     105 | 1.16259 @ 2026-09-03T19:32:17
[BOT] 1.1626 | Aguardando fechamento da vela... (candles ok: 101)
[BOT] 1.1626 | Aguardando fechamento da vela... (candles ok: 101)
[COLETOR] Ticks:     106 | 1.16261 @ 2026-09-03T19:32:18
[BOT] 1.1626 | Aguardando fechamento da vela... (candles ok: 101)
[COLETOR] Ticks:     107 | 1.16261 @ 2026-09-03T19:32:19
[BOT] 1.1626 | Aguardando fechamento da vela... (candles ok: 101)
[COLETOR] Ticks:     108 | 1.1626 @ 2026-09-03T19:32:20
[BOT] 1.1626 | Aguardando fechamento da vela... (candles ok: 101)
[COLETOR] Ticks:     109 | 1.1626 @ 2026-09-03T19:32:21
[BOT] 1.1626 | Aguardando fechamento da vela... (candles ok: 101)
[COLETOR] Ticks:     110 | 1.1626 @ 2026-09-03T19:32:22
[COLETOR] Ticks:     111 | 1.16259 @ 2026-09-03T19:32:23
[BOT] 1.1626 | Aguardando fechamento da vela... (candles ok: 101)
[BOT] 1.1626 | Aguardando fechamento da vela... (candles ok: 101)
[COLETOR] Ticks:     112 | 1.1626 @ 2026-09-03T19:32:24
[BOT] 1.1626 | Aguardando fechamento da vela... (candles ok: 101)
[COLETOR] Ticks:     113 | 1.16259 @ 2026-09-03T19:32:25
[BOT] 1.1626 | Aguardando fechamento da vela... (candles ok: 101)
[COLETOR] Ticks:     114 | 1.1626 @ 2026-09-03T19:32:26
[COLETOR] Ticks:     115 | 1.1626 @ 2026-09-03T19:32:27
[BOT] 1.1626 | Aguardando fechamento da vela... (candles ok: 101)
[COLETOR] Ticks:     116 | 1.1626 @ 2026-09-03T19:32:28
[BOT] 1.1626 | Aguardando fechamento da vela... (candles ok: 101)
[COLETOR] Ticks:     117 | 1.1626 @ 2026-09-03T19:32:29
[BOT] 1.1626 | Aguardando fechamento da vela... (candles ok: 101)
[COLETOR] Ticks:     118 | 1.1626 @ 2026-09-03T19:32:30
[BOT] 1.1626 | Aguardando fechamento da vela... (candles ok: 101)
[BOT] 1.1626 | Aguardando fechamento da vela... (candles ok: 101)
[COLETOR] Ticks:     119 | 1.1626 @ 2026-09-03T19:32:31
[BOT] 1.1626 | Aguardando fechamento da vela... (candles ok: 101)
[COLETOR] Ticks:     120 | 1.1626 @ 2026-09-03T19:32:32
[BOT] 1.1626 | Aguardando fechamento da vela... (candles ok: 101)
[COLETOR] Ticks:     121 | 1.1626 @ 2026-09-03T19:32:33
[COLETOR] Ticks:     122 | 1.16261 @ 2026-09-03T19:32:34
[BOT] 1.1626 | Aguardando fechamento da vela... (candles ok: 101)
[BOT] 1.1626 | Aguardando fechamento da vela... (candles ok: 101)
[COLETOR] Ticks:     123 | 1.1626 @ 2026-09-03T19:32:35
[BOT] 1.1626 | Aguardando fechamento da vela... (candles ok: 101)
[COLETOR] Ticks:     124 | 1.16261 @ 2026-09-03T19:32:36
[BOT] 1.1626 | Aguardando fechamento da vela... (candles ok: 101)
[COLETOR] Ticks:     125 | 1.16261 @ 2026-09-03T19:32:37
[BOT] 1.1626 | Aguardando fechamento da vela... (candles ok: 101)
[COLETOR] Ticks:     126 | 1.16261 @ 2026-09-03T19:32:38
[COLETOR] Ticks:     127 | 1.16261 @ 2026-09-03T19:32:39
[BOT] 1.1626 | Aguardando fechamento da vela... (candles ok: 101)
[BOT] 1.1626 | Aguardando fechamento da vela... (candles ok: 101)
[COLETOR] Ticks:     128 | 1.16261 @ 2026-09-03T19:32:40
[BOT] 1.1626 | Aguardando fechamento da vela... (candles ok: 101)
[COLETOR] Ticks:     129 | 1.16261 @ 2026-09-03T19:32:41
[COLETOR] Ticks:     130 | 1.16261 @ 2026-09-03T19:32:42
[BOT] 1.1626 | Aguardando fechamento da vela... (candles ok: 101)
[COLETOR] Ticks:     131 | 1.16261 @ 2026-09-03T19:32:43
[BOT] 1.1626 | Aguardando fechamento da vela... (candles ok: 101)
[BOT] 1.1626 | Aguardando fechamento da vela... (candles ok: 101)
[COLETOR] Ticks:     132 | 1.16261 @ 2026-09-03T19:32:44
[BOT] 1.1626 | Aguardando fechamento da vela... (candles ok: 101)
[COLETOR] Ticks:     133 | 1.16261 @ 2026-09-03T19:32:45
[BOT] 1.1626 | Aguardando fechamento da vela... (candles ok: 101)
[COLETOR] Ticks:     134 | 1.16261 @ 2026-09-03T19:32:46
[BOT] 1.1626 | Aguardando fechamento da vela... (candles ok: 101)
[COLETOR] Ticks:     135 | 1.16261 @ 2026-09-03T19:32:47
[BOT] 1.1626 | Aguardando fechamento da vela... (candles ok: 101)
[COLETOR] Ticks:     136 | 1.16261 @ 2026-09-03T19:32:48
[COLETOR] Ticks:     137 | 1.16261 @ 2026-09-03T19:32:49
[BOT] 1.1626 | Aguardando fechamento da vela... (candles ok: 101)
[BOT] 1.1626 | Aguardando fechamento da vela... (candles ok: 101)
[COLETOR] Ticks:     138 | 1.16261 @ 2026-09-03T19:32:50
[BOT] 1.1626 | Aguardando fechamento da vela... (candles ok: 101)
[COLETOR] Ticks:     139 | 1.1626 @ 2026-09-03T19:32:51
[BOT] 1.1626 | Aguardando fechamento da vela... (candles ok: 101)
[COLETOR] Ticks:     140 | 1.1626 @ 2026-09-03T19:32:52
[COLETOR] Ticks:     141 | 1.16261 @ 2026-09-03T19:32:53
[BOT] 1.1626 | Aguardando fechamento da vela... (candles ok: 101)
[BOT] 1.1626 | Aguardando fechamento da vela... (candles ok: 101)
[COLETOR] Ticks:     142 | 1.16261 @ 2026-09-03T19:32:54
[COLETOR] Ticks:     143 | 1.16261 @ 2026-09-03T19:32:55
[BOT] 1.1626 | Aguardando fechamento da vela... (candles ok: 101)
[BOT] 1.1626 | Aguardando fechamento da vela... (candles ok: 101)
[COLETOR] Ticks:     144 | 1.16261 @ 2026-09-03T19:32:56
[COLETOR] Ticks:     145 | 1.16261 @ 2026-09-03T19:32:57
[BOT] 1.1626 | Aguardando fechamento da vela... (candles ok: 101)
[BOT] 1.1626 | Aguardando fechamento da vela... (candles ok: 101)
[COLETOR] Ticks:     146 | 1.1626 @ 2026-09-03T19:32:58
[BOT] 1.1626 | Aguardando fechamento da vela... (candles ok: 101)
[COLETOR] Ticks:     147 | 1.16261 @ 2026-09-03T19:32:59
[COLETOR] Ticks:     148 | 1.16261 @ 2026-09-03T19:33:00
[TICK] 1.1626 | EMA9:1.1626 EMA21:1.1626 | RSI:52.1 ADX:13.5 MACD_H:-0.00000 [LATERAL]
[BOT] 1.1626 | Aguardando fechamento da vela... (candles ok: 102)
[COLETOR] Ticks:     149 | 1.16265 @ 2026-09-03T19:33:01
[BOT] 1.1626 | Aguardando fechamento da vela... (candles ok: 102)
[COLETOR] Ticks:     150 | 1.16265 @ 2026-09-03T19:33:02
[COLETOR] Ticks:     151 | 1.16266 @ 2026-09-03T19:33:03
[BOT] 1.1627 | Aguardando fechamento da vela... (candles ok: 102)
[BOT] 1.1626 | Aguardando fechamento da vela... (candles ok: 102)
[COLETOR] Ticks:     152 | 1.16265 @ 2026-09-03T19:33:04
[COLETOR] Ticks:     153 | 1.16265 @ 2026-09-03T19:33:05
[BOT] 1.1626 | Aguardando fechamento da vela... (candles ok: 102)
[BOT] 1.1626 | Aguardando fechamento da vela... (candles ok: 102)
[COLETOR] Ticks:     154 | 1.16265 @ 2026-09-03T19:33:06
[BOT] 1.1626 | Aguardando fechamento da vela... (candles ok: 102)
[COLETOR] Ticks:     155 | 1.16265 @ 2026-09-03T19:33:07
[BOT] 1.1627 | Aguardando fechamento da vela... (candles ok: 102)
[COLETOR] Ticks:     156 | 1.16266 @ 2026-09-03T19:33:08
[BOT] 1.1627 | Aguardando fechamento da vela... (candles ok: 102)
[COLETOR] Ticks:     157 | 1.16266 @ 2026-09-03T19:33:09
[BOT] 1.1627 | Aguardando fechamento da vela... (candles ok: 102)
[COLETOR] Ticks:     158 | 1.16266 @ 2026-09-03T19:33:10
[COLETOR] Ticks:     159 | 1.16265 @ 2026-09-03T19:33:11
[BOT] 1.1626 | Aguardando fechamento da vela... (candles ok: 102)
[COLETOR] Ticks:     160 | 1.16266 @ 2026-09-03T19:33:12
[BOT] 1.1627 | Aguardando fechamento da vela... (candles ok: 102)
[COLETOR] Ticks:     161 | 1.16265 @ 2026-09-03T19:33:13
[BOT] 1.1626 | Aguardando fechamento da vela... (candles ok: 102)
[BOT] 1.1626 | Aguardando fechamento da vela... (candles ok: 102)
[COLETOR] Ticks:     162 | 1.16265 @ 2026-09-03T19:33:14
[COLETOR] Ticks:     163 | 1.16266 @ 2026-09-03T19:33:15
[BOT] 1.1627 | Aguardando fechamento da vela... (candles ok: 102)
[BOT] 1.1626 | Aguardando fechamento da vela... (candles ok: 102)
[COLETOR] Ticks:     164 | 1.16265 @ 2026-09-03T19:33:16
[BOT] 1.1626 | Aguardando fechamento da vela... (candles ok: 102)
[COLETOR] Ticks:     165 | 1.16265 @ 2026-09-03T19:33:17
[COLETOR] Ticks:     166 | 1.16265 @ 2026-09-03T19:33:18
[BOT] 1.1626 | Aguardando fechamento da vela... (candles ok: 102)
[BOT] 1.1626 | Aguardando fechamento da vela... (candles ok: 102)
[COLETOR] Ticks:     167 | 1.16265 @ 2026-09-03T19:33:19
[COLETOR] Ticks:     168 | 1.16265 @ 2026-09-03T19:33:20
[BOT] 1.1626 | Aguardando fechamento da vela... (candles ok: 102)
[BOT] 1.1626 | Aguardando fechamento da vela... (candles ok: 102)
[COLETOR] Ticks:     169 | 1.16265 @ 2026-09-03T19:33:21
[COLETOR] Ticks:     170 | 1.16266 @ 2026-09-03T19:33:22
[BOT] 1.1627 | Aguardando fechamento da vela... (candles ok: 102)
[BOT] 1.1626 | Aguardando fechamento da vela... (candles ok: 102)
[COLETOR] Ticks:     171 | 1.16265 @ 2026-09-03T19:33:23
[BOT] 1.1626 | Aguardando fechamento da vela... (candles ok: 102)
[COLETOR] Ticks:     172 | 1.16265 @ 2026-09-03T19:33:24
[COLETOR] Ticks:     173 | 1.16265 @ 2026-09-03T19:33:25
[BOT] 1.1626 | Aguardando fechamento da vela... (candles ok: 102)
[BOT] 1.1626 | Aguardando fechamento da vela... (candles ok: 102)
[COLETOR] Ticks:     174 | 1.16265 @ 2026-09-03T19:33:26
[COLETOR] Ticks:     175 | 1.16265 @ 2026-09-03T19:33:27
[BOT] 1.1626 | Aguardando fechamento da vela... (candles ok: 102)
[BOT] 1.1626 | Aguardando fechamento da vela... (candles ok: 102)
[COLETOR] Ticks:     176 | 1.16265 @ 2026-09-03T19:33:28
[COLETOR] Ticks:     177 | 1.16265 @ 2026-09-03T19:33:29
[BOT] 1.1626 | Aguardando fechamento da vela... (candles ok: 102)
[BOT] 1.1626 | Aguardando fechamento da vela... (candles ok: 102)
[COLETOR] Ticks:     178 | 1.16265 @ 2026-09-03T19:33:30
[BOT] 1.1627 | Aguardando fechamento da vela... (candles ok: 102)
[COLETOR] Ticks:     179 | 1.16266 @ 2026-09-03T19:33:31
[BOT] 1.1626 | Aguardando fechamento da vela... (candles ok: 102)
[COLETOR] Ticks:     180 | 1.16265 @ 2026-09-03T19:33:32
[COLETOR] Ticks:     181 | 1.16265 @ 2026-09-03T19:33:33
[BOT] 1.1626 | Aguardando fechamento da vela... (candles ok: 102)
[BOT] 1.1626 | Aguardando fechamento da vela... (candles ok: 102)
[COLETOR] Ticks:     182 | 1.16265 @ 2026-09-03T19:33:34
[BOT] 1.1626 | Aguardando fechamento da vela... (candles ok: 102)
[COLETOR] Ticks:     183 | 1.16265 @ 2026-09-03T19:33:35
[BOT] 1.1626 | Aguardando fechamento da vela... (candles ok: 102)
[COLETOR] Ticks:     184 | 1.16265 @ 2026-09-03T19:33:36
[BOT] 1.1626 | Aguardando fechamento da vela... (candles ok: 102)
[COLETOR] Ticks:     185 | 1.16265 @ 2026-09-03T19:33:37
[BOT] 1.1626 | Aguardando fechamento da vela... (candles ok: 102)
[COLETOR] Ticks:     186 | 1.16265 @ 2026-09-03T19:33:38
[BOT] 1.1626 | Aguardando fechamento da vela... (candles ok: 102)
[COLETOR] Ticks:     187 | 1.16265 @ 2026-09-03T19:33:39
[BOT] 1.1626 | Aguardando fechamento da vela... (candles ok: 102)
[COLETOR] Ticks:     188 | 1.16265 @ 2026-09-03T19:33:40
[BOT] 1.1626 | Aguardando fechamento da vela... (candles ok: 102)
[COLETOR] Ticks:     189 | 1.16265 @ 2026-09-03T19:33:41
[COLETOR] Ticks:     190 | 1.16263 @ 2026-09-03T19:33:42
[BOT] 1.1626 | Aguardando fechamento da vela... (candles ok: 102)
[BOT] 1.1626 | Aguardando fechamento da vela... (candles ok: 102)
[COLETOR] Ticks:     191 | 1.16263 @ 2026-09-03T19:33:43
[BOT] 1.1626 | Aguardando fechamento da vela... (candles ok: 102)
[COLETOR] Ticks:     192 | 1.16263 @ 2026-09-03T19:33:44
[COLETOR] Ticks:     193 | 1.16263 @ 2026-09-03T19:33:45
[BOT] 1.1626 | Aguardando fechamento da vela... (candles ok: 102)
[BOT] 1.1626 | Aguardando fechamento da vela... (candles ok: 102)
[COLETOR] Ticks:     194 | 1.16262 @ 2026-09-03T19:33:46
[BOT] 1.1626 | Aguardando fechamento da vela... (candles ok: 102)
[COLETOR] Ticks:     195 | 1.16263 @ 2026-09-03T19:33:47
[BOT] 1.1626 | Aguardando fechamento da vela... (candles ok: 102)
[COLETOR] Ticks:     196 | 1.16263 @ 2026-09-03T19:33:48
[BOT] 1.1626 | Aguardando fechamento da vela... (candles ok: 102)
[COLETOR] Ticks:     197 | 1.16263 @ 2026-09-03T19:33:49
[BOT] 1.1626 | Aguardando fechamento da vela... (candles ok: 102)
[COLETOR] Ticks:     198 | 1.16263 @ 2026-09-03T19:33:50
[BOT] 1.1626 | Aguardando fechamento da vela... (candles ok: 102)
[COLETOR] Ticks:     199 | 1.16263 @ 2026-09-03T19:33:51
[BOT] 1.1626 | Aguardando fechamento da vela... (candles ok: 102)
[COLETOR] Ticks:     200 | 1.16262 @ 2026-09-03T19:33:52
[BOT] 1.1626 | Aguardando fechamento da vela... (candles ok: 102)
[COLETOR] Ticks:     201 | 1.16263 @ 2026-09-03T19:33:53
[BOT] 1.1626 | Aguardando fechamento da vela... (candles ok: 102)
[COLETOR] Ticks:     202 | 1.16263 @ 2026-09-03T19:33:54
[BOT] 1.1626 | Aguardando fechamento da vela... (candles ok: 102)
[COLETOR] Ticks:     203 | 1.16263 @ 2026-09-03T19:33:55
[BOT] 1.1626 | Aguardando fechamento da vela... (candles ok: 102)
[COLETOR] Ticks:     204 | 1.16263 @ 2026-09-03T19:33:56
[BOT] 1.1626 | Aguardando fechamento da vela... (candles ok: 102)
[COLETOR] Ticks:     205 | 1.16263 @ 2026-09-03T19:33:57
[BOT] 1.1626 | Aguardando fechamento da vela... (candles ok: 102)
[COLETOR] Ticks:     206 | 1.16263 @ 2026-09-03T19:33:58
[COLETOR] Ticks:     207 | 1.16263 @ 2026-09-03T19:33:59
[BOT] 1.1626 | Aguardando fechamento da vela... (candles ok: 102)
[COLETOR] Ticks:     208 | 1.16263 @ 2026-09-03T19:34:00
[TICK] 1.1626 | EMA9:1.1626 EMA21:1.1626 | RSI:56.9 ADX:13.5 MACD_H:+0.00000 [LATERAL]
[COLETOR] Ticks:     209 | 1.16263 @ 2026-09-03T19:34:01
[BOT] 1.1626 | Aguardando fechamento da vela... (candles ok: 103)
[BOT] 1.1626 | Aguardando fechamento da vela... (candles ok: 103)
[COLETOR] Ticks:     210 | 1.16261 @ 2026-09-03T19:34:02
[BOT] 1.1626 | Aguardando fechamento da vela... (candles ok: 103)
[COLETOR] Ticks:     211 | 1.16263 @ 2026-09-03T19:34:03
[BOT] 1.1626 | Aguardando fechamento da vela... (candles ok: 103)
[COLETOR] Ticks:     212 | 1.16262 @ 2026-09-03T19:34:04
[COLETOR] Ticks:     213 | 1.16263 @ 2026-09-03T19:34:05
[BOT] 1.1626 | Aguardando fechamento da vela... (candles ok: 103)
[BOT] 1.1626 | Aguardando fechamento da vela... (candles ok: 103)
[COLETOR] Ticks:     214 | 1.16263 @ 2026-09-03T19:34:06
[BOT] 1.1626 | Aguardando fechamento da vela... (candles ok: 103)
[COLETOR] Ticks:     215 | 1.16263 @ 2026-09-03T19:34:07
[BOT] 1.1626 | Aguardando fechamento da vela... (candles ok: 103)
[COLETOR] Ticks:     216 | 1.16262 @ 2026-09-03T19:34:08
[BOT] 1.1626 | Aguardando fechamento da vela... (candles ok: 103)
[COLETOR] Ticks:     217 | 1.16262 @ 2026-09-03T19:34:09
[BOT] 1.1626 | Aguardando fechamento da vela... (candles ok: 103)
[COLETOR] Ticks:     218 | 1.16263 @ 2026-09-03T19:34:10
[COLETOR] Ticks:     219 | 1.16263 @ 2026-09-03T19:34:11
[BOT] 1.1626 | Aguardando fechamento da vela... (candles ok: 103)
[COLETOR] Ticks:     220 | 1.16263 @ 2026-09-03T19:34:12
[BOT] 1.1626 | Aguardando fechamento da vela... (candles ok: 103)
[BOT] 1.1626 | Aguardando fechamento da vela... (candles ok: 103)
[COLETOR] Ticks:     221 | 1.16263 @ 2026-09-03T19:34:13
[COLETOR] Ticks:     222 | 1.16263 @ 2026-09-03T19:34:14
[BOT] 1.1626 | Aguardando fechamento da vela... (candles ok: 103)
[BOT] 1.1626 | Aguardando fechamento da vela... (candles ok: 103)
[COLETOR] Ticks:     223 | 1.16263 @ 2026-09-03T19:34:15
[BOT] 1.1626 | Aguardando fechamento da vela... (candles ok: 103)
[COLETOR] Ticks:     224 | 1.16263 @ 2026-09-03T19:34:16
[COLETOR] Ticks:     225 | 1.16262 @ 2026-09-03T19:34:17
[BOT] 1.1626 | Aguardando fechamento da vela... (candles ok: 103)
[BOT] 1.1626 | Aguardando fechamento da vela... (candles ok: 103)
[COLETOR] Ticks:     226 | 1.16263 @ 2026-09-03T19:34:18
[BOT] 1.1626 | Aguardando fechamento da vela... (candles ok: 103)
[COLETOR] Ticks:     227 | 1.16263 @ 2026-09-03T19:34:19
[BOT] 1.1626 | Aguardando fechamento da vela... (candles ok: 103)
[COLETOR] Ticks:     228 | 1.16263 @ 2026-09-03T19:34:20
[COLETOR] Ticks:     229 | 1.16263 @ 2026-09-03T19:34:21
[BOT] 1.1626 | Aguardando fechamento da vela... (candles ok: 103)
[BOT] 1.1626 | Aguardando fechamento da vela... (candles ok: 103)
[COLETOR] Ticks:     230 | 1.16263 @ 2026-09-03T19:34:22
[COLETOR] Ticks:     231 | 1.16263 @ 2026-09-03T19:34:23
[BOT] 1.1626 | Aguardando fechamento da vela... (candles ok: 103)
[BOT] 1.1626 | Aguardando fechamento da vela... (candles ok: 103)
[COLETOR] Ticks:     232 | 1.16263 @ 2026-09-03T19:34:24
[BOT] 1.1626 | Aguardando fechamento da vela... (candles ok: 103)
[COLETOR] Ticks:     233 | 1.16263 @ 2026-09-03T19:34:25
[BOT] 1.1626 | Aguardando fechamento da vela... (candles ok: 103)
[COLETOR] Ticks:     234 | 1.16263 @ 2026-09-03T19:34:26
[BOT] 1.1626 | Aguardando fechamento da vela... (candles ok: 103)
[COLETOR] Ticks:     235 | 1.16263 @ 2026-09-03T19:34:27
[BOT] 1.1626 | Aguardando fechamento da vela... (candles ok: 103)
[COLETOR] Ticks:     236 | 1.16263 @ 2026-09-03T19:34:28
[COLETOR] Ticks:     237 | 1.16263 @ 2026-09-03T19:34:29
[BOT] 1.1626 | Aguardando fechamento da vela... (candles ok: 103)
[COLETOR] Ticks:     238 | 1.16263 @ 2026-09-03T19:34:30
[BOT] 1.1626 | Aguardando fechamento da vela... (candles ok: 103)
[COLETOR] Ticks:     239 | 1.16263 @ 2026-09-03T19:34:31
[BOT] 1.1626 | Aguardando fechamento da vela... (candles ok: 103)
[BOT] 1.1626 | Aguardando fechamento da vela... (candles ok: 103)
[COLETOR] Ticks:     240 | 1.16263 @ 2026-09-03T19:34:32
[COLETOR] Ticks:     241 | 1.16263 @ 2026-09-03T19:34:33
[BOT] 1.1626 | Aguardando fechamento da vela... (candles ok: 103)
[BOT] 1.1626 | Aguardando fechamento da vela... (candles ok: 103)
[COLETOR] Ticks:     242 | 1.16263 @ 2026-09-03T19:34:34
[COLETOR] Ticks:     243 | 1.16263 @ 2026-09-03T19:34:35
[BOT] 1.1626 | Aguardando fechamento da vela... (candles ok: 103)
[BOT] 1.1626 | Aguardando fechamento da vela... (candles ok: 103)
[COLETOR] Ticks:     244 | 1.16263 @ 2026-09-03T19:34:36
[COLETOR] Ticks:     245 | 1.16263 @ 2026-09-03T19:34:37
[BOT] 1.1626 | Aguardando fechamento da vela... (candles ok: 103)
[BOT] 1.1626 | Aguardando fechamento da vela... (candles ok: 103)
[COLETOR] Ticks:     246 | 1.16263 @ 2026-09-03T19:34:38
[BOT] 1.1626 | Aguardando fechamento da vela... (candles ok: 103)
[COLETOR] Ticks:     247 | 1.16263 @ 2026-09-03T19:34:39
[COLETOR] Ticks:     248 | 1.16263 @ 2026-09-03T19:34:40
[BOT] 1.1626 | Aguardando fechamento da vela... (candles ok: 103)
[COLETOR] Ticks:     249 | 1.16263 @ 2026-09-03T19:34:41
[BOT] 1.1626 | Aguardando fechamento da vela... (candles ok: 103)
[COLETOR] Ticks:     250 | 1.16263 @ 2026-09-03T19:34:42
[BOT] 1.1626 | Aguardando fechamento da vela... (candles ok: 103)
[BOT] 1.1626 | Aguardando fechamento da vela... (candles ok: 103)
[COLETOR] Ticks:     251 | 1.16263 @ 2026-09-03T19:34:43
[COLETOR] Ticks:     252 | 1.16263 @ 2026-09-03T19:34:44
[BOT] 1.1626 | Aguardando fechamento da vela... (candles ok: 103)
[BOT] 1.1626 | Aguardando fechamento da vela... (candles ok: 103)
[COLETOR] Ticks:     253 | 1.16263 @ 2026-09-03T19:34:45
[BOT] 1.1626 | Aguardando fechamento da vela... (candles ok: 103)
[COLETOR] Ticks:     254 | 1.16263 @ 2026-09-03T19:34:46
[COLETOR] Ticks:     255 | 1.16261 @ 2026-09-03T19:34:47
[BOT] 1.1626 | Aguardando fechamento da vela... (candles ok: 103)
[BOT] 1.1626 | Aguardando fechamento da vela... (candles ok: 103)
[COLETOR] Ticks:     256 | 1.16261 @ 2026-09-03T19:34:48
[BOT] 1.1626 | Aguardando fechamento da vela... (candles ok: 103)
[COLETOR] Ticks:     257 | 1.16261 @ 2026-09-03T19:34:49
[COLETOR] Ticks:     258 | 1.16261 @ 2026-09-03T19:34:50
[BOT] 1.1626 | Aguardando fechamento da vela... (candles ok: 103)
[BOT] 1.1626 | Aguardando fechamento da vela... (candles ok: 103)
[COLETOR] Ticks:     259 | 1.16261 @ 2026-09-03T19:34:51
[BOT] 1.1626 | Aguardando fechamento da vela... (candles ok: 103)
[COLETOR] Ticks:     260 | 1.16261 @ 2026-09-03T19:34:52
[COLETOR] Ticks:     261 | 1.1626 @ 2026-09-03T19:34:53
[BOT] 1.1626 | Aguardando fechamento da vela... (candles ok: 103)
[BOT] 1.1626 | Aguardando fechamento da vela... (candles ok: 103)
[COLETOR] Ticks:     262 | 1.16261 @ 2026-09-03T19:34:54
[BOT] 1.1626 | Aguardando fechamento da vela... (candles ok: 103)
[COLETOR] Ticks:     263 | 1.16261 @ 2026-09-03T19:34:55
[BOT] 1.1626 | Aguardando fechamento da vela... (candles ok: 103)
[COLETOR] Ticks:     264 | 1.16261 @ 2026-09-03T19:34:56
[COLETOR] Ticks:     265 | 1.1626 @ 2026-09-03T19:34:57
[BOT] 1.1626 | Aguardando fechamento da vela... (candles ok: 103)
[COLETOR] Ticks:     266 | 1.16261 @ 2026-09-03T19:34:58
[BOT] 1.1626 | Aguardando fechamento da vela... (candles ok: 103)
[BOT] 1.1626 | Aguardando fechamento da vela... (candles ok: 103)
[COLETOR] Ticks:     267 | 1.16261 @ 2026-09-03T19:34:59
[TICK] 1.1626 | EMA9:1.1626 EMA21:1.1626 | RSI:51.3 ADX:13.4 MACD_H:+0.00000 [LATERAL]
[COLETOR] Ticks:     268 | 1.16261 @ 2026-09-03T19:35:00
[COLETOR] Ticks:     269 | 1.16261 @ 2026-09-03T19:35:01
[BOT] 1.1626 | Aguardando fechamento da vela... (candles ok: 104)
[COLETOR] Ticks:     270 | 1.16261 @ 2026-09-03T19:35:02
[BOT] 1.1626 | Aguardando fechamento da vela... (candles ok: 104)
[BOT] 1.1626 | Aguardando fechamento da vela... (candles ok: 104)
[COLETOR] Ticks:     271 | 1.1626 @ 2026-09-03T19:35:03
[COLETOR] Ticks:     272 | 1.16261 @ 2026-09-03T19:35:04
[BOT] 1.1626 | Aguardando fechamento da vela... (candles ok: 104)
[COLETOR] Ticks:     273 | 1.1626 @ 2026-09-03T19:35:05
[BOT] 1.1626 | Aguardando fechamento da vela... (candles ok: 104)
[BOT] 1.1626 | Aguardando fechamento da vela... (candles ok: 104)
[COLETOR] Ticks:     274 | 1.16259 @ 2026-09-03T19:35:06
[COLETOR] Ticks:     275 | 1.16259 @ 2026-09-03T19:35:07
[BOT] 1.1626 | Aguardando fechamento da vela... (candles ok: 104)
[COLETOR] Ticks:     276 | 1.16259 @ 2026-09-03T19:35:08
[BOT] 1.1626 | Aguardando fechamento da vela... (candles ok: 104)
[BOT] 1.1626 | Aguardando fechamento da vela... (candles ok: 104)
[COLETOR] Ticks:     277 | 1.16258 @ 2026-09-03T19:35:09
[COLETOR] Ticks:     278 | 1.16258 @ 2026-09-03T19:35:10
[BOT] 1.1626 | Aguardando fechamento da vela... (candles ok: 104)
[COLETOR] Ticks:     279 | 1.16258 @ 2026-09-03T19:35:11
[BOT] 1.1626 | Aguardando fechamento da vela... (candles ok: 104)
[COLETOR] Ticks:     280 | 1.16257 @ 2026-09-03T19:35:12
[BOT] 1.1626 | Aguardando fechamento da vela... (candles ok: 104)
[BOT] 1.1626 | Aguardando fechamento da vela... (candles ok: 104)
[COLETOR] Ticks:     281 | 1.1626 @ 2026-09-03T19:35:13
[BOT] 1.1626 | Aguardando fechamento da vela... (candles ok: 104)
[COLETOR] Ticks:     282 | 1.1626 @ 2026-09-03T19:35:14
[COLETOR] Ticks:     283 | 1.1626 @ 2026-09-03T19:35:15
[BOT] 1.1626 | Aguardando fechamento da vela... (candles ok: 104)
[BOT] 1.1626 | Aguardando fechamento da vela... (candles ok: 104)
[COLETOR] Ticks:     284 | 1.1626 @ 2026-09-03T19:35:16
[COLETOR] Ticks:     285 | 1.1626 @ 2026-09-03T19:35:17
[BOT] 1.1626 | Aguardando fechamento da vela... (candles ok: 104)
[BOT] 1.1626 | Aguardando fechamento da vela... (candles ok: 104)
[COLETOR] Ticks:     286 | 1.1626 @ 2026-09-03T19:35:18
[COLETOR] Ticks:     287 | 1.1626 @ 2026-09-03T19:35:19
[BOT] 1.1626 | Aguardando fechamento da vela... (candles ok: 104)
[BOT] 1.1626 | Aguardando fechamento da vela... (candles ok: 104)
[COLETOR] Ticks:     288 | 1.1626 @ 2026-09-03T19:35:20
[BOT] 1.1626 | Aguardando fechamento da vela... (candles ok: 104)
[COLETOR] Ticks:     289 | 1.1626 @ 2026-09-03T19:35:21
[BOT] 1.1626 | Aguardando fechamento da vela... (candles ok: 104)
[COLETOR] Ticks:     290 | 1.1626 @ 2026-09-03T19:35:22
[BOT] 1.1626 | Aguardando fechamento da vela... (candles ok: 104)
[COLETOR] Ticks:     291 | 1.16259 @ 2026-09-03T19:35:23
[COLETOR] Ticks:     292 | 1.16258 @ 2026-09-03T19:35:24
[BOT] 1.1626 | Aguardando fechamento da vela... (candles ok: 104)
[COLETOR] Ticks:     293 | 1.16258 @ 2026-09-03T19:35:25
[BOT] 1.1626 | Aguardando fechamento da vela... (candles ok: 104)
[BOT] 1.1626 | Aguardando fechamento da vela... (candles ok: 104)
[COLETOR] Ticks:     294 | 1.16258 @ 2026-09-03T19:35:26
[COLETOR] Ticks:     295 | 1.16258 @ 2026-09-03T19:35:27
[BOT] 1.1626 | Aguardando fechamento da vela... (candles ok: 104)
[COLETOR] Ticks:     296 | 1.16255 @ 2026-09-03T19:35:28
[BOT] 1.1625 | Aguardando fechamento da vela... (candles ok: 104)
[BOT] 1.1626 | Aguardando fechamento da vela... (candles ok: 104)
[COLETOR] Ticks:     297 | 1.16256 @ 2026-09-03T19:35:29
[BOT] 1.1626 | Aguardando fechamento da vela... (candles ok: 104)
[COLETOR] Ticks:     298 | 1.16256 @ 2026-09-03T19:35:30
[COLETOR] Ticks:     299 | 1.16256 @ 2026-09-03T19:35:31
[BOT] 1.1626 | Aguardando fechamento da vela... (candles ok: 104)
[BOT] 1.1625 | Aguardando fechamento da vela... (candles ok: 104)
[COLETOR] Ticks:     300 | 1.16255 @ 2026-09-03T19:35:32
[COLETOR] Ticks:     301 | 1.16256 @ 2026-09-03T19:35:33
[BOT] 1.1626 | Aguardando fechamento da vela... (candles ok: 104)
[BOT] 1.1626 | Aguardando fechamento da vela... (candles ok: 104)
[COLETOR] Ticks:     302 | 1.16256 @ 2026-09-03T19:35:34
[BOT] 1.1626 | Aguardando fechamento da vela... (candles ok: 104)
[COLETOR] Ticks:     303 | 1.16258 @ 2026-09-03T19:35:35
[BOT] 1.1626 | Aguardando fechamento da vela... (candles ok: 104)
[COLETOR] Ticks:     304 | 1.16256 @ 2026-09-03T19:35:36
[COLETOR] Ticks:     305 | 1.16256 @ 2026-09-03T19:35:37
[BOT] 1.1626 | Aguardando fechamento da vela... (candles ok: 104)
[BOT] 1.1626 | Aguardando fechamento da vela... (candles ok: 104)
[COLETOR] Ticks:     306 | 1.16256 @ 2026-09-03T19:35:38
[BOT] 1.1626 | Aguardando fechamento da vela... (candles ok: 104)
[COLETOR] Ticks:     307 | 1.16256 @ 2026-09-03T19:35:39
[BOT] 1.1626 | Aguardando fechamento da vela... (candles ok: 104)
[COLETOR] Ticks:     308 | 1.16258 @ 2026-09-03T19:35:40
[COLETOR] Ticks:     309 | 1.16257 @ 2026-09-03T19:35:41
[BOT] 1.1626 | Aguardando fechamento da vela... (candles ok: 104)
[BOT] 1.1626 | Aguardando fechamento da vela... (candles ok: 104)
[COLETOR] Ticks:     310 | 1.16257 @ 2026-09-03T19:35:42
[COLETOR] Ticks:     311 | 1.16258 @ 2026-09-03T19:35:43
[BOT] 1.1626 | Aguardando fechamento da vela... (candles ok: 104)
[BOT] 1.1626 | Aguardando fechamento da vela... (candles ok: 104)
[COLETOR] Ticks:     312 | 1.16258 @ 2026-09-03T19:35:44
[COLETOR] Ticks:     313 | 1.16257 @ 2026-09-03T19:35:45
[BOT] 1.1626 | Aguardando fechamento da vela... (candles ok: 104)
[BOT] 1.1626 | Aguardando fechamento da vela... (candles ok: 104)
[COLETOR] Ticks:     314 | 1.16258 @ 2026-09-03T19:35:46
[BOT] 1.1626 | Aguardando fechamento da vela... (candles ok: 104)
[COLETOR] Ticks:     315 | 1.16258 @ 2026-09-03T19:35:47
[COLETOR] Ticks:     316 | 1.16258 @ 2026-09-03T19:35:48
[BOT] 1.1626 | Aguardando fechamento da vela... (candles ok: 104)
[COLETOR] Ticks:     317 | 1.16257 @ 2026-09-03T19:35:49
[BOT] 1.1626 | Aguardando fechamento da vela... (candles ok: 104)
[COLETOR] Ticks:     318 | 1.16257 @ 2026-09-03T19:35:50
[BOT] 1.1626 | Aguardando fechamento da vela... (candles ok: 104)
[COLETOR] Ticks:     319 | 1.16257 @ 2026-09-03T19:35:51
[BOT] 1.1626 | Aguardando fechamento da vela... (candles ok: 104)
[BOT] 1.1626 | Aguardando fechamento da vela... (candles ok: 104)
[COLETOR] Ticks:     320 | 1.16257 @ 2026-09-03T19:35:52
[COLETOR] Ticks:     321 | 1.16258 @ 2026-09-03T19:35:53
[BOT] 1.1626 | Aguardando fechamento da vela... (candles ok: 104)
[BOT] 1.1626 | Aguardando fechamento da vela... (candles ok: 104)
[COLETOR] Ticks:     322 | 1.16258 @ 2026-09-03T19:35:54
[COLETOR] Ticks:     323 | 1.16258 @ 2026-09-03T19:35:55
[BOT] 1.1626 | Aguardando fechamento da vela... (candles ok: 104)
[BOT] 1.1626 | Aguardando fechamento da vela... (candles ok: 104)
[COLETOR] Ticks:     324 | 1.16258 @ 2026-09-03T19:35:56
[COLETOR] Ticks:     325 | 1.16258 @ 2026-09-03T19:35:57
[BOT] 1.1626 | Aguardando fechamento da vela... (candles ok: 104)
[BOT] 1.1626 | Aguardando fechamento da vela... (candles ok: 104)
[COLETOR] Ticks:     326 | 1.16258 @ 2026-09-03T19:35:58
[BOT] 1.1626 | Aguardando fechamento da vela... (candles ok: 104)
[COLETOR] Ticks:     327 | 1.16258 @ 2026-09-03T19:35:59
[VELA] ━━━━━━━━━━━━━━━━━━━━━━━━━━━━━━━━
  🔴 Bearish Engulfing (força: 1.00)
  Preço: 1.1626 | Contexto: Demand Zone + Suporte próximo
  Ação sugerida: SELL favorecido
[VELA] ━━━━━━━━━━━━━━━━━━━━━━━━━━━━━━━━
[TICK] 1.1626 | EMA9:1.1626 EMA21:1.1626 | RSI:44.3 ADX:13.0 MACD_H:-0.00000 [LATERAL]
[COLETOR] Ticks:     328 | 1.16258 @ 2026-09-03T19:36:00
[COLETOR] Ticks:     329 | 1.16258 @ 2026-09-03T19:36:01
[BOT] 1.1626 | Aguardando fechamento da vela... (candles ok: 105)
[BOT] 1.1626 | Aguardando fechamento da vela... (candles ok: 105)
[COLETOR] Ticks:     330 | 1.16258 @ 2026-09-03T19:36:02
[BOT] 1.1626 | Aguardando fechamento da vela... (candles ok: 105)
[COLETOR] Ticks:     331 | 1.16257 @ 2026-09-03T19:36:03
[BOT] 1.1626 | Aguardando fechamento da vela... (candles ok: 105)
[COLETOR] Ticks:     332 | 1.16257 @ 2026-09-03T19:36:04
[BOT] 1.1626 | Aguardando fechamento da vela... (candles ok: 105)
[COLETOR] Ticks:     333 | 1.16258 @ 2026-09-03T19:36:05
[BOT] 1.1626 | Aguardando fechamento da vela... (candles ok: 105)
[COLETOR] Ticks:     334 | 1.16257 @ 2026-09-03T19:36:06
[COLETOR] Ticks:     335 | 1.16257 @ 2026-09-03T19:36:07
[BOT] 1.1626 | Aguardando fechamento da vela... (candles ok: 105)
[BOT] 1.1626 | Aguardando fechamento da vela... (candles ok: 105)
[COLETOR] Ticks:     336 | 1.16257 @ 2026-09-03T19:36:08
[BOT] 1.1626 | Aguardando fechamento da vela... (candles ok: 105)
[COLETOR] Ticks:     337 | 1.16257 @ 2026-09-03T19:36:09
[COLETOR] Ticks:     338 | 1.16257 @ 2026-09-03T19:36:10
[BOT] 1.1626 | Aguardando fechamento da vela... (candles ok: 105)
[BOT] 1.1626 | Aguardando fechamento da vela... (candles ok: 105)
[COLETOR] Ticks:     339 | 1.16257 @ 2026-09-03T19:36:11
[COLETOR] Ticks:     340 | 1.16257 @ 2026-09-03T19:36:12
[BOT] 1.1626 | Aguardando fechamento da vela... (candles ok: 105)
[BOT] 1.1626 | Aguardando fechamento da vela... (candles ok: 105)
[COLETOR] Ticks:     341 | 1.16257 @ 2026-09-03T19:36:13
[BOT] 1.1626 | Aguardando fechamento da vela... (candles ok: 105)
[COLETOR] Ticks:     342 | 1.16257 @ 2026-09-03T19:36:14
[COLETOR] Ticks:     343 | 1.16257 @ 2026-09-03T19:36:15
[BOT] 1.1626 | Aguardando fechamento da vela... (candles ok: 105)
[BOT] 1.1626 | Aguardando fechamento da vela... (candles ok: 105)
[COLETOR] Ticks:     344 | 1.16257 @ 2026-09-03T19:36:16
[BOT] 1.1626 | Aguardando fechamento da vela... (candles ok: 105)
[COLETOR] Ticks:     345 | 1.16257 @ 2026-09-03T19:36:17
[BOT] 1.1626 | Aguardando fechamento da vela... (candles ok: 105)
[COLETOR] Ticks:     346 | 1.16257 @ 2026-09-03T19:36:18
[BOT] 1.1626 | Aguardando fechamento da vela... (candles ok: 105)
[COLETOR] Ticks:     347 | 1.16257 @ 2026-09-03T19:36:19
[BOT] 1.1626 | Aguardando fechamento da vela... (candles ok: 105)
[COLETOR] Ticks:     348 | 1.16257 @ 2026-09-03T19:36:20
[BOT] 1.1626 | Aguardando fechamento da vela... (candles ok: 105)
[COLETOR] Ticks:     349 | 1.16257 @ 2026-09-03T19:36:21
[COLETOR] Ticks:     350 | 1.16257 @ 2026-09-03T19:36:22
[BOT] 1.1626 | Aguardando fechamento da vela... (candles ok: 105)
[BOT] 1.1626 | Aguardando fechamento da vela... (candles ok: 105)
[COLETOR] Ticks:     351 | 1.16257 @ 2026-09-03T19:36:23
[BOT] 1.1626 | Aguardando fechamento da vela... (candles ok: 105)
[COLETOR] Ticks:     352 | 1.16257 @ 2026-09-03T19:36:24
[COLETOR] Ticks:     353 | 1.16257 @ 2026-09-03T19:36:25
[BOT] 1.1626 | Aguardando fechamento da vela... (candles ok: 105)
[BOT] 1.1626 | Aguardando fechamento da vela... (candles ok: 105)
[COLETOR] Ticks:     354 | 1.16257 @ 2026-09-03T19:36:26
[COLETOR] Ticks:     355 | 1.16257 @ 2026-09-03T19:36:27
[BOT] 1.1626 | Aguardando fechamento da vela... (candles ok: 105)
[BOT] 1.1626 | Aguardando fechamento da vela... (candles ok: 105)
[COLETOR] Ticks:     356 | 1.16257 @ 2026-09-03T19:36:28
[COLETOR] Ticks:     357 | 1.16257 @ 2026-09-03T19:36:29
[BOT] 1.1626 | Aguardando fechamento da vela... (candles ok: 105)
[BOT] 1.1626 | Aguardando fechamento da vela... (candles ok: 105)
[COLETOR] Ticks:     358 | 1.16257 @ 2026-09-03T19:36:30
[COLETOR] Ticks:     359 | 1.16258 @ 2026-09-03T19:36:31
[BOT] 1.1626 | Aguardando fechamento da vela... (candles ok: 105)
[BOT] 1.1625 | Aguardando fechamento da vela... (candles ok: 105)
[COLETOR] Ticks:     360 | 1.16255 @ 2026-09-03T19:36:32
[BOT] 1.1625 | Aguardando fechamento da vela... (candles ok: 105)
[COLETOR] Ticks:     361 | 1.16255 @ 2026-09-03T19:36:33
[COLETOR] Ticks:     362 | 1.16255 @ 2026-09-03T19:36:34
[BOT] 1.1625 | Aguardando fechamento da vela... (candles ok: 105)
[BOT] 1.1625 | Aguardando fechamento da vela... (candles ok: 105)
[COLETOR] Ticks:     363 | 1.16255 @ 2026-09-03T19:36:35
[BOT] 1.1625 | Aguardando fechamento da vela... (candles ok: 105)
[COLETOR] Ticks:     364 | 1.16255 @ 2026-09-03T19:36:36
[COLETOR] Ticks:     365 | 1.16255 @ 2026-09-03T19:36:37
[BOT] 1.1625 | Aguardando fechamento da vela... (candles ok: 105)
[BOT] 1.1625 | Aguardando fechamento da vela... (candles ok: 105)
[COLETOR] Ticks:     366 | 1.16255 @ 2026-09-03T19:36:38
[COLETOR] Ticks:     367 | 1.16255 @ 2026-09-03T19:36:39
[BOT] 1.1625 | Aguardando fechamento da vela... (candles ok: 105)
[COLETOR] Ticks:     368 | 1.16255 @ 2026-09-03T19:36:40
[BOT] 1.1625 | Aguardando fechamento da vela... (candles ok: 105)
[BOT] 1.1625 | Aguardando fechamento da vela... (candles ok: 105)
[COLETOR] Ticks:     369 | 1.16255 @ 2026-09-03T19:36:41
[COLETOR] Ticks:     370 | 1.16255 @ 2026-09-03T19:36:42
[BOT] 1.1625 | Aguardando fechamento da vela... (candles ok: 105)
[BOT] 1.1625 | Aguardando fechamento da vela... (candles ok: 105)
[COLETOR] Ticks:     371 | 1.16255 @ 2026-09-03T19:36:43
[BOT] 1.1625 | Aguardando fechamento da vela... (candles ok: 105)
[COLETOR] Ticks:     372 | 1.16255 @ 2026-09-03T19:36:44
[BOT] 1.1625 | Aguardando fechamento da vela... (candles ok: 105)
[COLETOR] Ticks:     373 | 1.16255 @ 2026-09-03T19:36:45
[BOT] 1.1625 | Aguardando fechamento da vela... (candles ok: 105)
[COLETOR] Ticks:     374 | 1.16255 @ 2026-09-03T19:36:46
[COLETOR] Ticks:     375 | 1.16255 @ 2026-09-03T19:36:47
[BOT] 1.1625 | Aguardando fechamento da vela... (candles ok: 105)
[BOT] 1.1625 | Aguardando fechamento da vela... (candles ok: 105)
[COLETOR] Ticks:     376 | 1.16254 @ 2026-09-03T19:36:48
[COLETOR] Ticks:     377 | 1.16254 @ 2026-09-03T19:36:49
[BOT] 1.1625 | Aguardando fechamento da vela... (candles ok: 105)
[BOT] 1.1625 | Aguardando fechamento da vela... (candles ok: 105)
[COLETOR] Ticks:     378 | 1.16254 @ 2026-09-03T19:36:50
[COLETOR] Ticks:     379 | 1.16255 @ 2026-09-03T19:36:51
[BOT] 1.1625 | Aguardando fechamento da vela... (candles ok: 105)
[COLETOR] Ticks:     380 | 1.16255 @ 2026-09-03T19:36:52
[BOT] 1.1625 | Aguardando fechamento da vela... (candles ok: 105)
[COLETOR] Ticks:     381 | 1.16255 @ 2026-09-03T19:36:53
[BOT] 1.1625 | Aguardando fechamento da vela... (candles ok: 105)
[COLETOR] Ticks:     382 | 1.16255 @ 2026-09-03T19:36:54
[BOT] 1.1625 | Aguardando fechamento da vela... (candles ok: 105)
[COLETOR] Ticks:     383 | 1.16254 @ 2026-09-03T19:36:55
[BOT] 1.1625 | Aguardando fechamento da vela... (candles ok: 105)
[BOT] 1.1625 | Aguardando fechamento da vela... (candles ok: 105)
[COLETOR] Ticks:     384 | 1.16255 @ 2026-09-03T19:36:56
[BOT] 1.1625 | Aguardando fechamento da vela... (candles ok: 105)
[COLETOR] Ticks:     385 | 1.16255 @ 2026-09-03T19:36:57
[BOT] 1.1625 | Aguardando fechamento da vela... (candles ok: 105)
[COLETOR] Ticks:     386 | 1.16255 @ 2026-09-03T19:36:58
[BOT] 1.1625 | Aguardando fechamento da vela... (candles ok: 105)
[COLETOR] Ticks:     387 | 1.16255 @ 2026-09-03T19:36:59
[COLETOR] Ticks:     388 | 1.16255 @ 2026-09-03T19:37:00
[VELA] ━━━━━━━━━━━━━━━━━━━━━━━━━━━━━━━━
  🔴 Bearish Engulfing (força: 1.00)
  Preço: 1.1625 | Contexto: Demand Zone + Suporte próximo
  Ação sugerida: SELL favorecido
[VELA] ━━━━━━━━━━━━━━━━━━━━━━━━━━━━━━━━
[TICK] 1.1625 | EMA9:1.1626 EMA21:1.1626 | RSI:38.6 ADX:13.8 MACD_H:-0.00000 [LATERAL]
[COLETOR] Ticks:     389 | 1.16255 @ 2026-09-03T19:37:01
[BOT] 1.1625 | Aguardando fechamento da vela... (candles ok: 106)
[COLETOR] Ticks:     390 | 1.16255 @ 2026-09-03T19:37:02
[BOT] 1.1625 | Aguardando fechamento da vela... (candles ok: 106)
[COLETOR] Ticks:     391 | 1.16255 @ 2026-09-03T19:37:03
[BOT] 1.1625 | Aguardando fechamento da vela... (candles ok: 106)
[COLETOR] Ticks:     392 | 1.16255 @ 2026-09-03T19:37:04
[BOT] 1.1625 | Aguardando fechamento da vela... (candles ok: 106)
[COLETOR] Ticks:     393 | 1.16254 @ 2026-09-03T19:37:05
[BOT] 1.1625 | Aguardando fechamento da vela... (candles ok: 106)
[COLETOR] Ticks:     394 | 1.16254 @ 2026-09-03T19:37:06
[BOT] 1.1625 | Aguardando fechamento da vela... (candles ok: 106)
[COLETOR] Ticks:     395 | 1.16254 @ 2026-09-03T19:37:07
[BOT] 1.1625 | Aguardando fechamento da vela... (candles ok: 106)
[COLETOR] Ticks:     396 | 1.16254 @ 2026-09-03T19:37:08
[BOT] 1.1625 | Aguardando fechamento da vela... (candles ok: 106)
[BOT] 1.1625 | Aguardando fechamento da vela... (candles ok: 106)
[COLETOR] Ticks:     397 | 1.1625 @ 2026-09-03T19:37:09
[BOT] 1.1625 | Aguardando fechamento da vela... (candles ok: 106)
[COLETOR] Ticks:     398 | 1.1625 @ 2026-09-03T19:37:10
[COLETOR] Ticks:     399 | 1.1625 @ 2026-09-03T19:37:11
[BOT] 1.1625 | Aguardando fechamento da vela... (candles ok: 106)
[COLETOR] Ticks:     400 | 1.1625 @ 2026-09-03T19:37:12
[BOT] 1.1625 | Aguardando fechamento da vela... (candles ok: 106)
[COLETOR] Ticks:     401 | 1.1625 @ 2026-09-03T19:37:13
[BOT] 1.1625 | Aguardando fechamento da vela... (candles ok: 106)
[COLETOR] Ticks:     402 | 1.1625 @ 2026-09-03T19:37:14
[BOT] 1.1625 | Aguardando fechamento da vela... (candles ok: 106)
[BOT] 1.1625 | Aguardando fechamento da vela... (candles ok: 106)
[COLETOR] Ticks:     403 | 1.1625 @ 2026-09-03T19:37:15
[COLETOR] Ticks:     404 | 1.1625 @ 2026-09-03T19:37:16
[BOT] 1.1625 | Aguardando fechamento da vela... (candles ok: 106)
[COLETOR] Ticks:     405 | 1.1625 @ 2026-09-03T19:37:17
[BOT] 1.1625 | Aguardando fechamento da vela... (candles ok: 106)
[BOT] 1.1625 | Aguardando fechamento da vela... (candles ok: 106)
[COLETOR] Ticks:     406 | 1.1625 @ 2026-09-03T19:37:18
[COLETOR] Ticks:     407 | 1.1625 @ 2026-09-03T19:37:19
[BOT] 1.1625 | Aguardando fechamento da vela... (candles ok: 106)
[BOT] 1.1625 | Aguardando fechamento da vela... (candles ok: 106)
[COLETOR] Ticks:     408 | 1.16251 @ 2026-09-03T19:37:20
[BOT] 1.1625 | Aguardando fechamento da vela... (candles ok: 106)
[COLETOR] Ticks:     409 | 1.1625 @ 2026-09-03T19:37:21
[BOT] 1.1625 | Aguardando fechamento da vela... (candles ok: 106)
[COLETOR] Ticks:     410 | 1.1625 @ 2026-09-03T19:37:22
[COLETOR] Ticks:     411 | 1.1625 @ 2026-09-03T19:37:23
[BOT] 1.1625 | Aguardando fechamento da vela... (candles ok: 106)
[BOT] 1.1625 | Aguardando fechamento da vela... (candles ok: 106)
[COLETOR] Ticks:     412 | 1.1625 @ 2026-09-03T19:37:24
[COLETOR] Ticks:     413 | 1.1625 @ 2026-09-03T19:37:25
[BOT] 1.1625 | Aguardando fechamento da vela... (candles ok: 106)
[BOT] 1.1625 | Aguardando fechamento da vela... (candles ok: 106)
[COLETOR] Ticks:     414 | 1.1625 @ 2026-09-03T19:37:26
[COLETOR] Ticks:     415 | 1.1625 @ 2026-09-03T19:37:27
[BOT] 1.1625 | Aguardando fechamento da vela... (candles ok: 106)
[BOT] 1.1625 | Aguardando fechamento da vela... (candles ok: 106)
[COLETOR] Ticks:     416 | 1.16251 @ 2026-09-03T19:37:28
[COLETOR] Ticks:     417 | 1.16251 @ 2026-09-03T19:37:29
[BOT] 1.1625 | Aguardando fechamento da vela... (candles ok: 106)
[BOT] 1.1625 | Aguardando fechamento da vela... (candles ok: 106)
[COLETOR] Ticks:     418 | 1.16251 @ 2026-09-03T19:37:30
[RE-TREINO] Gatilho: 418 novos ticks acumulados (limiar: 400) (302,842 ticks disponíveis). Iniciando re-treino...
[PIPELINE] ── Fase 3: Construindo dataset ──
[BOT] 1.1625 | Aguardando fechamento da vela... (candles ok: 106)
[COLETOR] Ticks:     419 | 1.16251 @ 2026-09-03T19:37:31[PIPELINE] Ticks trimados: 102,842 removidos, 200,000 mantidos.
[DATASET] Lendo ticks de 'ticks.csv.train_snapshot'...
[DATASET] Sem epochs — usando 200,000 preços diretamente.
[DATASET] 200,000 pontos de preço para features.
[COLETOR] Ticks:     420 | 1.16251 @ 2026-09-03T19:37:32
[BOT] 1.1625 | Aguardando fechamento da vela... (candles ok: 106)
[BOT] 1.1625 | Aguardando fechamento da vela... (candles ok: 106)
[COLETOR] Ticks:     421 | 1.16251 @ 2026-09-03T19:37:33
[BOT] 1.1625 | Aguardando fechamento da vela... (candles ok: 106)
[COLETOR] Ticks:     422 | 1.16251 @ 2026-09-03T19:37:34
[COLETOR] Ticks:     423 | 1.16251 @ 2026-09-03T19:37:35
[BOT] 1.1625 | Aguardando fechamento da vela... (candles ok: 106)
[COLETOR] Ticks:     424 | 1.16251 @ 2026-09-03T19:37:36
[BOT] 1.1625 | Aguardando fechamento da vela... (candles ok: 106)
[BOT] 1.1625 | Aguardando fechamento da vela... (candles ok: 106)
[COLETOR] Ticks:     425 | 1.16251 @ 2026-09-03T19:37:37
[BOT] 1.1625 | Aguardando fechamento da vela... (candles ok: 106)
[COLETOR] Ticks:     426 | 1.16251 @ 2026-09-03T19:37:38
[COLETOR] Ticks:     427 | 1.16251 @ 2026-09-03T19:37:39
[BOT] 1.1625 | Aguardando fechamento da vela... (candles ok: 106)
[BOT] 1.1625 | Aguardando fechamento da vela... (candles ok: 106)
[COLETOR] Ticks:     428 | 1.16251 @ 2026-09-03T19:37:40
[COLETOR] Ticks:     429 | 1.16251 @ 2026-09-03T19:37:41
[BOT] 1.1625 | Aguardando fechamento da vela... (candles ok: 106)
[COLETOR] Ticks:     430 | 1.16251 @ 2026-09-03T19:37:42
[BOT] 1.1625 | Aguardando fechamento da vela... (candles ok: 106)
[COLETOR] Ticks:     431 | 1.16251 @ 2026-09-03T19:37:43
[BOT] 1.1625 | Aguardando fechamento da vela... (candles ok: 106)
[BOT] 1.1625 | Aguardando fechamento da vela... (candles ok: 106)
[COLETOR] Ticks:     432 | 1.16251 @ 2026-09-03T19:37:44
[BOT] 1.1625 | Aguardando fechamento da vela... (candles ok: 106)
[COLETOR] Ticks:     433 | 1.1625 @ 2026-09-03T19:37:45
[BOT] 1.1625 | Aguardando fechamento da vela... (candles ok: 106)
[COLETOR] Ticks:     434 | 1.16252 @ 2026-09-03T19:37:46
[BOT] 1.1625 | Aguardando fechamento da vela... (candles ok: 106)
[COLETOR] Ticks:     435 | 1.16252 @ 2026-09-03T19:37:47
[BOT] 1.1625 | Aguardando fechamento da vela... (candles ok: 106)
[COLETOR] Ticks:     436 | 1.16252 @ 2026-09-03T19:37:48
[BOT] 1.1625 | Aguardando fechamento da vela... (candles ok: 106)
[COLETOR] Ticks:     437 | 1.16252 @ 2026-09-03T19:37:49
[BOT] 1.1625 | Aguardando fechamento da vela... (candles ok: 106)
[COLETOR] Ticks:     438 | 1.16252 @ 2026-09-03T19:37:50
[BOT] 1.1625 | Aguardando fechamento da vela... (candles ok: 106)
[COLETOR] Ticks:     439 | 1.16253 @ 2026-09-03T19:37:51
[BOT] 1.1625 | Aguardando fechamento da vela... (candles ok: 106)
[COLETOR] Ticks:     440 | 1.16252 @ 2026-09-03T19:37:52
[BOT] 1.1625 | Aguardando fechamento da vela... (candles ok: 106)
[COLETOR] Ticks:     441 | 1.16252 @ 2026-09-03T19:37:53
[COLETOR] Ticks:     442 | 1.16252 @ 2026-09-03T19:37:54
[BOT] 1.1625 | Aguardando fechamento da vela... (candles ok: 106)
[COLETOR] Ticks:     443 | 1.16252 @ 2026-09-03T19:37:55
[BOT] 1.1625 | Aguardando fechamento da vela... (candles ok: 106)
[BOT] 1.1625 | Aguardando fechamento da vela... (candles ok: 106)
[COLETOR] Ticks:     444 | 1.16252 @ 2026-09-03T19:37:56
[BOT] 1.1625 | Aguardando fechamento da vela... (candles ok: 106)
[COLETOR] Ticks:     445 | 1.16252 @ 2026-09-03T19:37:57
[BOT] 1.1625 | Aguardando fechamento da vela... (candles ok: 106)
[COLETOR] Ticks:     446 | 1.16252 @ 2026-09-03T19:37:58
[BOT] 1.1625 | Aguardando fechamento da vela... (candles ok: 106)
[COLETOR] Ticks:     447 | 1.16251 @ 2026-09-03T19:37:59
[VELA] ━━━━━━━━━━━━━━━━━━━━━━━━━━━━━━━━
  🔴 Bearish Engulfing (força: 1.00)
  Preço: 1.1625 | Contexto: Demand Zone + Suporte próximo
  Ação sugerida: SELL favorecido
[VELA] ━━━━━━━━━━━━━━━━━━━━━━━━━━━━━━━━
[TICK] 1.1625 | EMA9:1.1626 EMA21:1.1626 | RSI:32.6 ADX:15.5 MACD_H:-0.00001 [LATERAL]
[COLETOR] Ticks:     448 | 1.16252 @ 2026-09-03T19:38:00
[BOT] 1.1625 | Aguardando fechamento da vela... (candles ok: 107)
[COLETOR] Ticks:     449 | 1.16252 @ 2026-09-03T19:38:01
[BOT] 1.1626 | Aguardando fechamento da vela... (candles ok: 107)
[COLETOR] Ticks:     450 | 1.16257 @ 2026-09-03T19:38:02
[COLETOR] Ticks:     451 | 1.16256 @ 2026-09-03T19:38:03
[BOT] 1.1626 | Aguardando fechamento da vela... (candles ok: 107)
[BOT] 1.1626 | Aguardando fechamento da vela... (candles ok: 107)
[COLETOR] Ticks:     452 | 1.16257 @ 2026-09-03T19:38:04
[BOT] 1.1626 | Aguardando fechamento da vela... (candles ok: 107)
[COLETOR] Ticks:     453 | 1.16257 @ 2026-09-03T19:38:05
[BOT] 1.1626 | Aguardando fechamento da vela... (candles ok: 107)
[COLETOR] Ticks:     454 | 1.16257 @ 2026-09-03T19:38:06
[COLETOR] Ticks:     455 | 1.16257 @ 2026-09-03T19:38:07
[BOT] 1.1626 | Aguardando fechamento da vela... (candles ok: 107)
[BOT] 1.1626 | Aguardando fechamento da vela... (candles ok: 107)
[COLETOR] Ticks:     456 | 1.16257 @ 2026-09-03T19:38:08[DATASET] Horizonte target: 2 tick(s)
[DATASET] Linhas geradas  : 154,111
[DATASET] Linhas ignoradas: 45,837 (indicadores insuficientes)
[DATASET] Distribuição do target:
           Sobe (1): 77,046 (50.0%)
           Cai  (0): 77,065 (50.0%)
[DATASET] Salvo em 'dataset.csv.tmp'
[PIPELINE] ── Fase 4: Treinando modelo ──
[TREINO] Lendo dataset de 'dataset.csv.tmp'...
[BOT] 1.1626 | Aguardando fechamento da vela... (candles ok: 107)
[COLETOR] Ticks:     457 | 1.16256 @ 2026-09-03T19:38:09[TREINO] Total de amostras : 154,111
[TREINO] Treino            : 123,288 (80%)
[TREINO] Gap temporal      : 3,082 amostras
[TREINO] Teste             : 27,741 (18.0%)
[TREINO] Classe 1 (sobe): 61,790 | Classe 0 (cai): 61,498 | SPW=1.00
[TREINO] Treinando modelos...
  → RandomForest...
[BOT] 1.1626 | Aguardando fechamento da vela... (candles ok: 107)
[COLETOR] Ticks:     458 | 1.16257 @ 2026-09-03T19:38:10
[BOT] 1.1626 | Aguardando fechamento da vela... (candles ok: 107)
[COLETOR] Ticks:     459 | 1.16257 @ 2026-09-03T19:38:11
[COLETOR] Ticks:     460 | 1.16256 @ 2026-09-03T19:38:12
[BOT] 1.1626 | Aguardando fechamento da vela... (candles ok: 107)
[BOT] 1.1626 | Aguardando fechamento da vela... (candles ok: 107)
[COLETOR] Ticks:     461 | 1.16257 @ 2026-09-03T19:38:13
[COLETOR] Ticks:     462 | 1.16257 @ 2026-09-03T19:38:14
[BOT] 1.1626 | Aguardando fechamento da vela... (candles ok: 107)
[BOT] 1.1626 | Aguardando fechamento da vela... (candles ok: 107)
[COLETOR] Ticks:     463 | 1.16257 @ 2026-09-03T19:38:15
[BOT] 1.1626 | Aguardando fechamento da vela... (candles ok: 107)
[COLETOR] Ticks:     464 | 1.16257 @ 2026-09-03T19:38:16
[BOT] 1.1626 | Aguardando fechamento da vela... (candles ok: 107)
[COLETOR] Ticks:     465 | 1.16257 @ 2026-09-03T19:38:17
[BOT] 1.1626 | Aguardando fechamento da vela... (candles ok: 107)
[COLETOR] Ticks:     466 | 1.16257 @ 2026-09-03T19:38:18
[BOT] 1.1626 | Aguardando fechamento da vela... (candles ok: 107)
[COLETOR] Ticks:     467 | 1.16257 @ 2026-09-03T19:38:19
[BOT] 1.1626 | Aguardando fechamento da vela... (candles ok: 107)
[COLETOR] Ticks:     468 | 1.16257 @ 2026-09-03T19:38:20
[BOT] 1.1626 | Aguardando fechamento da vela... (candles ok: 107)
[COLETOR] Ticks:     469 | 1.16257 @ 2026-09-03T19:38:21
[BOT] 1.1626 | Aguardando fechamento da vela... (candles ok: 107)
[COLETOR] Ticks:     470 | 1.16257 @ 2026-09-03T19:38:22
[BOT] 1.1626 | Aguardando fechamento da vela... (candles ok: 107)
[COLETOR] Ticks:     471 | 1.16257 @ 2026-09-03T19:38:23
[BOT] 1.1626 | Aguardando fechamento da vela... (candles ok: 107)
[COLETOR] Ticks:     472 | 1.16257 @ 2026-09-03T19:38:24
[COLETOR] Ticks:     473 | 1.16257 @ 2026-09-03T19:38:25
[BOT] 1.1626 | Aguardando fechamento da vela... (candles ok: 107)
[BOT] 1.1626 | Aguardando fechamento da vela... (candles ok: 107)
[COLETOR] Ticks:     474 | 1.16257 @ 2026-09-03T19:38:26
[BOT] 1.1626 | Aguardando fechamento da vela... (candles ok: 107)
[COLETOR] Ticks:     475 | 1.16257 @ 2026-09-03T19:38:27
[BOT] 1.1626 | Aguardando fechamento da vela... (candles ok: 107)
[COLETOR] Ticks:     476 | 1.16257 @ 2026-09-03T19:38:28
[BOT] 1.1626 | Aguardando fechamento da vela... (candles ok: 107)
[COLETOR] Ticks:     477 | 1.16257 @ 2026-09-03T19:38:29
[BOT] 1.1626 | Aguardando fechamento da vela... (candles ok: 107)
[COLETOR] Ticks:     478 | 1.16257 @ 2026-09-03T19:38:30
[BOT] 1.1626 | Aguardando fechamento da vela... (candles ok: 107)
[COLETOR] Ticks:     479 | 1.16257 @ 2026-09-03T19:38:31
[BOT] 1.1626 | Aguardando fechamento da vela... (candles ok: 107)
[COLETOR] Ticks:     480 | 1.16257 @ 2026-09-03T19:38:32OK
  → XGBoost...
[BOT] 1.1626 | Aguardando fechamento da vela... (candles ok: 107)
[COLETOR] Ticks:     481 | 1.16256 @ 2026-09-03T19:38:33
[COLETOR] Ticks:     482 | 1.16257 @ 2026-09-03T19:38:34
[BOT] 1.1626 | Aguardando fechamento da vela... (candles ok: 107)
[COLETOR] Ticks:     483 | 1.16256 @ 2026-09-03T19:38:35
[BOT] 1.1626 | Aguardando fechamento da vela... (candles ok: 107)
[BOT] 1.1626 | Aguardando fechamento da vela... (candles ok: 107)
[COLETOR] Ticks:     484 | 1.16257 @ 2026-09-03T19:38:36
[BOT] 1.1626 | Aguardando fechamento da vela... (candles ok: 107)
[COLETOR] Ticks:     485 | 1.16257 @ 2026-09-03T19:38:37
[BOT] 1.1626 | Aguardando fechamento da vela... (candles ok: 107)
[COLETOR] Ticks:     486 | 1.16256 @ 2026-09-03T19:38:38
[COLETOR] Ticks:     487 | 1.16256 @ 2026-09-03T19:38:39
[BOT] 1.1626 | Aguardando fechamento da vela... (candles ok: 107)
[COLETOR] Ticks:     488 | 1.16256 @ 2026-09-03T19:38:40
[BOT] 1.1626 | Aguardando fechamento da vela... (candles ok: 107)
[COLETOR] Ticks:     489 | 1.16256 @ 2026-09-03T19:38:41
[BOT] 1.1626 | Aguardando fechamento da vela... (candles ok: 107)
[BOT] 1.1626 | Aguardando fechamento da vela... (candles ok: 107)
[COLETOR] Ticks:     490 | 1.16259 @ 2026-09-03T19:38:42
[BOT] 1.1626 | Aguardando fechamento da vela... (candles ok: 107)
[COLETOR] Ticks:     491 | 1.16259 @ 2026-09-03T19:38:43
[BOT] 1.1626 | Aguardando fechamento da vela... (candles ok: 107)
[COLETOR] Ticks:     492 | 1.16259 @ 2026-09-03T19:38:44
[BOT] 1.1626 | Aguardando fechamento da vela... (candles ok: 107)
[COLETOR] Ticks:     493 | 1.16259 @ 2026-09-03T19:38:45
[BOT] 1.1626 | Aguardando fechamento da vela... (candles ok: 107)
[COLETOR] Ticks:     494 | 1.16259 @ 2026-09-03T19:38:46
[BOT] 1.1626 | Aguardando fechamento da vela... (candles ok: 107)
[COLETOR] Ticks:     495 | 1.16259 @ 2026-09-03T19:38:47
[BOT] 1.1626 | Aguardando fechamento da vela... (candles ok: 107)
[COLETOR] Ticks:     496 | 1.16259 @ 2026-09-03T19:38:48
[BOT] 1.1626 | Aguardando fechamento da vela... (candles ok: 107)
[COLETOR] Ticks:     497 | 1.16259 @ 2026-09-03T19:38:49
[COLETOR] Ticks:     498 | 1.16259 @ 2026-09-03T19:38:50
[BOT] 1.1626 | Aguardando fechamento da vela... (candles ok: 107)
[BOT] 1.1626 | Aguardando fechamento da vela... (candles ok: 107)
[COLETOR] Ticks:     499 | 1.16259 @ 2026-09-03T19:38:51
[BOT] 1.1626 | Aguardando fechamento da vela... (candles ok: 107)
[COLETOR] Ticks:     500 | 1.16259 @ 2026-09-03T19:38:52
[BOT] 1.1626 | Aguardando fechamento da vela... (candles ok: 107)
[COLETOR] Ticks:     501 | 1.16259 @ 2026-09-03T19:38:53
[BOT] 1.1626 | Aguardando fechamento da vela... (candles ok: 107)
[COLETOR] Ticks:     502 | 1.16259 @ 2026-09-03T19:38:54
[COLETOR] Ticks:     503 | 1.16259 @ 2026-09-03T19:38:55
[BOT] 1.1626 | Aguardando fechamento da vela... (candles ok: 107)
[BOT] 1.1626 | Aguardando fechamento da vela... (candles ok: 107)
[COLETOR] Ticks:     504 | 1.16258 @ 2026-09-03T19:38:56
[COLETOR] Ticks:     505 | 1.16259 @ 2026-09-03T19:38:57
[BOT] 1.1626 | Aguardando fechamento da vela... (candles ok: 107)
[BOT] 1.1626 | Aguardando fechamento da vela... (candles ok: 107)
[COLETOR] Ticks:     506 | 1.16259 @ 2026-09-03T19:38:58
[COLETOR] Ticks:     507 | 1.16258 @ 2026-09-03T19:38:59
[BOT] 1.1626 | Aguardando fechamento da vela... (candles ok: 107)
[COLETOR] Ticks:     508 | 1.16258 @ 2026-09-03T19:39:00
[VELA] ━━━━━━━━━━━━━━━━━━━━━━━━━━━━━━━━
  🔴 Bearish Engulfing (força: 1.00)
  Preço: 1.1626 | Contexto: Demand Zone + Suporte próximo
  Ação sugerida: SELL favorecido
[VELA] ━━━━━━━━━━━━━━━━━━━━━━━━━━━━━━━━
[TICK] 1.1626 | EMA9:1.1626 EMA21:1.1626 | RSI:47.9 ADX:15.8 MACD_H:-0.00001 [LATERAL]
[COLETOR] Ticks:     509 | 1.16259 @ 2026-09-03T19:39:01
[BOT] 1.1626 | Aguardando fechamento da vela... (candles ok: 108)
[BOT] 1.1626 | Aguardando fechamento da vela... (candles ok: 108)
[COLETOR] Ticks:     510 | 1.16259 @ 2026-09-03T19:39:02
[COLETOR] Ticks:     511 | 1.16258 @ 2026-09-03T19:39:03
[BOT] 1.1626 | Aguardando fechamento da vela... (candles ok: 108)
[COLETOR] Ticks:     512 | 1.16259 @ 2026-09-03T19:39:04
[BOT] 1.1626 | Aguardando fechamento da vela... (candles ok: 108)
[BOT] 1.1626 | Aguardando fechamento da vela... (candles ok: 108)
[COLETOR] Ticks:     513 | 1.16258 @ 2026-09-03T19:39:05
[COLETOR] Ticks:     514 | 1.16259 @ 2026-09-03T19:39:06
[BOT] 1.1626 | Aguardando fechamento da vela... (candles ok: 108)
[COLETOR] Ticks:     515 | 1.16259 @ 2026-09-03T19:39:07
[BOT] 1.1626 | Aguardando fechamento da vela... (candles ok: 108)
[BOT] 1.1626 | Aguardando fechamento da vela... (candles ok: 108)
[COLETOR] Ticks:     516 | 1.16259 @ 2026-09-03T19:39:08
[COLETOR] Ticks:     517 | 1.16258 @ 2026-09-03T19:39:09
[BOT] 1.1626 | Aguardando fechamento da vela... (candles ok: 108)
[COLETOR] Ticks:     518 | 1.16258 @ 2026-09-03T19:39:10
[BOT] 1.1626 | Aguardando fechamento da vela... (candles ok: 108)
[COLETOR] Ticks:     519 | 1.16258 @ 2026-09-03T19:39:11
[BOT] 1.1626 | Aguardando fechamento da vela... (candles ok: 108)
[COLETOR] Ticks:     520 | 1.16258 @ 2026-09-03T19:39:12
[BOT] 1.1626 | Aguardando fechamento da vela... (candles ok: 108)
[COLETOR] Ticks:     521 | 1.16258 @ 2026-09-03T19:39:13
[BOT] 1.1626 | Aguardando fechamento da vela... (candles ok: 108)
[BOT] 1.1626 | Aguardando fechamento da vela... (candles ok: 108)
[COLETOR] Ticks:     522 | 1.16258 @ 2026-09-03T19:39:14
[BOT] 1.1626 | Aguardando fechamento da vela... (candles ok: 108)
[COLETOR] Ticks:     523 | 1.16258 @ 2026-09-03T19:39:15
[BOT] 1.1626 | Aguardando fechamento da vela... (candles ok: 108)
[COLETOR] Ticks:     524 | 1.16259 @ 2026-09-03T19:39:16
[BOT] 1.1626 | Aguardando fechamento da vela... (candles ok: 108)
[COLETOR] Ticks:     525 | 1.16259 @ 2026-09-03T19:39:17
[BOT] 1.1626 | Aguardando fechamento da vela... (candles ok: 108)
[COLETOR] Ticks:     526 | 1.16259 @ 2026-09-03T19:39:18
[COLETOR] Ticks:     527 | 1.16259 @ 2026-09-03T19:39:19
[BOT] 1.1626 | Aguardando fechamento da vela... (candles ok: 108)
[BOT] 1.1626 | Aguardando fechamento da vela... (candles ok: 108)
[COLETOR] Ticks:     528 | 1.16259 @ 2026-09-03T19:39:20
[COLETOR] Ticks:     529 | 1.16259 @ 2026-09-03T19:39:21
[BOT] 1.1626 | Aguardando fechamento da vela... (candles ok: 108)
[BOT] 1.1626 | Aguardando fechamento da vela... (candles ok: 108)
[COLETOR] Ticks:     530 | 1.16259 @ 2026-09-03T19:39:22
[COLETOR] Ticks:     531 | 1.16259 @ 2026-09-03T19:39:23
[BOT] 1.1626 | Aguardando fechamento da vela... (candles ok: 108)
[BOT] 1.1626 | Aguardando fechamento da vela... (candles ok: 108)
[COLETOR] Ticks:     532 | 1.16259 @ 2026-09-03T19:39:24
[BOT] 1.1626 | Aguardando fechamento da vela... (candles ok: 108)
[COLETOR] Ticks:     533 | 1.16259 @ 2026-09-03T19:39:25
[BOT] 1.1626 | Aguardando fechamento da vela... (candles ok: 108)
[COLETOR] Ticks:     534 | 1.16259 @ 2026-09-03T19:39:26
[COLETOR] Ticks:     535 | 1.16259 @ 2026-09-03T19:39:27
[BOT] 1.1626 | Aguardando fechamento da vela... (candles ok: 108)
[BOT] 1.1626 | Aguardando fechamento da vela... (candles ok: 108)
[COLETOR] Ticks:     536 | 1.16259 @ 2026-09-03T19:39:28
[COLETOR] Ticks:     537 | 1.16259 @ 2026-09-03T19:39:29
[BOT] 1.1626 | Aguardando fechamento da vela... (candles ok: 108)
[BOT] 1.1626 | Aguardando fechamento da vela... (candles ok: 108)
[COLETOR] Ticks:     538 | 1.16259 @ 2026-09-03T19:39:30
[COLETOR] Ticks:     539 | 1.16259 @ 2026-09-03T19:39:31
[BOT] 1.1626 | Aguardando fechamento da vela... (candles ok: 108)   OK
  → Stacking (RF+XGB+LR meta) — pode demorar...
[COLETOR] Ticks:     540 | 1.16259 @ 2026-09-03T19:39:32
[BOT] 1.1626 | Aguardando fechamento da vela... (candles ok: 108)
[COLETOR] Ticks:     541 | 1.16258 @ 2026-09-03T19:39:33
[BOT] 1.1626 | Aguardando fechamento da vela... (candles ok: 108)
[BOT] 1.1626 | Aguardando fechamento da vela... (candles ok: 108)
[COLETOR] Ticks:     542 | 1.16258 @ 2026-09-03T19:39:34
[BOT] 1.1626 | Aguardando fechamento da vela... (candles ok: 108)
[COLETOR] Ticks:     543 | 1.16258 @ 2026-09-03T19:39:35
[COLETOR] Ticks:     544 | 1.16259 @ 2026-09-03T19:39:36
[BOT] 1.1626 | Aguardando fechamento da vela... (candles ok: 108)
[COLETOR] Ticks:     545 | 1.16259 @ 2026-09-03T19:39:37
[BOT] 1.1626 | Aguardando fechamento da vela... (candles ok: 108)
[COLETOR] Ticks:     546 | 1.16259 @ 2026-09-03T19:39:38
[BOT] 1.1626 | Aguardando fechamento da vela... (candles ok: 108)
[BOT] 1.1626 | Aguardando fechamento da vela... (candles ok: 108)
[COLETOR] Ticks:     547 | 1.16259 @ 2026-09-03T19:39:39
[BOT] 1.1626 | Aguardando fechamento da vela... (candles ok: 108)
[COLETOR] Ticks:     548 | 1.16258 @ 2026-09-03T19:39:40
[COLETOR] Ticks:     549 | 1.16258 @ 2026-09-03T19:39:41
[BOT] 1.1626 | Aguardando fechamento da vela... (candles ok: 108)
[COLETOR] Ticks:     550 | 1.16258 @ 2026-09-03T19:39:42
[BOT] 1.1626 | Aguardando fechamento da vela... (candles ok: 108)
[BOT] 1.1626 | Aguardando fechamento da vela... (candles ok: 108)
[COLETOR] Ticks:     551 | 1.16259 @ 2026-09-03T19:39:43
[BOT] 1.1626 | Aguardando fechamento da vela... (candles ok: 108)
[COLETOR] Ticks:     552 | 1.16258 @ 2026-09-03T19:39:44
[COLETOR] Ticks:     553 | 1.16259 @ 2026-09-03T19:39:45
[BOT] 1.1626 | Aguardando fechamento da vela... (candles ok: 108)
[BOT] 1.1626 | Aguardando fechamento da vela... (candles ok: 108)
[COLETOR] Ticks:     554 | 1.16259 @ 2026-09-03T19:39:46
[BOT] 1.1626 | Aguardando fechamento da vela... (candles ok: 108)
[COLETOR] Ticks:     555 | 1.16258 @ 2026-09-03T19:39:47
[COLETOR] Ticks:     556 | 1.16258 @ 2026-09-03T19:39:48
[BOT] 1.1626 | Aguardando fechamento da vela... (candles ok: 108)
[COLETOR] Ticks:     557 | 1.16259 @ 2026-09-03T19:39:49
[BOT] 1.1626 | Aguardando fechamento da vela... (candles ok: 108)
[BOT] 1.1626 | Aguardando fechamento da vela... (candles ok: 108)
[COLETOR] Ticks:     558 | 1.16258 @ 2026-09-03T19:39:50
[COLETOR] Ticks:     559 | 1.16258 @ 2026-09-03T19:39:51
[BOT] 1.1626 | Aguardando fechamento da vela... (candles ok: 108)
[BOT] 1.1626 | Aguardando fechamento da vela... (candles ok: 108)
[COLETOR] Ticks:     560 | 1.16258 @ 2026-09-03T19:39:52
[COLETOR] Ticks:     561 | 1.16259 @ 2026-09-03T19:39:53
[BOT] 1.1626 | Aguardando fechamento da vela... (candles ok: 108)
[BOT] 1.1626 | Aguardando fechamento da vela... (candles ok: 108)
[COLETOR] Ticks:     562 | 1.16258 @ 2026-09-03T19:39:54
[BOT] 1.1626 | Aguardando fechamento da vela... (candles ok: 108)
[COLETOR] Ticks:     563 | 1.16258 @ 2026-09-03T19:39:55
[BOT] 1.1626 | Aguardando fechamento da vela... (candles ok: 108)
[COLETOR] Ticks:     564 | 1.16258 @ 2026-09-03T19:39:56
[COLETOR] Ticks:     565 | 1.16256 @ 2026-09-03T19:39:57
[BOT] 1.1626 | Aguardando fechamento da vela... (candles ok: 108)
[COLETOR] Ticks:     566 | 1.16256 @ 2026-09-03T19:39:58
[BOT] 1.1626 | Aguardando fechamento da vela... (candles ok: 108)
[COLETOR] Ticks:     567 | 1.16256 @ 2026-09-03T19:39:59
[BOT] 1.1626 | Aguardando fechamento da vela... (candles ok: 108)
[VELA] ━━━━━━━━━━━━━━━━━━━━━━━━━━━━━━━━
  🔴 Bearish Engulfing (força: 1.00)
  Preço: 1.1626 | Contexto: Demand Zone + Suporte próximo
  Ação sugerida: SELL favorecido
[VELA] ━━━━━━━━━━━━━━━━━━━━━━━━━━━━━━━━
[TICK] 1.1626 | EMA9:1.1626 EMA21:1.1626 | RSI:44.8 ADX:16.1 MACD_H:-0.00001 [LATERAL]
[COLETOR] Ticks:     568 | 1.16256 @ 2026-09-03T19:40:00
[BOT] 1.1626 | Aguardando fechamento da vela... (candles ok: 109)
[COLETOR] Ticks:     569 | 1.16256 @ 2026-09-03T19:40:01
[COLETOR] Ticks:     570 | 1.16257 @ 2026-09-03T19:40:02
[BOT] 1.1626 | Aguardando fechamento da vela... (candles ok: 109)
[COLETOR] Ticks:     571 | 1.16256 @ 2026-09-03T19:40:03
[BOT] 1.1626 | Aguardando fechamento da vela... (candles ok: 109)
[BOT] 1.1626 | Aguardando fechamento da vela... (candles ok: 109)
[COLETOR] Ticks:     572 | 1.16256 @ 2026-09-03T19:40:04
[COLETOR] Ticks:     573 | 1.16256 @ 2026-09-03T19:40:05
[BOT] 1.1626 | Aguardando fechamento da vela... (candles ok: 109)
[BOT] 1.1626 | Aguardando fechamento da vela... (candles ok: 109)
[COLETOR] Ticks:     574 | 1.16256 @ 2026-09-03T19:40:06
[COLETOR] Ticks:     575 | 1.16256 @ 2026-09-03T19:40:07
[BOT] 1.1626 | Aguardando fechamento da vela... (candles ok: 109)
[COLETOR] Ticks:     576 | 1.16256 @ 2026-09-03T19:40:08
[BOT] 1.1626 | Aguardando fechamento da vela... (candles ok: 109)
[COLETOR] Ticks:     577 | 1.16256 @ 2026-09-03T19:40:09
[BOT] 1.1626 | Aguardando fechamento da vela... (candles ok: 109)
[BOT] 1.1626 | Aguardando fechamento da vela... (candles ok: 109)
[BOT] 1.1626 | Aguardando fechamento da vela... (candles ok: 109)
[COLETOR] Ticks:     578 | 1.16256 @ 2026-09-03T19:40:10
[COLETOR] Ticks:     579 | 1.16256 @ 2026-09-03T19:40:11
[COLETOR] Ticks:     580 | 1.16256 @ 2026-09-03T19:40:12
[BOT] 1.1626 | Aguardando fechamento da vela... (candles ok: 109)
[COLETOR] Ticks:     581 | 1.16256 @ 2026-09-03T19:40:13
[BOT] 1.1626 | Aguardando fechamento da vela... (candles ok: 109)
[BOT] 1.1626 | Aguardando fechamento da vela... (candles ok: 109)
[COLETOR] Ticks:     582 | 1.16256 @ 2026-09-03T19:40:14
[COLETOR] Ticks:     583 | 1.16256 @ 2026-09-03T19:40:15
[BOT] 1.1626 | Aguardando fechamento da vela... (candles ok: 109)
[BOT] 1.1626 | Aguardando fechamento da vela... (candles ok: 109)
[COLETOR] Ticks:     584 | 1.16256 @ 2026-09-03T19:40:16
[COLETOR] Ticks:     585 | 1.16256 @ 2026-09-03T19:40:17
[BOT] 1.1626 | Aguardando fechamento da vela... (candles ok: 109)
[BOT] 1.1626 | Aguardando fechamento da vela... (candles ok: 109)
[COLETOR] Ticks:     586 | 1.16256 @ 2026-09-03T19:40:18
[BOT] 1.1626 | Aguardando fechamento da vela... (candles ok: 109)
[COLETOR] Ticks:     587 | 1.16256 @ 2026-09-03T19:40:19
[COLETOR] Ticks:     588 | 1.16257 @ 2026-09-03T19:40:20
[BOT] 1.1626 | Aguardando fechamento da vela... (candles ok: 109)
[COLETOR] Ticks:     589 | 1.16256 @ 2026-09-03T19:40:21
[BOT] 1.1626 | Aguardando fechamento da vela... (candles ok: 109)
[BOT] 1.1626 | Aguardando fechamento da vela... (candles ok: 109)
[COLETOR] Ticks:     590 | 1.16256 @ 2026-09-03T19:40:22
[COLETOR] Ticks:     591 | 1.16257 @ 2026-09-03T19:40:23
[BOT] 1.1626 | Aguardando fechamento da vela... (candles ok: 109)
[BOT] 1.1626 | Aguardando fechamento da vela... (candles ok: 109)
[COLETOR] Ticks:     592 | 1.16257 @ 2026-09-03T19:40:24
[COLETOR] Ticks:     593 | 1.16256 @ 2026-09-03T19:40:25
[BOT] 1.1626 | Aguardando fechamento da vela... (candles ok: 109)
[BOT] 1.1626 | Aguardando fechamento da vela... (candles ok: 109)
[COLETOR] Ticks:     594 | 1.16256 @ 2026-09-03T19:40:26
[COLETOR] Ticks:     595 | 1.16256 @ 2026-09-03T19:40:27
[BOT] 1.1626 | Aguardando fechamento da vela... (candles ok: 109)
[COLETOR] Ticks:     596 | 1.16256 @ 2026-09-03T19:40:28
[BOT] 1.1626 | Aguardando fechamento da vela... (candles ok: 109)
[BOT] 1.1626 | Aguardando fechamento da vela... (candles ok: 109)
[COLETOR] Ticks:     597 | 1.16256 @ 2026-09-03T19:40:29
[BOT] 1.1626 | Aguardando fechamento da vela... (candles ok: 109)
[COLETOR] Ticks:     598 | 1.16256 @ 2026-09-03T19:40:30
[COLETOR] Ticks:     599 | 1.16256 @ 2026-09-03T19:40:31
[BOT] 1.1626 | Aguardando fechamento da vela... (candles ok: 109)
[BOT] 1.1626 | Aguardando fechamento da vela... (candles ok: 109)
[COLETOR] Ticks:     600 | 1.16256 @ 2026-09-03T19:40:32
[BOT] 1.1626 | Aguardando fechamento da vela... (candles ok: 109)
[COLETOR] Ticks:     601 | 1.16256 @ 2026-09-03T19:40:33
[BOT] 1.1626 | Aguardando fechamento da vela... (candles ok: 109)
[COLETOR] Ticks:     602 | 1.16256 @ 2026-09-03T19:40:34
[BOT] 1.1626 | Aguardando fechamento da vela... (candles ok: 109)
[COLETOR] Ticks:     603 | 1.16256 @ 2026-09-03T19:40:35
[BOT] 1.1626 | Aguardando fechamento da vela... (candles ok: 109)
[COLETOR] Ticks:     604 | 1.16256 @ 2026-09-03T19:40:36
[COLETOR] Ticks:     605 | 1.16256 @ 2026-09-03T19:40:37
[BOT] 1.1626 | Aguardando fechamento da vela... (candles ok: 109)
[COLETOR] Ticks:     606 | 1.16256 @ 2026-09-03T19:40:38
[BOT] 1.1626 | Aguardando fechamento da vela... (candles ok: 109)
[COLETOR] Ticks:     607 | 1.16255 @ 2026-09-03T19:40:39
[BOT] 1.1625 | Aguardando fechamento da vela... (candles ok: 109)
[COLETOR] Ticks:     608 | 1.16255 @ 2026-09-03T19:40:40
[BOT] 1.1625 | Aguardando fechamento da vela... (candles ok: 109)
[BOT] 1.1625 | Aguardando fechamento da vela... (candles ok: 109)
[COLETOR] Ticks:     609 | 1.16255 @ 2026-09-03T19:40:41
[COLETOR] Ticks:     610 | 1.16255 @ 2026-09-03T19:40:42
[BOT] 1.1625 | Aguardando fechamento da vela... (candles ok: 109)
[BOT] 1.1625 | Aguardando fechamento da vela... (candles ok: 109)
[COLETOR] Ticks:     611 | 1.16255 @ 2026-09-03T19:40:43
[BOT] 1.1625 | Aguardando fechamento da vela... (candles ok: 109)
[COLETOR] Ticks:     612 | 1.16255 @ 2026-09-03T19:40:44
[BOT] 1.1625 | Aguardando fechamento da vela... (candles ok: 109)
[COLETOR] Ticks:     613 | 1.16255 @ 2026-09-03T19:40:45
[BOT] 1.1626 | Aguardando fechamento da vela... (candles ok: 109)
[COLETOR] Ticks:     614 | 1.16256 @ 2026-09-03T19:40:46
[COLETOR] Ticks:     615 | 1.16256 @ 2026-09-03T19:40:47
[BOT] 1.1626 | Aguardando fechamento da vela... (candles ok: 109)
[BOT] 1.1626 | Aguardando fechamento da vela... (candles ok: 109)
[COLETOR] Ticks:     616 | 1.16256 @ 2026-09-03T19:40:48
[BOT] 1.1626 | Aguardando fechamento da vela... (candles ok: 109)
[COLETOR] Ticks:     617 | 1.16257 @ 2026-09-03T19:40:49
[BOT] 1.1626 | Aguardando fechamento da vela... (candles ok: 109)
[COLETOR] Ticks:     618 | 1.16256 @ 2026-09-03T19:40:50
[BOT] 1.1626 | Aguardando fechamento da vela... (candles ok: 109)
[COLETOR] Ticks:     619 | 1.16256 @ 2026-09-03T19:40:51
[BOT] 1.1626 | Aguardando fechamento da vela... (candles ok: 109)
[COLETOR] Ticks:     620 | 1.16256 @ 2026-09-03T19:40:52
[BOT] 1.1626 | Aguardando fechamento da vela... (candles ok: 109)
[COLETOR] Ticks:     621 | 1.16256 @ 2026-09-03T19:40:53
[BOT] 1.1626 | Aguardando fechamento da vela... (candles ok: 109)
[COLETOR] Ticks:     622 | 1.16256 @ 2026-09-03T19:40:54
[COLETOR] Ticks:     623 | 1.16257 @ 2026-09-03T19:40:55
[BOT] 1.1626 | Aguardando fechamento da vela... (candles ok: 109)
[BOT] 1.1626 | Aguardando fechamento da vela... (candles ok: 109)
[COLETOR] Ticks:     624 | 1.16256 @ 2026-09-03T19:40:56
[BOT] 1.1626 | Aguardando fechamento da vela... (candles ok: 109)
[COLETOR] Ticks:     625 | 1.16256 @ 2026-09-03T19:40:57
[BOT] 1.1626 | Aguardando fechamento da vela... (candles ok: 109)
[COLETOR] Ticks:     626 | 1.16256 @ 2026-09-03T19:40:58
[BOT] 1.1626 | Aguardando fechamento da vela... (candles ok: 109)
[COLETOR] Ticks:     627 | 1.16256 @ 2026-09-03T19:40:59
[TICK] 1.1626 | EMA9:1.1626 EMA21:1.1626 | RSI:44.8 ADX:16.3 MACD_H:-0.00001 [LATERAL]
[COLETOR] Ticks:     628 | 1.16256 @ 2026-09-03T19:41:00
[COLETOR] Ticks:     629 | 1.16255 @ 2026-09-03T19:41:01
[BOT] 1.1625 | Aguardando fechamento da vela... (candles ok: 110)
[BOT] 1.1625 | Aguardando fechamento da vela... (candles ok: 110)
[COLETOR] Ticks:     630 | 1.16255 @ 2026-09-03T19:41:02
[COLETOR] Ticks:     631 | 1.16255 @ 2026-09-03T19:41:03
[BOT] 1.1625 | Aguardando fechamento da vela... (candles ok: 110)
[BOT] 1.1625 | Aguardando fechamento da vela... (candles ok: 110)
[COLETOR] Ticks:     632 | 1.16255 @ 2026-09-03T19:41:04
[BOT] 1.1625 | Aguardando fechamento da vela... (candles ok: 110)
[COLETOR] Ticks:     633 | 1.16255 @ 2026-09-03T19:41:05
[BOT] 1.1625 | Aguardando fechamento da vela... (candles ok: 110)
[COLETOR] Ticks:     634 | 1.16255 @ 2026-09-03T19:41:06
[COLETOR] Ticks:     635 | 1.16255 @ 2026-09-03T19:41:07
[BOT] 1.1625 | Aguardando fechamento da vela... (candles ok: 110)
[BOT] 1.1625 | Aguardando fechamento da vela... (candles ok: 110)
[COLETOR] Ticks:     636 | 1.16255 @ 2026-09-03T19:41:08
[BOT] 1.1625 | Aguardando fechamento da vela... (candles ok: 110)
[COLETOR] Ticks:     637 | 1.16255 @ 2026-09-03T19:41:09
[BOT] 1.1625 | Aguardando fechamento da vela... (candles ok: 110)
[COLETOR] Ticks:     638 | 1.16255 @ 2026-09-03T19:41:10
[BOT] 1.1625 | Aguardando fechamento da vela... (candles ok: 110)
[COLETOR] Ticks:     639 | 1.16255 @ 2026-09-03T19:41:11
[COLETOR] Ticks:     640 | 1.16255 @ 2026-09-03T19:41:12
[BOT] 1.1625 | Aguardando fechamento da vela... (candles ok: 110)
[COLETOR] Ticks:     641 | 1.16255 @ 2026-09-03T19:41:13
[BOT] 1.1625 | Aguardando fechamento da vela... (candles ok: 110)
[BOT] 1.1625 | Aguardando fechamento da vela... (candles ok: 110)
[COLETOR] Ticks:     642 | 1.16255 @ 2026-09-03T19:41:14
[BOT] 1.1625 | Aguardando fechamento da vela... (candles ok: 110)
[COLETOR] Ticks:     643 | 1.16255 @ 2026-09-03T19:41:15
[BOT] 1.1625 | Aguardando fechamento da vela... (candles ok: 110)
[COLETOR] Ticks:     644 | 1.16255 @ 2026-09-03T19:41:16
[BOT] 1.1625 | Aguardando fechamento da vela... (candles ok: 110)
[COLETOR] Ticks:     645 | 1.16255 @ 2026-09-03T19:41:17
[BOT] 1.1625 | Aguardando fechamento da vela... (candles ok: 110)
[COLETOR] Ticks:     646 | 1.16255 @ 2026-09-03T19:41:18
[BOT] 1.1625 | Aguardando fechamento da vela... (candles ok: 110)
[COLETOR] Ticks:     647 | 1.16255 @ 2026-09-03T19:41:19
[BOT] 1.1625 | Aguardando fechamento da vela... (candles ok: 110)
[COLETOR] Ticks:     648 | 1.16255 @ 2026-09-03T19:41:20
[BOT] 1.1625 | Aguardando fechamento da vela... (candles ok: 110)
[COLETOR] Ticks:     649 | 1.16255 @ 2026-09-03T19:41:21
[BOT] 1.1625 | Aguardando fechamento da vela... (candles ok: 110)
[COLETOR] Ticks:     650 | 1.16255 @ 2026-09-03T19:41:22
[COLETOR] Ticks:     651 | 1.16255 @ 2026-09-03T19:41:23
[BOT] 1.1625 | Aguardando fechamento da vela... (candles ok: 110)
[BOT] 1.1625 | Aguardando fechamento da vela... (candles ok: 110)
[COLETOR] Ticks:     652 | 1.16255 @ 2026-09-03T19:41:24
[COLETOR] Ticks:     653 | 1.16255 @ 2026-09-03T19:41:25
[BOT] 1.1625 | Aguardando fechamento da vela... (candles ok: 110)
[BOT] 1.1625 | Aguardando fechamento da vela... (candles ok: 110)
[COLETOR] Ticks:     654 | 1.16255 @ 2026-09-03T19:41:26
[COLETOR] Ticks:     655 | 1.16255 @ 2026-09-03T19:41:27
[BOT] 1.1625 | Aguardando fechamento da vela... (candles ok: 110)
[BOT] 1.1625 | Aguardando fechamento da vela... (candles ok: 110)
[COLETOR] Ticks:     656 | 1.16255 @ 2026-09-03T19:41:28
[BOT] 1.1626 | Aguardando fechamento da vela... (candles ok: 110)
[COLETOR] Ticks:     657 | 1.16256 @ 2026-09-03T19:41:29
[BOT] 1.1625 | Aguardando fechamento da vela... (candles ok: 110)
[COLETOR] Ticks:     658 | 1.16255 @ 2026-09-03T19:41:30
[BOT] 1.1625 | Aguardando fechamento da vela... (candles ok: 110)
[COLETOR] Ticks:     659 | 1.16255 @ 2026-09-03T19:41:31
[BOT] 1.1625 | Aguardando fechamento da vela... (candles ok: 110)
[COLETOR] Ticks:     660 | 1.16255 @ 2026-09-03T19:41:32
[BOT] 1.1625 | Aguardando fechamento da vela... (candles ok: 110)
[COLETOR] Ticks:     661 | 1.16255 @ 2026-09-03T19:41:33
[BOT] 1.1625 | Aguardando fechamento da vela... (candles ok: 110)
[COLETOR] Ticks:     662 | 1.16255 @ 2026-09-03T19:41:34
[BOT] 1.1625 | Aguardando fechamento da vela... (candles ok: 110)
[COLETOR] Ticks:     663 | 1.16255 @ 2026-09-03T19:41:35
[BOT] 1.1625 | Aguardando fechamento da vela... (candles ok: 110)
[COLETOR] Ticks:     664 | 1.16254 @ 2026-09-03T19:41:36
[COLETOR] Ticks:     665 | 1.16255 @ 2026-09-03T19:41:37
[BOT] 1.1625 | Aguardando fechamento da vela... (candles ok: 110)
[BOT] 1.1625 | Aguardando fechamento da vela... (candles ok: 110)
[COLETOR] Ticks:     666 | 1.16254 @ 2026-09-03T19:41:38
[BOT] 1.1625 | Aguardando fechamento da vela... (candles ok: 110)
[BOT] 1.1625 | Aguardando fechamento da vela... (candles ok: 110)
[COLETOR] Ticks:     667 | 1.16255 @ 2026-09-03T19:41:39
[COLETOR] Ticks:     668 | 1.16255 @ 2026-09-03T19:41:40
[BOT] 1.1625 | Aguardando fechamento da vela... (candles ok: 110)
[COLETOR] Ticks:     669 | 1.16255 @ 2026-09-03T19:41:41
[BOT] 1.1625 | Aguardando fechamento da vela... (candles ok: 110)
[COLETOR] Ticks:     670 | 1.16254 @ 2026-09-03T19:41:42
[BOT] 1.1625 | Aguardando fechamento da vela... (candles ok: 110)
[COLETOR] Ticks:     671 | 1.16255 @ 2026-09-03T19:41:43
[BOT] 1.1625 | Aguardando fechamento da vela... (candles ok: 110)
[COLETOR] Ticks:     672 | 1.16255 @ 2026-09-03T19:41:44
[COLETOR] Ticks:     673 | 1.16255 @ 2026-09-03T19:41:45
[BOT] 1.1625 | Aguardando fechamento da vela... (candles ok: 110)
[BOT] 1.1625 | Aguardando fechamento da vela... (candles ok: 110)
[COLETOR] Ticks:     674 | 1.16255 @ 2026-09-03T19:41:46
[COLETOR] Ticks:     675 | 1.16255 @ 2026-09-03T19:41:47
[BOT] 1.1625 | Aguardando fechamento da vela... (candles ok: 110)
[COLETOR] Ticks:     676 | 1.16255 @ 2026-09-03T19:41:48
[BOT] 1.1625 | Aguardando fechamento da vela... (candles ok: 110)
[COLETOR] Ticks:     677 | 1.16255 @ 2026-09-03T19:41:49
[BOT] 1.1625 | Aguardando fechamento da vela... (candles ok: 110)
[COLETOR] Ticks:     678 | 1.16255 @ 2026-09-03T19:41:50
[BOT] 1.1625 | Aguardando fechamento da vela... (candles ok: 110)
[COLETOR] Ticks:     679 | 1.16255 @ 2026-09-03T19:41:51
[BOT] 1.1625 | Aguardando fechamento da vela... (candles ok: 110)
[BOT] 1.1625 | Aguardando fechamento da vela... (candles ok: 110)
[COLETOR] Ticks:     680 | 1.16255 @ 2026-09-03T19:41:52
[BOT] 1.1625 | Aguardando fechamento da vela... (candles ok: 110)
[COLETOR] Ticks:     681 | 1.16255 @ 2026-09-03T19:41:53
[BOT] 1.1625 | Aguardando fechamento da vela... (candles ok: 110)
[COLETOR] Ticks:     682 | 1.16255 @ 2026-09-03T19:41:54
[BOT] 1.1625 | Aguardando fechamento da vela... (candles ok: 110)
[COLETOR] Ticks:     683 | 1.16255 @ 2026-09-03T19:41:55
[BOT] 1.1625 | Aguardando fechamento da vela... (candles ok: 110)
[COLETOR] Ticks:     684 | 1.16255 @ 2026-09-03T19:41:56
[BOT] 1.1625 | Aguardando fechamento da vela... (candles ok: 110)
[COLETOR] Ticks:     685 | 1.16255 @ 2026-09-03T19:41:57
[BOT] 1.1625 | Aguardando fechamento da vela... (candles ok: 110)
[COLETOR] Ticks:     686 | 1.16255 @ 2026-09-03T19:41:58
[BOT] 1.1625 | Aguardando fechamento da vela... (candles ok: 110)
[COLETOR] Ticks:     687 | 1.16255 @ 2026-09-03T19:41:59
[COLETOR] Ticks:     688 | 1.16255 @ 2026-09-03T19:42:00
[TICK] 1.1625 | EMA9:1.1626 EMA21:1.1626 | RSI:43.1 ADX:16.8 MACD_H:-0.00001 [LATERAL]
[BOT] 1.1625 | Aguardando fechamento da vela... (candles ok: 111)
[COLETOR] Ticks:     689 | 1.16255 @ 2026-09-03T19:42:01
[BOT] 1.1625 | Aguardando fechamento da vela... (candles ok: 111)
[COLETOR] Ticks:     690 | 1.16255 @ 2026-09-03T19:42:02
[COLETOR] Ticks:     691 | 1.16255 @ 2026-09-03T19:42:03
[BOT] 1.1625 | Aguardando fechamento da vela... (candles ok: 111)
[BOT] 1.1625 | Aguardando fechamento da vela... (candles ok: 111)
[COLETOR] Ticks:     692 | 1.16255 @ 2026-09-03T19:42:04
[BOT] 1.1625 | Aguardando fechamento da vela... (candles ok: 111)
[COLETOR] Ticks:     693 | 1.16255 @ 2026-09-03T19:42:05
[BOT] 1.1625 | Aguardando fechamento da vela... (candles ok: 111)
[COLETOR] Ticks:     694 | 1.16255 @ 2026-09-03T19:42:06
[BOT] 1.1625 | Aguardando fechamento da vela... (candles ok: 111)
[COLETOR] Ticks:     695 | 1.16255 @ 2026-09-03T19:42:07
[BOT] 1.1625 | Aguardando fechamento da vela... (candles ok: 111)
[COLETOR] Ticks:     696 | 1.16255 @ 2026-09-03T19:42:08
[BOT] 1.1625 | Aguardando fechamento da vela... (candles ok: 111)
[BOT] 1.1625 | Aguardando fechamento da vela... (candles ok: 111)
[COLETOR] Ticks:     697 | 1.16255 @ 2026-09-03T19:42:09
[COLETOR] Ticks:     698 | 1.16255 @ 2026-09-03T19:42:10
[BOT] 1.1625 | Aguardando fechamento da vela... (candles ok: 111)
[COLETOR] Ticks:     699 | 1.16254 @ 2026-09-03T19:42:11
[COLETOR] Ticks:     700 | 1.16255 @ 2026-09-03T19:42:12
[BOT] 1.1625 | Aguardando fechamento da vela... (candles ok: 111)
[COLETOR] Ticks:     701 | 1.16255 @ 2026-09-03T19:42:13
[BOT] 1.1625 | Aguardando fechamento da vela... (candles ok: 111)
[BOT] 1.1625 | Aguardando fechamento da vela... (candles ok: 111)
[COLETOR] Ticks:     702 | 1.16255 @ 2026-09-03T19:42:14
[BOT] 1.1625 | Aguardando fechamento da vela... (candles ok: 111)
[COLETOR] Ticks:     703 | 1.16255 @ 2026-09-03T19:42:15
[COLETOR] Ticks:     704 | 1.16255 @ 2026-09-03T19:42:16
[BOT] 1.1625 | Aguardando fechamento da vela... (candles ok: 111)
[BOT] 1.1625 | Aguardando fechamento da vela... (candles ok: 111)
[COLETOR] Ticks:     705 | 1.16255 @ 2026-09-03T19:42:17
[BOT] 1.1625 | Aguardando fechamento da vela... (candles ok: 111)
[COLETOR] Ticks:     706 | 1.16255 @ 2026-09-03T19:42:18
[BOT] 1.1625 | Aguardando fechamento da vela... (candles ok: 111)
[COLETOR] Ticks:     707 | 1.16255 @ 2026-09-03T19:42:19
[BOT] 1.1625 | Aguardando fechamento da vela... (candles ok: 111)
[COLETOR] Ticks:     708 | 1.16255 @ 2026-09-03T19:42:20
[BOT] 1.1625 | Aguardando fechamento da vela... (candles ok: 111)
[COLETOR] Ticks:     709 | 1.16255 @ 2026-09-03T19:42:21
[BOT] 1.1625 | Aguardando fechamento da vela... (candles ok: 111)
[COLETOR] Ticks:     710 | 1.16255 @ 2026-09-03T19:42:22
[BOT] 1.1625 | Aguardando fechamento da vela... (candles ok: 111)
[COLETOR] Ticks:     711 | 1.16255 @ 2026-09-03T19:42:23
[BOT] 1.1625 | Aguardando fechamento da vela... (candles ok: 111)
[COLETOR] Ticks:     712 | 1.16255 @ 2026-09-03T19:42:24
[COLETOR] Ticks:     713 | 1.16255 @ 2026-09-03T19:42:25
[BOT] 1.1625 | Aguardando fechamento da vela... (candles ok: 111)
[BOT] 1.1625 | Aguardando fechamento da vela... (candles ok: 111)
[COLETOR] Ticks:     714 | 1.16255 @ 2026-09-03T19:42:26
[COLETOR] Ticks:     715 | 1.16255 @ 2026-09-03T19:42:27
[BOT] 1.1625 | Aguardando fechamento da vela... (candles ok: 111)
[COLETOR] Ticks:     716 | 1.16254 @ 2026-09-03T19:42:28
[BOT] 1.1625 | Aguardando fechamento da vela... (candles ok: 111)
[BOT] 1.1625 | Aguardando fechamento da vela... (candles ok: 111)
[COLETOR] Ticks:     717 | 1.16254 @ 2026-09-03T19:42:29
[BOT] 1.1625 | Aguardando fechamento da vela... (candles ok: 111)
[COLETOR] Ticks:     718 | 1.16254 @ 2026-09-03T19:42:30
[COLETOR] Ticks:     719 | 1.16255 @ 2026-09-03T19:42:31
[BOT] 1.1625 | Aguardando fechamento da vela... (candles ok: 111)
[BOT] 1.1625 | Aguardando fechamento da vela... (candles ok: 111)
[COLETOR] Ticks:     720 | 1.16255 @ 2026-09-03T19:42:32
[COLETOR] Ticks:     721 | 1.16255 @ 2026-09-03T19:42:33
[BOT] 1.1625 | Aguardando fechamento da vela... (candles ok: 111)
[BOT] 1.1625 | Aguardando fechamento da vela... (candles ok: 111)
[COLETOR] Ticks:     722 | 1.16255 @ 2026-09-03T19:42:34
[BOT] 1.1625 | Aguardando fechamento da vela... (candles ok: 111)
[COLETOR] Ticks:     723 | 1.16255 @ 2026-09-03T19:42:35
[BOT] 1.1625 | Aguardando fechamento da vela... (candles ok: 111)
[COLETOR] Ticks:     724 | 1.16255 @ 2026-09-03T19:42:36
[BOT] 1.1625 | Aguardando fechamento da vela... (candles ok: 111)
[COLETOR] Ticks:     725 | 1.16253 @ 2026-09-03T19:42:37
[BOT] 1.1625 | Aguardando fechamento da vela... (candles ok: 111)
[COLETOR] Ticks:     726 | 1.16253 @ 2026-09-03T19:42:38
[COLETOR] Ticks:     727 | 1.16253 @ 2026-09-03T19:42:39
[BOT] 1.1625 | Aguardando fechamento da vela... (candles ok: 111)
[COLETOR] Ticks:     728 | 1.16254 @ 2026-09-03T19:42:40
[BOT] 1.1625 | Aguardando fechamento da vela... (candles ok: 111)   OK
[TREINO] Resultados no conjunto de teste:
[BOT] 1.1625 | Aguardando fechamento da vela... (candles ok: 111)
[COLETOR] Ticks:     729 | 1.16254 @ 2026-09-03T19:42:41
  ─── RandomForest ───
  Acurácia  : 0.5196
  Precisão  : 0.5160
  Recall    : 0.4458
  F1        : 0.4783
  ROC-AUC   : 0.5333
  ─── XGBoost ───
  Acurácia  : 0.5179
  Precisão  : 0.5135
  Recall    : 0.4599
  F1        : 0.4852
  ROC-AUC   : 0.5253
[COLETOR] Ticks:     730 | 1.16254 @ 2026-09-03T19:42:42
[BOT] 1.1625 | Aguardando fechamento da vela... (candles ok: 111)
[BOT] 1.1625 | Aguardando fechamento da vela... (candles ok: 111)
  ─── Stacking ───
  Acurácia  : 0.5107
  Precisão  : 0.5044
  Recall    : 0.5602
  F1        : 0.5308
  ROC-AUC   : 0.5203
  Top features (RandomForest):
    bb_width             0.0889  ███
    volatility_20        0.0808  ███
    ema21                0.0709  ██
    ema9                 0.0709  ██
    bb_position          0.0684  ██
    volatility_10        0.0625  ██
    high_low_5           0.0593  ██
    rsi                  0.0586  ██
[TREINO] Métricas salvas em model_metrics.json (melhor clássico: RandomForest)
[TREINO] Treinando Temporal Fusion Transformer (seq_len=50, d_model=64)...
[COLETOR] Ticks:     731 | 1.16253 @ 2026-09-03T19:42:43
[BOT] 1.1625 | Aguardando fechamento da vela... (candles ok: 111)
[COLETOR] Ticks:     732 | 1.16253 @ 2026-09-03T19:42:44
[BOT] 1.1625 | Aguardando fechamento da vela... (candles ok: 111)
[COLETOR] Ticks:     733 | 1.16253 @ 2026-09-03T19:42:45
[BOT] 1.1625 | Aguardando fechamento da vela... (candles ok: 111)
[COLETOR] Ticks:     734 | 1.16253 @ 2026-09-03T19:42:46
[COLETOR] Ticks:     735 | 1.16253 @ 2026-09-03T19:42:47
[BOT] 1.1625 | Aguardando fechamento da vela... (candles ok: 111)
[COLETOR] Ticks:     736 | 1.16253 @ 2026-09-03T19:42:48
[BOT] 1.1625 | Aguardando fechamento da vela... (candles ok: 111)
[COLETOR] Ticks:     737 | 1.16254 @ 2026-09-03T19:42:49
[BOT] 1.1625 | Aguardando fechamento da vela... (candles ok: 111)
[BOT] 1.1625 | Aguardando fechamento da vela... (candles ok: 111)
[COLETOR] Ticks:     738 | 1.16253 @ 2026-09-03T19:42:50
[COLETOR] Ticks:     739 | 1.16253 @ 2026-09-03T19:42:51
[BOT] 1.1625 | Aguardando fechamento da vela... (candles ok: 111)
[BOT] 1.1625 | Aguardando fechamento da vela... (candles ok: 111)
[COLETOR] Ticks:     740 | 1.16253 @ 2026-09-03T19:42:52
[BOT] 1.1625 | Aguardando fechamento da vela... (candles ok: 111)
[COLETOR] Ticks:     741 | 1.16253 @ 2026-09-03T19:42:53
[BOT] 1.1625 | Aguardando fechamento da vela... (candles ok: 111)
[COLETOR] Ticks:     742 | 1.16252 @ 2026-09-03T19:42:54
[BOT] 1.1625 | Aguardando fechamento da vela... (candles ok: 111)
[COLETOR] Ticks:     743 | 1.16253 @ 2026-09-03T19:42:55
[BOT] 1.1625 | Aguardando fechamento da vela... (candles ok: 111)
[COLETOR] Ticks:     744 | 1.16253 @ 2026-09-03T19:42:56
[COLETOR] Ticks:     745 | 1.16253 @ 2026-09-03T19:42:57
[BOT] 1.1625 | Aguardando fechamento da vela... (candles ok: 111)
[BOT] 1.1625 | Aguardando fechamento da vela... (candles ok: 111)
[COLETOR] Ticks:     746 | 1.16252 @ 2026-09-03T19:42:58
[COLETOR] Ticks:     747 | 1.16253 @ 2026-09-03T19:42:59
[BOT] 1.1625 | Aguardando fechamento da vela... (candles ok: 111)
[TICK] 1.1625 | EMA9:1.1626 EMA21:1.1626 | RSI:40.0 ADX:17.9 MACD_H:-0.00001 [LATERAL]
[COLETOR] Ticks:     748 | 1.16253 @ 2026-09-03T19:43:00
[COLETOR] Ticks:     749 | 1.16253 @ 2026-09-03T19:43:01
[BOT] 1.1625 | Aguardando fechamento da vela... (candles ok: 112)
[BOT] 1.1625 | Aguardando fechamento da vela... (candles ok: 112)
[COLETOR] Ticks:     750 | 1.16253 @ 2026-09-03T19:43:02
[COLETOR] Ticks:     751 | 1.16253 @ 2026-09-03T19:43:03
[BOT] 1.1625 | Aguardando fechamento da vela... (candles ok: 112)
[BOT] 1.1625 | Aguardando fechamento da vela... (candles ok: 112)
[COLETOR] Ticks:     752 | 1.16253 @ 2026-09-03T19:43:04
[BOT] 1.1625 | Aguardando fechamento da vela... (candles ok: 112)
[COLETOR] Ticks:     753 | 1.16253 @ 2026-09-03T19:43:05
[BOT] 1.1625 | Aguardando fechamento da vela... (candles ok: 112)
[COLETOR] Ticks:     754 | 1.16253 @ 2026-09-03T19:43:06
[BOT] 1.1625 | Aguardando fechamento da vela... (candles ok: 112)
[COLETOR] Ticks:     755 | 1.16253 @ 2026-09-03T19:43:07
[BOT] 1.1625 | Aguardando fechamento da vela... (candles ok: 112)
[COLETOR] Ticks:     756 | 1.16253 @ 2026-09-03T19:43:08
[BOT] 1.1625 | Aguardando fechamento da vela... (candles ok: 112)
[COLETOR] Ticks:     757 | 1.16253 @ 2026-09-03T19:43:09
[COLETOR] Ticks:     758 | 1.16253 @ 2026-09-03T19:43:10
[BOT] 1.1625 | Aguardando fechamento da vela... (candles ok: 112)
[BOT] 1.1625 | Aguardando fechamento da vela... (candles ok: 112)
[COLETOR] Ticks:     759 | 1.16253 @ 2026-09-03T19:43:11
[COLETOR] Ticks:     760 | 1.16253 @ 2026-09-03T19:43:12
[BOT] 1.1625 | Aguardando fechamento da vela... (candles ok: 112)
[BOT] 1.1625 | Aguardando fechamento da vela... (candles ok: 112)
[COLETOR] Ticks:     761 | 1.16253 @ 2026-09-03T19:43:13
[COLETOR] Ticks:     762 | 1.16253 @ 2026-09-03T19:43:14
[BOT] 1.1625 | Aguardando fechamento da vela... (candles ok: 112)
[BOT] 1.1625 | Aguardando fechamento da vela... (candles ok: 112)
[COLETOR] Ticks:     763 | 1.16253 @ 2026-09-03T19:43:15
[BOT] 1.1625 | Aguardando fechamento da vela... (candles ok: 112)
[COLETOR] Ticks:     764 | 1.16253 @ 2026-09-03T19:43:16
[COLETOR] Ticks:     765 | 1.16253 @ 2026-09-03T19:43:17
[BOT] 1.1625 | Aguardando fechamento da vela... (candles ok: 112)
[COLETOR] Ticks:     766 | 1.16253 @ 2026-09-03T19:43:18
[BOT] 1.1625 | Aguardando fechamento da vela... (candles ok: 112)
[COLETOR] Ticks:     767 | 1.16253 @ 2026-09-03T19:43:19
[BOT] 1.1625 | Aguardando fechamento da vela... (candles ok: 112)
[BOT] 1.1625 | Aguardando fechamento da vela... (candles ok: 112)
[COLETOR] Ticks:     768 | 1.16253 @ 2026-09-03T19:43:20
[BOT] 1.1625 | Aguardando fechamento da vela... (candles ok: 112)
[COLETOR] Ticks:     769 | 1.16253 @ 2026-09-03T19:43:21
[BOT] 1.1625 | Aguardando fechamento da vela... (candles ok: 112)
[COLETOR] Ticks:     770 | 1.16253 @ 2026-09-03T19:43:22
[BOT] 1.1625 | Aguardando fechamento da vela... (candles ok: 112)
[COLETOR] Ticks:     771 | 1.16253 @ 2026-09-03T19:43:23
[BOT] 1.1625 | Aguardando fechamento da vela... (candles ok: 112)
[COLETOR] Ticks:     772 | 1.16253 @ 2026-09-03T19:43:24
[BOT] 1.1625 | Aguardando fechamento da vela... (candles ok: 112)
[COLETOR] Ticks:     773 | 1.16253 @ 2026-09-03T19:43:25
[BOT] 1.1625 | Aguardando fechamento da vela... (candles ok: 112)
[COLETOR] Ticks:     774 | 1.16254 @ 2026-09-03T19:43:26
[COLETOR] Ticks:     775 | 1.16253 @ 2026-09-03T19:43:27
[BOT] 1.1625 | Aguardando fechamento da vela... (candles ok: 112)
[COLETOR] Ticks:     776 | 1.16253 @ 2026-09-03T19:43:28
[BOT] 1.1625 | Aguardando fechamento da vela... (candles ok: 112)
[BOT] 1.1625 | Aguardando fechamento da vela... (candles ok: 112)
[COLETOR] Ticks:     777 | 1.16254 @ 2026-09-03T19:43:29
[BOT] 1.1625 | Aguardando fechamento da vela... (candles ok: 112)
[COLETOR] Ticks:     778 | 1.16253 @ 2026-09-03T19:43:30
[BOT] 1.1625 | Aguardando fechamento da vela... (candles ok: 112)
[COLETOR] Ticks:     779 | 1.16253 @ 2026-09-03T19:43:31
[BOT] 1.1625 | Aguardando fechamento da vela... (candles ok: 112)
[COLETOR] Ticks:     780 | 1.16253 @ 2026-09-03T19:43:32
[BOT] 1.1625 | Aguardando fechamento da vela... (candles ok: 112)
[COLETOR] Ticks:     781 | 1.16253 @ 2026-09-03T19:43:33
[BOT] 1.1625 | Aguardando fechamento da vela... (candles ok: 112)
[COLETOR] Ticks:     782 | 1.16253 @ 2026-09-03T19:43:34
[BOT] 1.1625 | Aguardando fechamento da vela... (candles ok: 112)
[COLETOR] Ticks:     783 | 1.16253 @ 2026-09-03T19:43:35
[BOT] 1.1625 | Aguardando fechamento da vela... (candles ok: 112)
[COLETOR] Ticks:     784 | 1.16253 @ 2026-09-03T19:43:36
[BOT] 1.1625 | Aguardando fechamento da vela... (candles ok: 112)
[COLETOR] Ticks:     785 | 1.16253 @ 2026-09-03T19:43:37
[BOT] 1.1625 | Aguardando fechamento da vela... (candles ok: 112)
[COLETOR] Ticks:     786 | 1.16253 @ 2026-09-03T19:43:38
[COLETOR] Ticks:     787 | 1.16254 @ 2026-09-03T19:43:39
[BOT] 1.1625 | Aguardando fechamento da vela... (candles ok: 112)
[BOT] 1.1625 | Aguardando fechamento da vela... (candles ok: 112)
[COLETOR] Ticks:     788 | 1.16254 @ 2026-09-03T19:43:40
[COLETOR] Ticks:     789 | 1.16254 @ 2026-09-03T19:43:41
[BOT] 1.1625 | Aguardando fechamento da vela... (candles ok: 112)
[COLETOR] Ticks:     790 | 1.16254 @ 2026-09-03T19:43:42
[BOT] 1.1625 | Aguardando fechamento da vela... (candles ok: 112)
[BOT] 1.1625 | Aguardando fechamento da vela... (candles ok: 112)
[COLETOR] Ticks:     791 | 1.16254 @ 2026-09-03T19:43:43
[BOT] 1.1625 | Aguardando fechamento da vela... (candles ok: 112)
[COLETOR] Ticks:     792 | 1.16254 @ 2026-09-03T19:43:44
[BOT] 1.1625 | Aguardando fechamento da vela... (candles ok: 112)
[COLETOR] Ticks:     793 | 1.16254 @ 2026-09-03T19:43:45
[BOT] 1.1625 | Aguardando fechamento da vela... (candles ok: 112)
[COLETOR] Ticks:     794 | 1.16254 @ 2026-09-03T19:43:46
[BOT] 1.1625 | Aguardando fechamento da vela... (candles ok: 112)
[COLETOR] Ticks:     795 | 1.16254 @ 2026-09-03T19:43:47
[BOT] 1.1625 | Aguardando fechamento da vela... (candles ok: 112)
[COLETOR] Ticks:     796 | 1.16254 @ 2026-09-03T19:43:48
[BOT] 1.1625 | Aguardando fechamento da vela... (candles ok: 112)
[COLETOR] Ticks:     797 | 1.16254 @ 2026-09-03T19:43:49
[BOT] 1.1625 | Aguardando fechamento da vela... (candles ok: 112)
[COLETOR] Ticks:     798 | 1.16254 @ 2026-09-03T19:43:50
[BOT] 1.1625 | Aguardando fechamento da vela... (candles ok: 112)
[COLETOR] Ticks:     799 | 1.16254 @ 2026-09-03T19:43:51
[BOT] 1.1625 | Aguardando fechamento da vela... (candles ok: 112)
[COLETOR] Ticks:     800 | 1.16254 @ 2026-09-03T19:43:52
[COLETOR] Ticks:     801 | 1.16254 @ 2026-09-03T19:43:53
[BOT] 1.1625 | Aguardando fechamento da vela... (candles ok: 112)
[BOT] 1.1625 | Aguardando fechamento da vela... (candles ok: 112)
[COLETOR] Ticks:     802 | 1.16254 @ 2026-09-03T19:43:54
[COLETOR] Ticks:     803 | 1.16254 @ 2026-09-03T19:43:55
[BOT] 1.1625 | Aguardando fechamento da vela... (candles ok: 112)
[BOT] 1.1625 | Aguardando fechamento da vela... (candles ok: 112)
[COLETOR] Ticks:     804 | 1.16254 @ 2026-09-03T19:43:56
[BOT] 1.1625 | Aguardando fechamento da vela... (candles ok: 112)
[COLETOR] Ticks:     805 | 1.16253 @ 2026-09-03T19:43:57
[BOT] 1.1625 | Aguardando fechamento da vela... (candles ok: 112)
[COLETOR] Ticks:     806 | 1.16253 @ 2026-09-03T19:43:58
[BOT] 1.1625 | Aguardando fechamento da vela... (candles ok: 112)
[COLETOR] Ticks:     807 | 1.16254 @ 2026-09-03T19:43:59
[TICK] 1.1625 | EMA9:1.1626 EMA21:1.1626 | RSI:42.3 ADX:18.9 MACD_H:-0.00001 [LATERAL]
[COLETOR] Ticks:     808 | 1.16253 @ 2026-09-03T19:44:00
[BOT] 1.1625 | Aguardando fechamento da vela... (candles ok: 113)
[COLETOR] Ticks:     809 | 1.16253 @ 2026-09-03T19:44:01
[BOT] 1.1625 | Aguardando fechamento da vela... (candles ok: 113)
[COLETOR] Ticks:     810 | 1.16254 @ 2026-09-03T19:44:02
[BOT] 1.1625 | Aguardando fechamento da vela... (candles ok: 113)
[COLETOR] Ticks:     811 | 1.16253 @ 2026-09-03T19:44:03
[BOT] 1.1625 | Aguardando fechamento da vela... (candles ok: 113)
[COLETOR] Ticks:     812 | 1.16253 @ 2026-09-03T19:44:04
[BOT] 1.1625 | Aguardando fechamento da vela... (candles ok: 113)
[COLETOR] Ticks:     813 | 1.16253 @ 2026-09-03T19:44:05
[BOT] 1.1625 | Aguardando fechamento da vela... (candles ok: 113)
[COLETOR] Ticks:     814 | 1.16253 @ 2026-09-03T19:44:06
[BOT] 1.1625 | Aguardando fechamento da vela... (candles ok: 113)
[COLETOR] Ticks:     815 | 1.16253 @ 2026-09-03T19:44:07
[BOT] 1.1625 | Aguardando fechamento da vela... (candles ok: 113)
[COLETOR] Ticks:     816 | 1.16253 @ 2026-09-03T19:44:08
[BOT] 1.1625 | Aguardando fechamento da vela... (candles ok: 113)
[COLETOR] Ticks:     817 | 1.16253 @ 2026-09-03T19:44:09
[BOT] 1.1625 | Aguardando fechamento da vela... (candles ok: 113)
[COLETOR] Ticks:     818 | 1.16253 @ 2026-09-03T19:44:10
[BOT] 1.1625 | Aguardando fechamento da vela... (candles ok: 113)
[COLETOR] Ticks:     819 | 1.16253 @ 2026-09-03T19:44:11
[BOT] 1.1625 | Aguardando fechamento da vela... (candles ok: 113)
[COLETOR] Ticks:     820 | 1.16253 @ 2026-09-03T19:44:12
[BOT] 1.1625 | Aguardando fechamento da vela... (candles ok: 113)
[COLETOR] Ticks:     821 | 1.16253 @ 2026-09-03T19:44:13
[BOT] 1.1625 | Aguardando fechamento da vela... (candles ok: 113)
[COLETOR] Ticks:     822 | 1.16253 @ 2026-09-03T19:44:14
[BOT] 1.1625 | Aguardando fechamento da vela... (candles ok: 113)
[COLETOR] Ticks:     823 | 1.16253 @ 2026-09-03T19:44:15
[BOT] 1.1625 | Aguardando fechamento da vela... (candles ok: 113)
[COLETOR] Ticks:     824 | 1.16253 @ 2026-09-03T19:44:16
[COLETOR] Ticks:     825 | 1.16253 @ 2026-09-03T19:44:17
[BOT] 1.1625 | Aguardando fechamento da vela... (candles ok: 113)
[BOT] 1.1625 | Aguardando fechamento da vela... (candles ok: 113)
[COLETOR] Ticks:     826 | 1.16253 @ 2026-09-03T19:44:18
[BOT] 1.1625 | Aguardando fechamento da vela... (candles ok: 113)
[COLETOR] Ticks:     827 | 1.16253 @ 2026-09-03T19:44:19
[BOT] 1.1625 | Aguardando fechamento da vela... (candles ok: 113)
[COLETOR] Ticks:     828 | 1.16252 @ 2026-09-03T19:44:20
[BOT] 1.1625 | Aguardando fechamento da vela... (candles ok: 113)
[COLETOR] Ticks:     829 | 1.16253 @ 2026-09-03T19:44:21
[BOT] 1.1625 | Aguardando fechamento da vela... (candles ok: 113)
[COLETOR] Ticks:     830 | 1.16253 @ 2026-09-03T19:44:22
[COLETOR] Ticks:     831 | 1.16253 @ 2026-09-03T19:44:23
[BOT] 1.1625 | Aguardando fechamento da vela... (candles ok: 113)
[BOT] 1.1625 | Aguardando fechamento da vela... (candles ok: 113)
[COLETOR] Ticks:     832 | 1.16253 @ 2026-09-03T19:44:24
[BOT] 1.1625 | Aguardando fechamento da vela... (candles ok: 113)
[COLETOR] Ticks:     833 | 1.16253 @ 2026-09-03T19:44:25
[BOT] 1.1625 | Aguardando fechamento da vela... (candles ok: 113)
[COLETOR] Ticks:     834 | 1.16253 @ 2026-09-03T19:44:26
[BOT] 1.1625 | Aguardando fechamento da vela... (candles ok: 113)
[COLETOR] Ticks:     835 | 1.16253 @ 2026-09-03T19:44:27
[BOT] 1.1625 | Aguardando fechamento da vela... (candles ok: 113)
[COLETOR] Ticks:     836 | 1.16253 @ 2026-09-03T19:44:28
[BOT] 1.1625 | Aguardando fechamento da vela... (candles ok: 113)
[COLETOR] Ticks:     837 | 1.16253 @ 2026-09-03T19:44:29
[BOT] 1.1625 | Aguardando fechamento da vela... (candles ok: 113)
[COLETOR] Ticks:     838 | 1.16253 @ 2026-09-03T19:44:30
[BOT] 1.1625 | Aguardando fechamento da vela... (candles ok: 113)
[COLETOR] Ticks:     839 | 1.16253 @ 2026-09-03T19:44:31
[BOT] 1.1625 | Aguardando fechamento da vela... (candles ok: 113)
[COLETOR] Ticks:     840 | 1.16253 @ 2026-09-03T19:44:32
[BOT] 1.1625 | Aguardando fechamento da vela... (candles ok: 113)
[COLETOR] Ticks:     841 | 1.16253 @ 2026-09-03T19:44:33
[BOT] 1.1625 | Aguardando fechamento da vela... (candles ok: 113)
[COLETOR] Ticks:     842 | 1.16253 @ 2026-09-03T19:44:34
[BOT] 1.1625 | Aguardando fechamento da vela... (candles ok: 113)
[COLETOR] Ticks:     843 | 1.16253 @ 2026-09-03T19:44:35
[BOT] 1.1625 | Aguardando fechamento da vela... (candles ok: 113)
[COLETOR] Ticks:     844 | 1.16253 @ 2026-09-03T19:44:36
[BOT] 1.1625 | Aguardando fechamento da vela... (candles ok: 113)
[COLETOR] Ticks:     845 | 1.16253 @ 2026-09-03T19:44:37
[BOT] 1.1625 | Aguardando fechamento da vela... (candles ok: 113)
[COLETOR] Ticks:     846 | 1.16253 @ 2026-09-03T19:44:38
[COLETOR] Ticks:     847 | 1.16253 @ 2026-09-03T19:44:39
[BOT] 1.1625 | Aguardando fechamento da vela... (candles ok: 113)
[BOT] 1.1625 | Aguardando fechamento da vela... (candles ok: 113)
[COLETOR] Ticks:     848 | 1.16253 @ 2026-09-03T19:44:40
[COLETOR] Ticks:     849 | 1.16254 @ 2026-09-03T19:44:41
[BOT] 1.1625 | Aguardando fechamento da vela... (candles ok: 113)
[BOT] 1.1625 | Aguardando fechamento da vela... (candles ok: 113)
[COLETOR] Ticks:     850 | 1.16254 @ 2026-09-03T19:44:42
[BOT] 1.1625 | Aguardando fechamento da vela... (candles ok: 113)
[COLETOR] Ticks:     851 | 1.16253 @ 2026-09-03T19:44:43
[BOT] 1.1625 | Aguardando fechamento da vela... (candles ok: 113)
[COLETOR] Ticks:     852 | 1.16253 @ 2026-09-03T19:44:44
[COLETOR] Ticks:     853 | 1.16253 @ 2026-09-03T19:44:45
[BOT] 1.1625 | Aguardando fechamento da vela... (candles ok: 113)
[BOT] 1.1625 | Aguardando fechamento da vela... (candles ok: 113)
[COLETOR] Ticks:     854 | 1.16253 @ 2026-09-03T19:44:46
[BOT] 1.1625 | Aguardando fechamento da vela... (candles ok: 113)
[COLETOR] Ticks:     855 | 1.16253 @ 2026-09-03T19:44:47
[BOT] 1.1625 | Aguardando fechamento da vela... (candles ok: 113)
[COLETOR] Ticks:     856 | 1.16253 @ 2026-09-03T19:44:48
[COLETOR] Ticks:     857 | 1.16253 @ 2026-09-03T19:44:49
[BOT] 1.1625 | Aguardando fechamento da vela... (candles ok: 113)
[BOT] 1.1625 | Aguardando fechamento da vela... (candles ok: 113)
[COLETOR] Ticks:     858 | 1.16253 @ 2026-09-03T19:44:50
[BOT] 1.1625 | Aguardando fechamento da vela... (candles ok: 113)
[COLETOR] Ticks:     859 | 1.16253 @ 2026-09-03T19:44:51
[BOT] 1.1625 | Aguardando fechamento da vela... (candles ok: 113)
[COLETOR] Ticks:     860 | 1.16253 @ 2026-09-03T19:44:52
[BOT] 1.1625 | Aguardando fechamento da vela... (candles ok: 113)
[COLETOR] Ticks:     861 | 1.16253 @ 2026-09-03T19:44:53
[COLETOR] Ticks:     862 | 1.16253 @ 2026-09-03T19:44:54
[BOT] 1.1625 | Aguardando fechamento da vela... (candles ok: 113)
[COLETOR] Ticks:     863 | 1.16253 @ 2026-09-03T19:44:55
[BOT] 1.1625 | Aguardando fechamento da vela... (candles ok: 113)
[BOT] 1.1625 | Aguardando fechamento da vela... (candles ok: 113)
[COLETOR] Ticks:     864 | 1.16254 @ 2026-09-03T19:44:56
[BOT] 1.1625 | Aguardando fechamento da vela... (candles ok: 113)
[COLETOR] Ticks:     865 | 1.16253 @ 2026-09-03T19:44:57
[BOT] 1.1625 | Aguardando fechamento da vela... (candles ok: 113)
[COLETOR] Ticks:     866 | 1.16253 @ 2026-09-03T19:44:58
[COLETOR] Ticks:     867 | 1.16253 @ 2026-09-03T19:44:59
[BOT] 1.1625 | Aguardando fechamento da vela... (candles ok: 113)
[TICK] 1.1625 | EMA9:1.1625 EMA21:1.1626 | RSI:40.6 ADX:19.8 MACD_H:-0.00001 [LATERAL]
[COLETOR] Ticks:     868 | 1.16253 @ 2026-09-03T19:45:00
[BOT] 1.1625 | Aguardando fechamento da vela... (candles ok: 114)
[COLETOR] Ticks:     869 | 1.16253 @ 2026-09-03T19:45:01
[BOT] 1.1625 | Aguardando fechamento da vela... (candles ok: 114)
[COLETOR] Ticks:     870 | 1.16254 @ 2026-09-03T19:45:02
[BOT] 1.1625 | Aguardando fechamento da vela... (candles ok: 114)
[COLETOR] Ticks:     871 | 1.16252 @ 2026-09-03T19:45:03
[BOT] 1.1625 | Aguardando fechamento da vela... (candles ok: 114)
[COLETOR] Ticks:     872 | 1.16251 @ 2026-09-03T19:45:04
[BOT] 1.1625 | Aguardando fechamento da vela... (candles ok: 114)
[COLETOR] Ticks:     873 | 1.16252 @ 2026-09-03T19:45:05
[BOT] 1.1625 | Aguardando fechamento da vela... (candles ok: 114)
[COLETOR] Ticks:     874 | 1.16252 @ 2026-09-03T19:45:06
[COLETOR] Ticks:     875 | 1.16252 @ 2026-09-03T19:45:07
[BOT] 1.1625 | Aguardando fechamento da vela... (candles ok: 114)
[BOT] 1.1625 | Aguardando fechamento da vela... (candles ok: 114)
[COLETOR] Ticks:     876 | 1.16252 @ 2026-09-03T19:45:08
[BOT] 1.1625 | Aguardando fechamento da vela... (candles ok: 114)
[BOT] 1.1625 | Aguardando fechamento da vela... (candles ok: 114)
[COLETOR] Ticks:     877 | 1.16251 @ 2026-09-03T19:45:09
[COLETOR] Ticks:     878 | 1.16251 @ 2026-09-03T19:45:10
[BOT] 1.1625 | Aguardando fechamento da vela... (candles ok: 114)
[COLETOR] Ticks:     879 | 1.16251 @ 2026-09-03T19:45:11
[COLETOR] Ticks:     880 | 1.16251 @ 2026-09-03T19:45:12
[BOT] 1.1625 | Aguardando fechamento da vela... (candles ok: 114)
[BOT] 1.1625 | Aguardando fechamento da vela... (candles ok: 114)
[COLETOR] Ticks:     881 | 1.16251 @ 2026-09-03T19:45:13
[BOT] 1.1625 | Aguardando fechamento da vela... (candles ok: 114)
[COLETOR] Ticks:     882 | 1.16251 @ 2026-09-03T19:45:14
[BOT] 1.1625 | Aguardando fechamento da vela... (candles ok: 114)
[COLETOR] Ticks:     883 | 1.16251 @ 2026-09-03T19:45:15
[BOT] 1.1625 | Aguardando fechamento da vela... (candles ok: 114)
[COLETOR] Ticks:     884 | 1.16251 @ 2026-09-03T19:45:16
[COLETOR] Ticks:     885 | 1.16251 @ 2026-09-03T19:45:17
[BOT] 1.1625 | Aguardando fechamento da vela... (candles ok: 114)
[BOT] 1.1625 | Aguardando fechamento da vela... (candles ok: 114)
[COLETOR] Ticks:     886 | 1.16251 @ 2026-09-03T19:45:18
[COLETOR] Ticks:     887 | 1.16251 @ 2026-09-03T19:45:19
[BOT] 1.1625 | Aguardando fechamento da vela... (candles ok: 114)
[COLETOR] Ticks:     888 | 1.16251 @ 2026-09-03T19:45:20
[BOT] 1.1625 | Aguardando fechamento da vela... (candles ok: 114)
[COLETOR] Ticks:     889 | 1.16251 @ 2026-09-03T19:45:21
[BOT] 1.1625 | Aguardando fechamento da vela... (candles ok: 114)
[BOT] 1.1625 | Aguardando fechamento da vela... (candles ok: 114)
[COLETOR] Ticks:     890 | 1.16251 @ 2026-09-03T19:45:22
[BOT] 1.1625 | Aguardando fechamento da vela... (candles ok: 114)
[BOT] 1.1625 | Aguardando fechamento da vela... (candles ok: 114)
[COLETOR] Ticks:     891 | 1.16252 @ 2026-09-03T19:45:23
[COLETOR] Ticks:     892 | 1.16251 @ 2026-09-03T19:45:24
[BOT] 1.1625 | Aguardando fechamento da vela... (candles ok: 114)
[COLETOR] Ticks:     893 | 1.16252 @ 2026-09-03T19:45:25
[BOT] 1.1625 | Aguardando fechamento da vela... (candles ok: 114)
[COLETOR] Ticks:     894 | 1.16251 @ 2026-09-03T19:45:26
[BOT] 1.1625 | Aguardando fechamento da vela... (candles ok: 114)
[COLETOR] Ticks:     895 | 1.16251 @ 2026-09-03T19:45:27
[BOT] 1.1625 | Aguardando fechamento da vela... (candles ok: 114)
[COLETOR] Ticks:     896 | 1.16251 @ 2026-09-03T19:45:28
[BOT] 1.1625 | Aguardando fechamento da vela... (candles ok: 114)
[COLETOR] Ticks:     897 | 1.16251 @ 2026-09-03T19:45:29
[BOT] 1.1625 | Aguardando fechamento da vela... (candles ok: 114)
[COLETOR] Ticks:     898 | 1.16251 @ 2026-09-03T19:45:30
[COLETOR] Ticks:     899 | 1.16251 @ 2026-09-03T19:45:31
[BOT] 1.1625 | Aguardando fechamento da vela... (candles ok: 114)
[BOT] 1.1625 | Aguardando fechamento da vela... (candles ok: 114)
[COLETOR] Ticks:     900 | 1.16252 @ 2026-09-03T19:45:32
[BOT] 1.1625 | Aguardando fechamento da vela... (candles ok: 114)
[COLETOR] Ticks:     901 | 1.16251 @ 2026-09-03T19:45:33
[BOT] 1.1625 | Aguardando fechamento da vela... (candles ok: 114)
[COLETOR] Ticks:     902 | 1.16251 @ 2026-09-03T19:45:34
[COLETOR] Ticks:     903 | 1.16251 @ 2026-09-03T19:45:35
[BOT] 1.1625 | Aguardando fechamento da vela... (candles ok: 114)
[BOT] 1.1625 | Aguardando fechamento da vela... (candles ok: 114)
[COLETOR] Ticks:     904 | 1.16251 @ 2026-09-03T19:45:36
[COLETOR] Ticks:     905 | 1.16251 @ 2026-09-03T19:45:37
[BOT] 1.1625 | Aguardando fechamento da vela... (candles ok: 114)
[BOT] 1.1625 | Aguardando fechamento da vela... (candles ok: 114)
[COLETOR] Ticks:     906 | 1.16251 @ 2026-09-03T19:45:38
[BOT] 1.1625 | Aguardando fechamento da vela... (candles ok: 114)
[COLETOR] Ticks:     907 | 1.16251 @ 2026-09-03T19:45:39
[BOT] 1.1625 | Aguardando fechamento da vela... (candles ok: 114)
[COLETOR] Ticks:     908 | 1.16251 @ 2026-09-03T19:45:40
[BOT] 1.1625 | Aguardando fechamento da vela... (candles ok: 114)
[COLETOR] Ticks:     909 | 1.16253 @ 2026-09-03T19:45:41
[BOT] 1.1625 | Aguardando fechamento da vela... (candles ok: 114)
[COLETOR] Ticks:     910 | 1.16253 @ 2026-09-03T19:45:42
[BOT] 1.1625 | Aguardando fechamento da vela... (candles ok: 114)
[COLETOR] Ticks:     911 | 1.16253 @ 2026-09-03T19:45:43
[BOT] 1.1625 | Aguardando fechamento da vela... (candles ok: 114)
[COLETOR] Ticks:     912 | 1.16253 @ 2026-09-03T19:45:44
[BOT] 1.1625 | Aguardando fechamento da vela... (candles ok: 114)
[COLETOR] Ticks:     913 | 1.16253 @ 2026-09-03T19:45:45
[COLETOR] Ticks:     914 | 1.16253 @ 2026-09-03T19:45:46
[BOT] 1.1625 | Aguardando fechamento da vela... (candles ok: 114)
[BOT] 1.1625 | Aguardando fechamento da vela... (candles ok: 114)
[COLETOR] Ticks:     915 | 1.16253 @ 2026-09-03T19:45:47
[BOT] 1.1625 | Aguardando fechamento da vela... (candles ok: 114)
[COLETOR] Ticks:     916 | 1.16253 @ 2026-09-03T19:45:48
[BOT] 1.1625 | Aguardando fechamento da vela... (candles ok: 114)
[COLETOR] Ticks:     917 | 1.16253 @ 2026-09-03T19:45:49
[BOT] 1.1625 | Aguardando fechamento da vela... (candles ok: 114)
[COLETOR] Ticks:     918 | 1.16253 @ 2026-09-03T19:45:50
[BOT] 1.1625 | Aguardando fechamento da vela... (candles ok: 114)
[COLETOR] Ticks:     919 | 1.16253 @ 2026-09-03T19:45:51
[BOT] 1.1625 | Aguardando fechamento da vela... (candles ok: 114)
[COLETOR] Ticks:     920 | 1.16253 @ 2026-09-03T19:45:52
[BOT] 1.1625 | Aguardando fechamento da vela... (candles ok: 114)
[COLETOR] Ticks:     921 | 1.16253 @ 2026-09-03T19:45:53
[BOT] 1.1625 | Aguardando fechamento da vela... (candles ok: 114)
[COLETOR] Ticks:     922 | 1.16253 @ 2026-09-03T19:45:54
[BOT] 1.1625 | Aguardando fechamento da vela... (candles ok: 114)
[COLETOR] Ticks:     923 | 1.16253 @ 2026-09-03T19:45:55
[BOT] 1.1625 | Aguardando fechamento da vela... (candles ok: 114)
[COLETOR] Ticks:     924 | 1.16253 @ 2026-09-03T19:45:56
[BOT] 1.1625 | Aguardando fechamento da vela... (candles ok: 114)
[COLETOR] Ticks:     925 | 1.16253 @ 2026-09-03T19:45:57
[BOT] 1.1625 | Aguardando fechamento da vela... (candles ok: 114)
[COLETOR] Ticks:     926 | 1.16253 @ 2026-09-03T19:45:58
[COLETOR] Ticks:     927 | 1.16253 @ 2026-09-03T19:45:59
[BOT] 1.1625 | Aguardando fechamento da vela... (candles ok: 114)
[VELA] ━━━━━━━━━━━━━━━━━━━━━━━━━━━━━━━━
  🔴 Bearish Engulfing (força: 0.50)
  Preço: 1.1625 | Contexto: Demand Zone + Suporte próximo + FVG Bullish
  Ação sugerida: SELL favorecido
[VELA] ━━━━━━━━━━━━━━━━━━━━━━━━━━━━━━━━
[TICK] 1.1625 | EMA9:1.1625 EMA21:1.1626 | RSI:40.6 ADX:20.6 MACD_H:-0.00001
[COLETOR] Ticks:     928 | 1.16253 @ 2026-09-03T19:46:00
[BOT] 1.1625 | Aguardando fechamento da vela... (candles ok: 115)
[COLETOR] Ticks:     929 | 1.16252 @ 2026-09-03T19:46:01
[BOT] 1.1625 | Aguardando fechamento da vela... (candles ok: 115)
[COLETOR] Ticks:     930 | 1.16253 @ 2026-09-03T19:46:02
[BOT] 1.1625 | Aguardando fechamento da vela... (candles ok: 115)
[COLETOR] Ticks:     931 | 1.16253 @ 2026-09-03T19:46:03
[BOT] 1.1625 | Aguardando fechamento da vela... (candles ok: 115)
[COLETOR] Ticks:     932 | 1.16253 @ 2026-09-03T19:46:04
[BOT] 1.1625 | Aguardando fechamento da vela... (candles ok: 115)
[COLETOR] Ticks:     933 | 1.16253 @ 2026-09-03T19:46:05
[BOT] 1.1625 | Aguardando fechamento da vela... (candles ok: 115)
[COLETOR] Ticks:     934 | 1.16253 @ 2026-09-03T19:46:06
[BOT] 1.1625 | Aguardando fechamento da vela... (candles ok: 115)
[COLETOR] Ticks:     935 | 1.16254 @ 2026-09-03T19:46:07
[BOT] 1.1625 | Aguardando fechamento da vela... (candles ok: 115)
[COLETOR] Ticks:     936 | 1.16254 @ 2026-09-03T19:46:08
[BOT] 1.1625 | Aguardando fechamento da vela... (candles ok: 115)
[COLETOR] Ticks:     937 | 1.16254 @ 2026-09-03T19:46:09
[COLETOR] Ticks:     938 | 1.16254 @ 2026-09-03T19:46:10
[BOT] 1.1625 | Aguardando fechamento da vela... (candles ok: 115)
[BOT] 1.1625 | Aguardando fechamento da vela... (candles ok: 115)
[COLETOR] Ticks:     939 | 1.16254 @ 2026-09-03T19:46:11
[BOT] 1.1625 | Aguardando fechamento da vela... (candles ok: 115)
[COLETOR] Ticks:     940 | 1.16254 @ 2026-09-03T19:46:12
[BOT] 1.1625 | Aguardando fechamento da vela... (candles ok: 115)
[COLETOR] Ticks:     941 | 1.16252 @ 2026-09-03T19:46:13
[BOT] 1.1625 | Aguardando fechamento da vela... (candles ok: 115)
[COLETOR] Ticks:     942 | 1.16252 @ 2026-09-03T19:46:14
[COLETOR] Ticks:     943 | 1.16252 @ 2026-09-03T19:46:15
[BOT] 1.1625 | Aguardando fechamento da vela... (candles ok: 115)
[BOT] 1.1625 | Aguardando fechamento da vela... (candles ok: 115)
[COLETOR] Ticks:     944 | 1.16253 @ 2026-09-03T19:46:16
[BOT] 1.1625 | Aguardando fechamento da vela... (candles ok: 115)
[COLETOR] Ticks:     945 | 1.16253 @ 2026-09-03T19:46:17
[BOT] 1.1625 | Aguardando fechamento da vela... (candles ok: 115)
[COLETOR] Ticks:     946 | 1.16253 @ 2026-09-03T19:46:18
[COLETOR] Ticks:     947 | 1.16253 @ 2026-09-03T19:46:19
[BOT] 1.1625 | Aguardando fechamento da vela... (candles ok: 115)
[BOT] 1.1625 | Aguardando fechamento da vela... (candles ok: 115)
[COLETOR] Ticks:     948 | 1.16253 @ 2026-09-03T19:46:20
[COLETOR] Ticks:     949 | 1.16252 @ 2026-09-03T19:46:21
[BOT] 1.1625 | Aguardando fechamento da vela... (candles ok: 115)
[BOT] 1.1625 | Aguardando fechamento da vela... (candles ok: 115)
[COLETOR] Ticks:     950 | 1.16252 @ 2026-09-03T19:46:22
[BOT] 1.1625 | Aguardando fechamento da vela... (candles ok: 115)
[COLETOR] Ticks:     951 | 1.16253 @ 2026-09-03T19:46:23
[BOT] 1.1625 | Aguardando fechamento da vela... (candles ok: 115)
[COLETOR] Ticks:     952 | 1.16253 @ 2026-09-03T19:46:24
[BOT] 1.1625 | Aguardando fechamento da vela... (candles ok: 115)
[COLETOR] Ticks:     953 | 1.16253 @ 2026-09-03T19:46:25
[BOT] 1.1625 | Aguardando fechamento da vela... (candles ok: 115)
[COLETOR] Ticks:     954 | 1.16253 @ 2026-09-03T19:46:26
[COLETOR] Ticks:     955 | 1.16253 @ 2026-09-03T19:46:27
[BOT] 1.1625 | Aguardando fechamento da vela... (candles ok: 115)
[BOT] 1.1625 | Aguardando fechamento da vela... (candles ok: 115)
[COLETOR] Ticks:     956 | 1.16253 @ 2026-09-03T19:46:28
[BOT] 1.1625 | Aguardando fechamento da vela... (candles ok: 115)
[COLETOR] Ticks:     957 | 1.16253 @ 2026-09-03T19:46:29
[BOT] 1.1625 | Aguardando fechamento da vela... (candles ok: 115)
[COLETOR] Ticks:     958 | 1.16253 @ 2026-09-03T19:46:30
[BOT] 1.1625 | Aguardando fechamento da vela... (candles ok: 115)
[COLETOR] Ticks:     959 | 1.16253 @ 2026-09-03T19:46:31
[BOT] 1.1625 | Aguardando fechamento da vela... (candles ok: 115)
[COLETOR] Ticks:     960 | 1.16253 @ 2026-09-03T19:46:32
[BOT] 1.1625 | Aguardando fechamento da vela... (candles ok: 115)
[COLETOR] Ticks:     961 | 1.16253 @ 2026-09-03T19:46:33
[BOT] 1.1625 | Aguardando fechamento da vela... (candles ok: 115)
[COLETOR] Ticks:     962 | 1.16253 @ 2026-09-03T19:46:34
[COLETOR] Ticks:     963 | 1.16253 @ 2026-09-03T19:46:35
[BOT] 1.1625 | Aguardando fechamento da vela... (candles ok: 115)
[BOT] 1.1625 | Aguardando fechamento da vela... (candles ok: 115)
[COLETOR] Ticks:     964 | 1.16253 @ 2026-09-03T19:46:36
[BOT] 1.1625 | Aguardando fechamento da vela... (candles ok: 115)
[COLETOR] Ticks:     965 | 1.16253 @ 2026-09-03T19:46:37
[COLETOR] Ticks:     966 | 1.16253 @ 2026-09-03T19:46:38
[BOT] 1.1625 | Aguardando fechamento da vela... (candles ok: 115)
[BOT] 1.1625 | Aguardando fechamento da vela... (candles ok: 115)
[COLETOR] Ticks:     967 | 1.16253 @ 2026-09-03T19:46:39
[BOT] 1.1625 | Aguardando fechamento da vela... (candles ok: 115)
[COLETOR] Ticks:     968 | 1.16253 @ 2026-09-03T19:46:40
[BOT] 1.1625 | Aguardando fechamento da vela... (candles ok: 115)
[COLETOR] Ticks:     969 | 1.16253 @ 2026-09-03T19:46:41
[BOT] 1.1625 | Aguardando fechamento da vela... (candles ok: 115)
[COLETOR] Ticks:     970 | 1.16253 @ 2026-09-03T19:46:42
[BOT] 1.1625 | Aguardando fechamento da vela... (candles ok: 115)
[COLETOR] Ticks:     971 | 1.16253 @ 2026-09-03T19:46:43
[BOT] 1.1625 | Aguardando fechamento da vela... (candles ok: 115)
[COLETOR] Ticks:     972 | 1.16253 @ 2026-09-03T19:46:44
[BOT] 1.1625 | Aguardando fechamento da vela... (candles ok: 115)
[COLETOR] Ticks:     973 | 1.16253 @ 2026-09-03T19:46:45
[BOT] 1.1625 | Aguardando fechamento da vela... (candles ok: 115)
[COLETOR] Ticks:     974 | 1.16253 @ 2026-09-03T19:46:46
[BOT] 1.1625 | Aguardando fechamento da vela... (candles ok: 115)
[COLETOR] Ticks:     975 | 1.16253 @ 2026-09-03T19:46:47
[COLETOR] Ticks:     976 | 1.16253 @ 2026-09-03T19:46:48
[BOT] 1.1625 | Aguardando fechamento da vela... (candles ok: 115)
[COLETOR] Ticks:     977 | 1.16253 @ 2026-09-03T19:46:49
[BOT] 1.1625 | Aguardando fechamento da vela... (candles ok: 115)
[BOT] 1.1625 | Aguardando fechamento da vela... (candles ok: 115)
[COLETOR] Ticks:     978 | 1.16253 @ 2026-09-03T19:46:50
[BOT] 1.1625 | Aguardando fechamento da vela... (candles ok: 115)
[COLETOR] Ticks:     979 | 1.16253 @ 2026-09-03T19:46:51
[BOT] 1.1625 | Aguardando fechamento da vela... (candles ok: 115)
[COLETOR] Ticks:     980 | 1.16253 @ 2026-09-03T19:46:52
[COLETOR] Ticks:     981 | 1.16253 @ 2026-09-03T19:46:53
[BOT] 1.1625 | Aguardando fechamento da vela... (candles ok: 115)
[BOT] 1.1625 | Aguardando fechamento da vela... (candles ok: 115)
[COLETOR] Ticks:     982 | 1.16253 @ 2026-09-03T19:46:54
[BOT] 1.1625 | Aguardando fechamento da vela... (candles ok: 115)
[COLETOR] Ticks:     983 | 1.16253 @ 2026-09-03T19:46:55
[BOT] 1.1625 | Aguardando fechamento da vela... (candles ok: 115)
[COLETOR] Ticks:     984 | 1.16253 @ 2026-09-03T19:46:56
[BOT] 1.1625 | Aguardando fechamento da vela... (candles ok: 115)
[COLETOR] Ticks:     985 | 1.16253 @ 2026-09-03T19:46:57
[COLETOR] Ticks:     986 | 1.16253 @ 2026-09-03T19:46:58
[BOT] 1.1625 | Aguardando fechamento da vela... (candles ok: 115)
[BOT] 1.1625 | Aguardando fechamento da vela... (candles ok: 115)
[COLETOR] Ticks:     987 | 1.16253 @ 2026-09-03T19:46:59
[VELA] ━━━━━━━━━━━━━━━━━━━━━━━━━━━━━━━━
  🔴 Bearish Engulfing (força: 0.50)
  Preço: 1.1625 | Contexto: Demand Zone + Suporte próximo + FVG Bullish
  Ação sugerida: SELL favorecido
[VELA] ━━━━━━━━━━━━━━━━━━━━━━━━━━━━━━━━
[TICK] 1.1625 | EMA9:1.1625 EMA21:1.1626 | RSI:40.6 ADX:21.4 MACD_H:-0.00000
[COLETOR] Ticks:     988 | 1.16253 @ 2026-09-03T19:47:00
[COLETOR] Ticks:     989 | 1.16253 @ 2026-09-03T19:47:01
[BOT] 1.1625 | Aguardando fechamento da vela... (candles ok: 116)
[BOT] 1.1625 | Aguardando fechamento da vela... (candles ok: 116)
[COLETOR] Ticks:     990 | 1.16253 @ 2026-09-03T19:47:02
[BOT] 1.1625 | Aguardando fechamento da vela... (candles ok: 116)
[COLETOR] Ticks:     991 | 1.16253 @ 2026-09-03T19:47:03
[BOT] 1.1625 | Aguardando fechamento da vela... (candles ok: 116)
[COLETOR] Ticks:     992 | 1.16253 @ 2026-09-03T19:47:04
[BOT] 1.1625 | Aguardando fechamento da vela... (candles ok: 116)
[COLETOR] Ticks:     993 | 1.16253 @ 2026-09-03T19:47:05
[BOT] 1.1625 | Aguardando fechamento da vela... (candles ok: 116)
[COLETOR] Ticks:     994 | 1.16253 @ 2026-09-03T19:47:06
[BOT] 1.1625 | Aguardando fechamento da vela... (candles ok: 116)
[COLETOR] Ticks:     995 | 1.16253 @ 2026-09-03T19:47:07
[BOT] 1.1625 | Aguardando fechamento da vela... (candles ok: 116)
[COLETOR] Ticks:     996 | 1.16253 @ 2026-09-03T19:47:08
[BOT] 1.1625 | Aguardando fechamento da vela... (candles ok: 116)
[COLETOR] Ticks:     997 | 1.16253 @ 2026-09-03T19:47:09
[BOT] 1.1625 | Aguardando fechamento da vela... (candles ok: 116)
[COLETOR] Ticks:     998 | 1.16253 @ 2026-09-03T19:47:10
[BOT] 1.1625 | Aguardando fechamento da vela... (candles ok: 116)
[COLETOR] Ticks:     999 | 1.16253 @ 2026-09-03T19:47:11
[COLETOR] Ticks:   1,000 | 1.16253 @ 2026-09-03T19:47:12
[BOT] 1.1625 | Aguardando fechamento da vela... (candles ok: 116)
[BOT] 1.1625 | Aguardando fechamento da vela... (candles ok: 116)
[COLETOR] Ticks:   1,001 | 1.16253 @ 2026-09-03T19:47:13
[BOT] 1.1625 | Aguardando fechamento da vela... (candles ok: 116)
[COLETOR] Ticks:   1,002 | 1.16252 @ 2026-09-03T19:47:14
[BOT] 1.1625 | Aguardando fechamento da vela... (candles ok: 116)
[COLETOR] Ticks:   1,003 | 1.16251 @ 2026-09-03T19:47:15
[BOT] 1.1625 | Aguardando fechamento da vela... (candles ok: 116)
[COLETOR] Ticks:   1,004 | 1.16252 @ 2026-09-03T19:47:16
[COLETOR] Ticks:   1,005 | 1.16254 @ 2026-09-03T19:47:17
[BOT] 1.1625 | Aguardando fechamento da vela... (candles ok: 116)
[BOT] 1.1625 | Aguardando fechamento da vela... (candles ok: 116)
[COLETOR] Ticks:   1,006 | 1.16254 @ 2026-09-03T19:47:18
[BOT] 1.1625 | Aguardando fechamento da vela... (candles ok: 116)
[COLETOR] Ticks:   1,007 | 1.16254 @ 2026-09-03T19:47:19
[BOT] 1.1625 | Aguardando fechamento da vela... (candles ok: 116)
[COLETOR] Ticks:   1,008 | 1.16253 @ 2026-09-03T19:47:20
[BOT] 1.1625 | Aguardando fechamento da vela... (candles ok: 116)
[COLETOR] Ticks:   1,009 | 1.16253 @ 2026-09-03T19:47:21
[BOT] 1.1625 | Aguardando fechamento da vela... (candles ok: 116)
[COLETOR] Ticks:   1,010 | 1.16253 @ 2026-09-03T19:47:22
[BOT] 1.1625 | Aguardando fechamento da vela... (candles ok: 116)
[COLETOR] Ticks:   1,011 | 1.16253 @ 2026-09-03T19:47:23
[BOT] 1.1625 | Aguardando fechamento da vela... (candles ok: 116)
[COLETOR] Ticks:   1,012 | 1.16253 @ 2026-09-03T19:47:24
[BOT] 1.1625 | Aguardando fechamento da vela... (candles ok: 116)
[COLETOR] Ticks:   1,013 | 1.16253 @ 2026-09-03T19:47:25
[BOT] 1.1625 | Aguardando fechamento da vela... (candles ok: 116)
[COLETOR] Ticks:   1,014 | 1.16254 @ 2026-09-03T19:47:26
[COLETOR] Ticks:   1,015 | 1.16253 @ 2026-09-03T19:47:27
[BOT] 1.1625 | Aguardando fechamento da vela... (candles ok: 116)
[BOT] 1.1625 | Aguardando fechamento da vela... (candles ok: 116)
[BOT] 1.1625 | Aguardando fechamento da vela... (candles ok: 116)
[COLETOR] Ticks:   1,016 | 1.16253 @ 2026-09-03T19:47:28
[COLETOR] Ticks:   1,017 | 1.16253 @ 2026-09-03T19:47:29
[BOT] 1.1625 | Aguardando fechamento da vela... (candles ok: 116)
[COLETOR] Ticks:   1,018 | 1.16253 @ 2026-09-03T19:47:30
[COLETOR] Ticks:   1,019 | 1.16253 @ 2026-09-03T19:47:31
[BOT] 1.1625 | Aguardando fechamento da vela... (candles ok: 116)
[BOT] 1.1625 | Aguardando fechamento da vela... (candles ok: 116)
[COLETOR] Ticks:   1,020 | 1.16253 @ 2026-09-03T19:47:32
[COLETOR] Ticks:   1,021 | 1.16253 @ 2026-09-03T19:47:33
[BOT] 1.1625 | Aguardando fechamento da vela... (candles ok: 116)
[BOT] 1.1625 | Aguardando fechamento da vela... (candles ok: 116)
[COLETOR] Ticks:   1,022 | 1.16253 @ 2026-09-03T19:47:34
[BOT] 1.1625 | Aguardando fechamento da vela... (candles ok: 116)
[COLETOR] Ticks:   1,023 | 1.16252 @ 2026-09-03T19:47:35
[BOT] 1.1625 | Aguardando fechamento da vela... (candles ok: 116)
[COLETOR] Ticks:   1,024 | 1.16252 @ 2026-09-03T19:47:36
[BOT] 1.1625 | Aguardando fechamento da vela... (candles ok: 116)
[COLETOR] Ticks:   1,025 | 1.16252 @ 2026-09-03T19:47:37
[BOT] 1.1625 | Aguardando fechamento da vela... (candles ok: 116)
[COLETOR] Ticks:   1,026 | 1.16253 @ 2026-09-03T19:47:38
[BOT] 1.1625 | Aguardando fechamento da vela... (candles ok: 116)
[COLETOR] Ticks:   1,027 | 1.16253 @ 2026-09-03T19:47:39
[BOT] 1.1625 | Aguardando fechamento da vela... (candles ok: 116)
[COLETOR] Ticks:   1,028 | 1.16252 @ 2026-09-03T19:47:40
[BOT] 1.1625 | Aguardando fechamento da vela... (candles ok: 116)
[COLETOR] Ticks:   1,029 | 1.16252 @ 2026-09-03T19:47:41
[BOT] 1.1625 | Aguardando fechamento da vela... (candles ok: 116)
[COLETOR] Ticks:   1,030 | 1.16252 @ 2026-09-03T19:47:42
[BOT] 1.1625 | Aguardando fechamento da vela... (candles ok: 116)
[COLETOR] Ticks:   1,031 | 1.16253 @ 2026-09-03T19:47:43
[BOT] 1.1625 | Aguardando fechamento da vela... (candles ok: 116)
[COLETOR] Ticks:   1,032 | 1.16246 @ 2026-09-03T19:47:44
[BOT] 1.1624 | Aguardando fechamento da vela... (candles ok: 116)
[COLETOR] Ticks:   1,033 | 1.16243 @ 2026-09-03T19:47:45
[BOT] 1.1624 | Aguardando fechamento da vela... (candles ok: 116)
[COLETOR] Ticks:   1,034 | 1.16244 @ 2026-09-03T19:47:46
[BOT] 1.1624 | Aguardando fechamento da vela... (candles ok: 116)
[COLETOR] Ticks:   1,035 | 1.16243 @ 2026-09-03T19:47:47
[BOT] 1.1624 | Aguardando fechamento da vela... (candles ok: 116)
[COLETOR] Ticks:   1,036 | 1.16244 @ 2026-09-03T19:47:48
[BOT] 1.1624 | Aguardando fechamento da vela... (candles ok: 116)
[COLETOR] Ticks:   1,037 | 1.16243 @ 2026-09-03T19:47:49
[COLETOR] Ticks:   1,038 | 1.16244 @ 2026-09-03T19:47:50
[BOT] 1.1624 | Aguardando fechamento da vela... (candles ok: 116)
[BOT] 1.1624 | Aguardando fechamento da vela... (candles ok: 116)
[COLETOR] Ticks:   1,039 | 1.16244 @ 2026-09-03T19:47:51
[COLETOR] Ticks:   1,040 | 1.16243 @ 2026-09-03T19:47:52
[BOT] 1.1624 | Aguardando fechamento da vela... (candles ok: 116)
[BOT] 1.1624 | Aguardando fechamento da vela... (candles ok: 116)
[COLETOR] Ticks:   1,041 | 1.16243 @ 2026-09-03T19:47:53
[BOT] 1.1624 | Aguardando fechamento da vela... (candles ok: 116)
[COLETOR] Ticks:   1,042 | 1.16243 @ 2026-09-03T19:47:54
[BOT] 1.1624 | Aguardando fechamento da vela... (candles ok: 116)
[COLETOR] Ticks:   1,043 | 1.16243 @ 2026-09-03T19:47:55
[BOT] 1.1624 | Aguardando fechamento da vela... (candles ok: 116)
[COLETOR] Ticks:   1,044 | 1.16243 @ 2026-09-03T19:47:56
[BOT] 1.1624 | Aguardando fechamento da vela... (candles ok: 116)
[COLETOR] Ticks:   1,045 | 1.16243 @ 2026-09-03T19:47:57
[BOT] 1.1624 | Aguardando fechamento da vela... (candles ok: 116)
[COLETOR] Ticks:   1,046 | 1.16243 @ 2026-09-03T19:47:58
[BOT] 1.1624 | Aguardando fechamento da vela... (candles ok: 116)
[COLETOR] Ticks:   1,047 | 1.16243 @ 2026-09-03T19:47:59
[VELA] ━━━━━━━━━━━━━━━━━━━━━━━━━━━━━━━━
  🔴 Bearish Engulfing (força: 0.50)
  Preço: 1.1624 | Contexto: Demand Zone + Suporte próximo + FVG Bullish
  Ação sugerida: SELL favorecido
[VELA] ━━━━━━━━━━━━━━━━━━━━━━━━━━━━━━━━
[IA] Modelo carregado: XGBoost (model.pkl)
[IA] Modelo TFT carregado (transformer_model.pkl)
[TICK] 1.1624 | EMA9:1.1625 EMA21:1.1625 | RSI:27.3 ADX:24.2 MACD_H:-0.00001 [→ SELL]
[COLETOR] Ticks:   1,048 | 1.16243 @ 2026-09-03T19:48:00[IA] Modelo de duração carregado (duration_model.pkl)
[BOT] → SELL | Stake: 10.00 USD | Duração: 15m | ADX:24.2 RSI:27.3
[BOT] Erro API: Trading on forex contracts with duration less than 5 hours is not available from 21:00:00 to 23:59:59
[BOT] 1.1624 | Aguardando fechamento da vela... (candles ok: 117)
[COLETOR] Ticks:   1,049 | 1.16243 @ 2026-09-03T19:48:01
[BOT] 1.1624 | Aguardando fechamento da vela... (candles ok: 117)
[COLETOR] Ticks:   1,050 | 1.16243 @ 2026-09-03T19:48:02
[BOT] 1.1624 | Aguardando fechamento da vela... (candles ok: 117)
[COLETOR] Ticks:   1,051 | 1.16243 @ 2026-09-03T19:48:03
[BOT] 1.1624 | Aguardando fechamento da vela... (candles ok: 117)
[COLETOR] Ticks:   1,052 | 1.16243 @ 2026-09-03T19:48:04
[BOT] 1.1624 | Aguardando fechamento da vela... (candles ok: 117)
[COLETOR] Ticks:   1,053 | 1.16243 @ 2026-09-03T19:48:05
[BOT] 1.1624 | Aguardando fechamento da vela... (candles ok: 117)
[COLETOR] Ticks:   1,054 | 1.16243 @ 2026-09-03T19:48:06
[BOT] 1.1624 | Aguardando fechamento da vela... (candles ok: 117)
[COLETOR] Ticks:   1,055 | 1.16243 @ 2026-09-03T19:48:07
[BOT] 1.1624 | Aguardando fechamento da vela... (candles ok: 117)
[COLETOR] Ticks:   1,056 | 1.16243 @ 2026-09-03T19:48:08
[BOT] 1.1624 | Aguardando fechamento da vela... (candles ok: 117)
[COLETOR] Ticks:   1,057 | 1.16243 @ 2026-09-03T19:48:09
[BOT] 1.1624 | Aguardando fechamento da vela... (candles ok: 117)
[COLETOR] Ticks:   1,058 | 1.16243 @ 2026-09-03T19:48:10
[BOT] 1.1624 | Aguardando fechamento da vela... (candles ok: 117)
[COLETOR] Ticks:   1,059 | 1.16243 @ 2026-09-03T19:48:11
[COLETOR] Ticks:   1,060 | 1.16243 @ 2026-09-03T19:48:12
[BOT] 1.1624 | Aguardando fechamento da vela... (candles ok: 117)
[BOT] 1.1624 | Aguardando fechamento da vela... (candles ok: 117)
[COLETOR] Ticks:   1,061 | 1.16243 @ 2026-09-03T19:48:13
[BOT] 1.1624 | Aguardando fechamento da vela... (candles ok: 117)
[COLETOR] Ticks:   1,062 | 1.16243 @ 2026-09-03T19:48:14
[BOT] 1.1624 | Aguardando fechamento da vela... (candles ok: 117)
[COLETOR] Ticks:   1,063 | 1.16243 @ 2026-09-03T19:48:15
[BOT] 1.1624 | Aguardando fechamento da vela... (candles ok: 117)
[COLETOR] Ticks:   1,064 | 1.16244 @ 2026-09-03T19:48:16
[BOT] 1.1624 | Aguardando fechamento da vela... (candles ok: 117)
[COLETOR] Ticks:   1,065 | 1.16243 @ 2026-09-03T19:48:17
[BOT] 1.1624 | Aguardando fechamento da vela... (candles ok: 117)
[COLETOR] Ticks:   1,066 | 1.16243 @ 2026-09-03T19:48:18
[COLETOR] Ticks:   1,067 | 1.16243 @ 2026-09-03T19:48:19
[BOT] 1.1624 | Aguardando fechamento da vela... (candles ok: 117)
[COLETOR] Ticks:   1,068 | 1.16243 @ 2026-09-03T19:48:20
[BOT] 1.1624 | Aguardando fechamento da vela... (candles ok: 117)
[BOT] 1.1624 | Aguardando fechamento da vela... (candles ok: 117)
[COLETOR] Ticks:   1,069 | 1.16243 @ 2026-09-03T19:48:21
[BOT] 1.1624 | Aguardando fechamento da vela... (candles ok: 117)
[COLETOR] Ticks:   1,070 | 1.16243 @ 2026-09-03T19:48:22
[BOT] 1.1624 | Aguardando fechamento da vela... (candles ok: 117)
[COLETOR] Ticks:   1,071 | 1.16243 @ 2026-09-03T19:48:23
[BOT] 1.1624 | Aguardando fechamento da vela... (candles ok: 117)
[COLETOR] Ticks:   1,072 | 1.16243 @ 2026-09-03T19:48:24
[BOT] 1.1624 | Aguardando fechamento da vela... (candles ok: 117)
[COLETOR] Ticks:   1,073 | 1.16243 @ 2026-09-03T19:48:25
[BOT] 1.1624 | Aguardando fechamento da vela... (candles ok: 117)
[COLETOR] Ticks:   1,074 | 1.16243 @ 2026-09-03T19:48:26
[BOT] 1.1624 | Aguardando fechamento da vela... (candles ok: 117)
[COLETOR] Ticks:   1,075 | 1.16243 @ 2026-09-03T19:48:27
[BOT] 1.1624 | Aguardando fechamento da vela... (candles ok: 117)
[COLETOR] Ticks:   1,076 | 1.16243 @ 2026-09-03T19:48:28
[BOT] 1.1624 | Aguardando fechamento da vela... (candles ok: 117)
[COLETOR] Ticks:   1,077 | 1.16243 @ 2026-09-03T19:48:29
[BOT] 1.1624 | Aguardando fechamento da vela... (candles ok: 117)
[COLETOR] Ticks:   1,078 | 1.16243 @ 2026-09-03T19:48:30
[BOT] 1.1624 | Aguardando fechamento da vela... (candles ok: 117)
[COLETOR] Ticks:   1,079 | 1.16243 @ 2026-09-03T19:48:31
[BOT] 1.1624 | Aguardando fechamento da vela... (candles ok: 117)
[COLETOR] Ticks:   1,080 | 1.16243 @ 2026-09-03T19:48:32
[BOT] 1.1624 | Aguardando fechamento da vela... (candles ok: 117)
[COLETOR] Ticks:   1,081 | 1.16243 @ 2026-09-03T19:48:33
[BOT] 1.1624 | Aguardando fechamento da vela... (candles ok: 117)
[COLETOR] Ticks:   1,082 | 1.16243 @ 2026-09-03T19:48:34
[BOT] 1.1624 | Aguardando fechamento da vela... (candles ok: 117)
[COLETOR] Ticks:   1,083 | 1.16243 @ 2026-09-03T19:48:35
[BOT] 1.1624 | Aguardando fechamento da vela... (candles ok: 117)
[COLETOR] Ticks:   1,084 | 1.16243 @ 2026-09-03T19:48:36
[BOT] 1.1624 | Aguardando fechamento da vela... (candles ok: 117)
[COLETOR] Ticks:   1,085 | 1.16243 @ 2026-09-03T19:48:37
[BOT] 1.1624 | Aguardando fechamento da vela... (candles ok: 117)
[COLETOR] Ticks:   1,086 | 1.16243 @ 2026-09-03T19:48:38
[BOT] 1.1624 | Aguardando fechamento da vela... (candles ok: 117)
[COLETOR] Ticks:   1,087 | 1.16243 @ 2026-09-03T19:48:39
[BOT] 1.1624 | Aguardando fechamento da vela... (candles ok: 117)
[COLETOR] Ticks:   1,088 | 1.16243 @ 2026-09-03T19:48:40
[BOT] 1.1624 | Aguardando fechamento da vela... (candles ok: 117)
[COLETOR] Ticks:   1,089 | 1.16243 @ 2026-09-03T19:48:41
[BOT] 1.1624 | Aguardando fechamento da vela... (candles ok: 117)
[COLETOR] Ticks:   1,090 | 1.16243 @ 2026-09-03T19:48:42
[BOT] 1.1624 | Aguardando fechamento da vela... (candles ok: 117)
[COLETOR] Ticks:   1,091 | 1.16243 @ 2026-09-03T19:48:43
[BOT] 1.1624 | Aguardando fechamento da vela... (candles ok: 117)
[COLETOR] Ticks:   1,092 | 1.16244 @ 2026-09-03T19:48:44
[COLETOR] Ticks:   1,093 | 1.16243 @ 2026-09-03T19:48:45
[BOT] 1.1624 | Aguardando fechamento da vela... (candles ok: 117)
[BOT] 1.1624 | Aguardando fechamento da vela... (candles ok: 117)
[COLETOR] Ticks:   1,094 | 1.16244 @ 2026-09-03T19:48:46
[BOT] 1.1624 | Aguardando fechamento da vela... (candles ok: 117)
[COLETOR] Ticks:   1,095 | 1.16243 @ 2026-09-03T19:48:47
[BOT] 1.1624 | Aguardando fechamento da vela... (candles ok: 117)
[COLETOR] Ticks:   1,096 | 1.16243 @ 2026-09-03T19:48:48
[BOT] 1.1624 | Aguardando fechamento da vela... (candles ok: 117)
[COLETOR] Ticks:   1,097 | 1.16243 @ 2026-09-03T19:48:49
[BOT] 1.1624 | Aguardando fechamento da vela... (candles ok: 117)
[COLETOR] Ticks:   1,098 | 1.16243 @ 2026-09-03T19:48:50
[BOT] 1.1624 | Aguardando fechamento da vela... (candles ok: 117)
[COLETOR] Ticks:   1,099 | 1.16243 @ 2026-09-03T19:48:51
[COLETOR] Ticks:   1,100 | 1.16243 @ 2026-09-03T19:48:52
[BOT] 1.1624 | Aguardando fechamento da vela... (candles ok: 117)
[BOT] 1.1624 | Aguardando fechamento da vela... (candles ok: 117)
[COLETOR] Ticks:   1,101 | 1.16243 @ 2026-09-03T19:48:53
[BOT] 1.1624 | Aguardando fechamento da vela... (candles ok: 117)
[COLETOR] Ticks:   1,102 | 1.16244 @ 2026-09-03T19:48:54
[BOT] 1.1624 | Aguardando fechamento da vela... (candles ok: 117)
[COLETOR] Ticks:   1,103 | 1.16244 @ 2026-09-03T19:48:55
[BOT] 1.1624 | Aguardando fechamento da vela... (candles ok: 117)
[COLETOR] Ticks:   1,104 | 1.16243 @ 2026-09-03T19:48:56
[BOT] 1.1624 | Aguardando fechamento da vela... (candles ok: 117)
[COLETOR] Ticks:   1,105 | 1.16243 @ 2026-09-03T19:48:57
[BOT] 1.1624 | Aguardando fechamento da vela... (candles ok: 117)
[COLETOR] Ticks:   1,106 | 1.16244 @ 2026-09-03T19:48:58
[BOT] 1.1624 | Aguardando fechamento da vela... (candles ok: 117)
[COLETOR] Ticks:   1,107 | 1.16243 @ 2026-09-03T19:48:59
[VELA] ━━━━━━━━━━━━━━━━━━━━━━━━━━━━━━━━
  🔴 Bearish Engulfing (força: 0.50)
  Preço: 1.1624 | Contexto: Demand Zone + Suporte próximo + FVG Bullish
  Ação sugerida: SELL favorecido
[VELA] ━━━━━━━━━━━━━━━━━━━━━━━━━━━━━━━━
[TICK] 1.1624 | EMA9:1.1625 EMA21:1.1625 | RSI:27.3 ADX:26.8 MACD_H:-0.00001 [→ SELL]
[COLETOR] Ticks:   1,108 | 1.16243 @ 2026-09-03T19:49:00
[BOT] → SELL | Stake: 10.00 USD | Duração: 15m | ADX:26.8 RSI:27.3
[BOT] Erro API: Trading on forex contracts with duration less than 5 hours is not available from 21:00:00 to 23:59:59
[BOT] 1.1624 | Aguardando fechamento da vela... (candles ok: 118)
[COLETOR] Ticks:   1,109 | 1.16243 @ 2026-09-03T19:49:01
[BOT] 1.1624 | Aguardando fechamento da vela... (candles ok: 118)
[COLETOR] Ticks:   1,110 | 1.16243 @ 2026-09-03T19:49:02
[BOT] 1.1624 | Aguardando fechamento da vela... (candles ok: 118)
[COLETOR] Ticks:   1,111 | 1.16243 @ 2026-09-03T19:49:03
[BOT] 1.1624 | Aguardando fechamento da vela... (candles ok: 118)
[COLETOR] Ticks:   1,112 | 1.16243 @ 2026-09-03T19:49:04
[BOT] 1.1624 | Aguardando fechamento da vela... (candles ok: 118)
[BOT] 1.1624 | Aguardando fechamento da vela... (candles ok: 118)
[COLETOR] Ticks:   1,113 | 1.16243 @ 2026-09-03T19:49:05
[COLETOR] Ticks:   1,114 | 1.16243 @ 2026-09-03T19:49:06
[BOT] 1.1624 | Aguardando fechamento da vela... (candles ok: 118)
[COLETOR] Ticks:   1,115 | 1.16244 @ 2026-09-03T19:49:07
[COLETOR] Ticks:   1,116 | 1.16244 @ 2026-09-03T19:49:08
[BOT] 1.1624 | Aguardando fechamento da vela... (candles ok: 118)
[BOT] 1.1624 | Aguardando fechamento da vela... (candles ok: 118)
[COLETOR] Ticks:   1,117 | 1.16244 @ 2026-09-03T19:49:09
[BOT] 1.1624 | Aguardando fechamento da vela... (candles ok: 118)
[COLETOR] Ticks:   1,118 | 1.16244 @ 2026-09-03T19:49:10
[BOT] 1.1624 | Aguardando fechamento da vela... (candles ok: 118)
[COLETOR] Ticks:   1,119 | 1.16243 @ 2026-09-03T19:49:11
[COLETOR] Ticks:   1,120 | 1.16243 @ 2026-09-03T19:49:12
[BOT] 1.1624 | Aguardando fechamento da vela... (candles ok: 118)
[BOT] 1.1624 | Aguardando fechamento da vela... (candles ok: 118)
[COLETOR] Ticks:   1,121 | 1.16243 @ 2026-09-03T19:49:13
[BOT] 1.1624 | Aguardando fechamento da vela... (candles ok: 118)
[COLETOR] Ticks:   1,122 | 1.16243 @ 2026-09-03T19:49:14
[BOT] 1.1624 | Aguardando fechamento da vela... (candles ok: 118)
[COLETOR] Ticks:   1,123 | 1.16243 @ 2026-09-03T19:49:15
[BOT] 1.1624 | Aguardando fechamento da vela... (candles ok: 118)
[COLETOR] Ticks:   1,124 | 1.16243 @ 2026-09-03T19:49:16
[BOT] 1.1624 | Aguardando fechamento da vela... (candles ok: 118)
[COLETOR] Ticks:   1,125 | 1.16243 @ 2026-09-03T19:49:17
[BOT] 1.1624 | Aguardando fechamento da vela... (candles ok: 118)
[COLETOR] Ticks:   1,126 | 1.16243 @ 2026-09-03T19:49:18
[BOT] 1.1624 | Aguardando fechamento da vela... (candles ok: 118)
[COLETOR] Ticks:   1,127 | 1.16243 @ 2026-09-03T19:49:19
[BOT] 1.1624 | Aguardando fechamento da vela... (candles ok: 118)
[COLETOR] Ticks:   1,128 | 1.16243 @ 2026-09-03T19:49:20
[BOT] 1.1624 | Aguardando fechamento da vela... (candles ok: 118)
[COLETOR] Ticks:   1,129 | 1.16243 @ 2026-09-03T19:49:21
[BOT] 1.1624 | Aguardando fechamento da vela... (candles ok: 118)
[COLETOR] Ticks:   1,130 | 1.16243 @ 2026-09-03T19:49:22
[BOT] 1.1624 | Aguardando fechamento da vela... (candles ok: 118)
[COLETOR] Ticks:   1,131 | 1.16243 @ 2026-09-03T19:49:23
[BOT] 1.1624 | Aguardando fechamento da vela... (candles ok: 118)
[COLETOR] Ticks:   1,132 | 1.16244 @ 2026-09-03T19:49:24
[BOT] 1.1624 | Aguardando fechamento da vela... (candles ok: 118)
[COLETOR] Ticks:   1,133 | 1.16244 @ 2026-09-03T19:49:25
[BOT] 1.1624 | Aguardando fechamento da vela... (candles ok: 118)
[COLETOR] Ticks:   1,134 | 1.16244 @ 2026-09-03T19:49:26
[BOT] 1.1624 | Aguardando fechamento da vela... (candles ok: 118)
[COLETOR] Ticks:   1,135 | 1.16244 @ 2026-09-03T19:49:27
[BOT] 1.1624 | Aguardando fechamento da vela... (candles ok: 118)
[COLETOR] Ticks:   1,136 | 1.16244 @ 2026-09-03T19:49:28
[COLETOR] Ticks:   1,137 | 1.16244 @ 2026-09-03T19:49:29
[BOT] 1.1624 | Aguardando fechamento da vela... (candles ok: 118)
[BOT] 1.1624 | Aguardando fechamento da vela... (candles ok: 118)
[COLETOR] Ticks:   1,138 | 1.16243 @ 2026-09-03T19:49:30
[BOT] 1.1624 | Aguardando fechamento da vela... (candles ok: 118)
[COLETOR] Ticks:   1,139 | 1.16241 @ 2026-09-03T19:49:31
[BOT] 1.1624 | Aguardando fechamento da vela... (candles ok: 118)
[COLETOR] Ticks:   1,140 | 1.16242 @ 2026-09-03T19:49:32
[BOT] 1.1624 | Aguardando fechamento da vela... (candles ok: 118)
[COLETOR] Ticks:   1,141 | 1.16242 @ 2026-09-03T19:49:33
[BOT] 1.1624 | Aguardando fechamento da vela... (candles ok: 118)
[BOT] 1.1624 | Aguardando fechamento da vela... (candles ok: 118)
[COLETOR] Ticks:   1,142 | 1.16242 @ 2026-09-03T19:49:34
[COLETOR] Ticks:   1,143 | 1.16243 @ 2026-09-03T19:49:35
[BOT] 1.1624 | Aguardando fechamento da vela... (candles ok: 118)
[COLETOR] Ticks:   1,144 | 1.16243 @ 2026-09-03T19:49:36
[BOT] 1.1624 | Aguardando fechamento da vela... (candles ok: 118)
[COLETOR] Ticks:   1,145 | 1.16242 @ 2026-09-03T19:49:37
[BOT] 1.1624 | Aguardando fechamento da vela... (candles ok: 118)
[COLETOR] Ticks:   1,146 | 1.16242 @ 2026-09-03T19:49:38
[BOT] 1.1624 | Aguardando fechamento da vela... (candles ok: 118)
[COLETOR] Ticks:   1,147 | 1.16242 @ 2026-09-03T19:49:39
[BOT] 1.1624 | Aguardando fechamento da vela... (candles ok: 118)
[COLETOR] Ticks:   1,148 | 1.16243 @ 2026-09-03T19:49:40
[BOT] 1.1624 | Aguardando fechamento da vela... (candles ok: 118)
[COLETOR] Ticks:   1,149 | 1.16242 @ 2026-09-03T19:49:41
[BOT] 1.1624 | Aguardando fechamento da vela... (candles ok: 118)
[COLETOR] Ticks:   1,150 | 1.16243 @ 2026-09-03T19:49:42
[BOT] 1.1624 | Aguardando fechamento da vela... (candles ok: 118)
[COLETOR] Ticks:   1,151 | 1.16245 @ 2026-09-03T19:49:43
[BOT] 1.1624 | Aguardando fechamento da vela... (candles ok: 118)
[COLETOR] Ticks:   1,152 | 1.16244 @ 2026-09-03T19:49:44
[BOT] 1.1624 | Aguardando fechamento da vela... (candles ok: 118)
[COLETOR] Ticks:   1,153 | 1.16245 @ 2026-09-03T19:49:45
[BOT] 1.1624 | Aguardando fechamento da vela... (candles ok: 118)
[COLETOR] Ticks:   1,154 | 1.16245 @ 2026-09-03T19:49:46
[BOT] 1.1624 | Aguardando fechamento da vela... (candles ok: 118)
[COLETOR] Ticks:   1,155 | 1.16245 @ 2026-09-03T19:49:47
[BOT] 1.1624 | Aguardando fechamento da vela... (candles ok: 118)
[COLETOR] Ticks:   1,156 | 1.16245 @ 2026-09-03T19:49:48
[BOT] 1.1624 | Aguardando fechamento da vela... (candles ok: 118)
[COLETOR] Ticks:   1,157 | 1.16245 @ 2026-09-03T19:49:49
[BOT] 1.1624 | Aguardando fechamento da vela... (candles ok: 118)
[COLETOR] Ticks:   1,158 | 1.16245 @ 2026-09-03T19:49:50
[COLETOR] Ticks:   1,159 | 1.16244 @ 2026-09-03T19:49:51
[BOT] 1.1624 | Aguardando fechamento da vela... (candles ok: 118)
[BOT] 1.1624 | Aguardando fechamento da vela... (candles ok: 118)
[COLETOR] Ticks:   1,160 | 1.16244 @ 2026-09-03T19:49:52
[BOT] 1.1624 | Aguardando fechamento da vela... (candles ok: 118)
[COLETOR] Ticks:   1,161 | 1.16245 @ 2026-09-03T19:49:53
[COLETOR] Ticks:   1,162 | 1.16244 @ 2026-09-03T19:49:54
[BOT] 1.1624 | Aguardando fechamento da vela... (candles ok: 118)
[BOT] 1.1624 | Aguardando fechamento da vela... (candles ok: 118)
[COLETOR] Ticks:   1,163 | 1.16245 @ 2026-09-03T19:49:55
[BOT] 1.1624 | Aguardando fechamento da vela... (candles ok: 118)
[COLETOR] Ticks:   1,164 | 1.16245 @ 2026-09-03T19:49:56
[BOT] 1.1624 | Aguardando fechamento da vela... (candles ok: 118)
[COLETOR] Ticks:   1,165 | 1.16245 @ 2026-09-03T19:49:57
[BOT] 1.1624 | Aguardando fechamento da vela... (candles ok: 118)
[COLETOR] Ticks:   1,166 | 1.16245 @ 2026-09-03T19:49:58
[BOT] 1.1624 | Aguardando fechamento da vela... (candles ok: 118)
[COLETOR] Ticks:   1,167 | 1.16245 @ 2026-09-03T19:49:59
[VELA] ━━━━━━━━━━━━━━━━━━━━━━━━━━━━━━━━
  🔴 Bearish Engulfing (força: 0.50)
  Preço: 1.1624 | Contexto: Demand Zone + Suporte próximo + FVG Bullish
  Ação sugerida: SELL favorecido
[VELA] ━━━━━━━━━━━━━━━━━━━━━━━━━━━━━━━━
[TICK] 1.1624 | EMA9:1.1625 EMA21:1.1625 | RSI:32.4 ADX:28.2 MACD_H:-0.00001 [→ SELL]
[COLETOR] Ticks:   1,168 | 1.16245 @ 2026-09-03T19:50:00
[BOT] → SELL | Stake: 10.00 USD | Duração: 15m | ADX:28.2 RSI:32.4
[BOT] Erro API: Trading on forex contracts with duration less than 5 hours is not available from 21:00:00 to 23:59:59
[BOT] 1.1624 | Aguardando fechamento da vela... (candles ok: 119)
[COLETOR] Ticks:   1,169 | 1.16244 @ 2026-09-03T19:50:01
[BOT] 1.1624 | Aguardando fechamento da vela... (candles ok: 119)
[COLETOR] Ticks:   1,170 | 1.16244 @ 2026-09-03T19:50:02
[BOT] 1.1624 | Aguardando fechamento da vela... (candles ok: 119)
[BOT] 1.1624 | Aguardando fechamento da vela... (candles ok: 119)
[COLETOR] Ticks:   1,171 | 1.16244 @ 2026-09-03T19:50:03
[COLETOR] Ticks:   1,172 | 1.16245 @ 2026-09-03T19:50:04
[BOT] 1.1624 | Aguardando fechamento da vela... (candles ok: 119)
[COLETOR] Ticks:   1,173 | 1.16245 @ 2026-09-03T19:50:05
[BOT] 1.1624 | Aguardando fechamento da vela... (candles ok: 119)
[COLETOR] Ticks:   1,174 | 1.16245 @ 2026-09-03T19:50:06
[BOT] 1.1624 | Aguardando fechamento da vela... (candles ok: 119)
[COLETOR] Ticks:   1,175 | 1.16245 @ 2026-09-03T19:50:07
[BOT] 1.1624 | Aguardando fechamento da vela... (candles ok: 119)
[COLETOR] Ticks:   1,176 | 1.16245 @ 2026-09-03T19:50:08
[BOT] 1.1624 | Aguardando fechamento da vela... (candles ok: 119)
[COLETOR] Ticks:   1,177 | 1.16244 @ 2026-09-03T19:50:09
[BOT] 1.1624 | Aguardando fechamento da vela... (candles ok: 119)
[COLETOR] Ticks:   1,178 | 1.16244 @ 2026-09-03T19:50:10
[BOT] 1.1624 | Aguardando fechamento da vela... (candles ok: 119)
[COLETOR] Ticks:   1,179 | 1.16244 @ 2026-09-03T19:50:11
[BOT] 1.1624 | Aguardando fechamento da vela... (candles ok: 119)
[COLETOR] Ticks:   1,180 | 1.16244 @ 2026-09-03T19:50:12
[BOT] 1.1624 | Aguardando fechamento da vela... (candles ok: 119)
[COLETOR] Ticks:   1,181 | 1.16244 @ 2026-09-03T19:50:13
[BOT] 1.1624 | Aguardando fechamento da vela... (candles ok: 119)
[COLETOR] Ticks:   1,182 | 1.16244 @ 2026-09-03T19:50:14
[BOT] 1.1624 | Aguardando fechamento da vela... (candles ok: 119)
[COLETOR] Ticks:   1,183 | 1.16243 @ 2026-09-03T19:50:15
[BOT] 1.1624 | Aguardando fechamento da vela... (candles ok: 119)
[COLETOR] Ticks:   1,184 | 1.16243 @ 2026-09-03T19:50:16
[BOT] 1.1624 | Aguardando fechamento da vela... (candles ok: 119)
[COLETOR] Ticks:   1,185 | 1.16243 @ 2026-09-03T19:50:17
[BOT] 1.1624 | Aguardando fechamento da vela... (candles ok: 119)
[COLETOR] Ticks:   1,186 | 1.16243 @ 2026-09-03T19:50:18
[BOT] 1.1624 | Aguardando fechamento da vela... (candles ok: 119)
[COLETOR] Ticks:   1,187 | 1.16243 @ 2026-09-03T19:50:19
[BOT] 1.1624 | Aguardando fechamento da vela... (candles ok: 119)
[COLETOR] Ticks:   1,188 | 1.16243 @ 2026-09-03T19:50:20
[BOT] 1.1624 | Aguardando fechamento da vela... (candles ok: 119)
[COLETOR] Ticks:   1,189 | 1.16243 @ 2026-09-03T19:50:21
[BOT] 1.1624 | Aguardando fechamento da vela... (candles ok: 119)
[COLETOR] Ticks:   1,190 | 1.16243 @ 2026-09-03T19:50:22
[BOT] 1.1624 | Aguardando fechamento da vela... (candles ok: 119)
[COLETOR] Ticks:   1,191 | 1.16243 @ 2026-09-03T19:50:23
[BOT] 1.1624 | Aguardando fechamento da vela... (candles ok: 119)
[COLETOR] Ticks:   1,192 | 1.16243 @ 2026-09-03T19:50:24
[BOT] 1.1624 | Aguardando fechamento da vela... (candles ok: 119)
[COLETOR] Ticks:   1,193 | 1.16243 @ 2026-09-03T19:50:25
[BOT] 1.1624 | Aguardando fechamento da vela... (candles ok: 119)
[COLETOR] Ticks:   1,194 | 1.16243 @ 2026-09-03T19:50:26
[BOT] 1.1624 | Aguardando fechamento da vela... (candles ok: 119)
[COLETOR] Ticks:   1,195 | 1.16243 @ 2026-09-03T19:50:27
[BOT] 1.1624 | Aguardando fechamento da vela... (candles ok: 119)
[COLETOR] Ticks:   1,196 | 1.16243 @ 2026-09-03T19:50:28
[BOT] 1.1624 | Aguardando fechamento da vela... (candles ok: 119)
[COLETOR] Ticks:   1,197 | 1.16243 @ 2026-09-03T19:50:29
[BOT] 1.1624 | Aguardando fechamento da vela... (candles ok: 119)
[COLETOR] Ticks:   1,198 | 1.16242 @ 2026-09-03T19:50:30
[BOT] 1.1624 | Aguardando fechamento da vela... (candles ok: 119)
[COLETOR] Ticks:   1,199 | 1.16242 @ 2026-09-03T19:50:31
[BOT] 1.1624 | Aguardando fechamento da vela... (candles ok: 119)
[COLETOR] Ticks:   1,200 | 1.16243 @ 2026-09-03T19:50:32
[BOT] 1.1624 | Aguardando fechamento da vela... (candles ok: 119)
[COLETOR] Ticks:   1,201 | 1.16243 @ 2026-09-03T19:50:33
[BOT] 1.1624 | Aguardando fechamento da vela... (candles ok: 119)
[COLETOR] Ticks:   1,202 | 1.16243 @ 2026-09-03T19:50:34
[BOT] 1.1624 | Aguardando fechamento da vela... (candles ok: 119)
[COLETOR] Ticks:   1,203 | 1.16243 @ 2026-09-03T19:50:35
[BOT] 1.1624 | Aguardando fechamento da vela... (candles ok: 119)
[COLETOR] Ticks:   1,204 | 1.16242 @ 2026-09-03T19:50:36
[BOT] 1.1624 | Aguardando fechamento da vela... (candles ok: 119)
[COLETOR] Ticks:   1,205 | 1.16243 @ 2026-09-03T19:50:37
[BOT] 1.1624 | Aguardando fechamento da vela... (candles ok: 119)
[COLETOR] Ticks:   1,206 | 1.16243 @ 2026-09-03T19:50:38
[BOT] 1.1624 | Aguardando fechamento da vela... (candles ok: 119)
[COLETOR] Ticks:   1,207 | 1.16243 @ 2026-09-03T19:50:39
[BOT] 1.1624 | Aguardando fechamento da vela... (candles ok: 119)
[COLETOR] Ticks:   1,208 | 1.16243 @ 2026-09-03T19:50:40
[BOT] 1.1624 | Aguardando fechamento da vela... (candles ok: 119)
[COLETOR] Ticks:   1,209 | 1.16243 @ 2026-09-03T19:50:41
[BOT] 1.1624 | Aguardando fechamento da vela... (candles ok: 119)
[BOT] 1.1624 | Aguardando fechamento da vela... (candles ok: 119)
[COLETOR] Ticks:   1,210 | 1.16243 @ 2026-09-03T19:50:42
[COLETOR] Ticks:   1,211 | 1.16243 @ 2026-09-03T19:50:43
[BOT] 1.1624 | Aguardando fechamento da vela... (candles ok: 119)
[COLETOR] Ticks:   1,212 | 1.16243 @ 2026-09-03T19:50:44
[BOT] 1.1624 | Aguardando fechamento da vela... (candles ok: 119)
[COLETOR] Ticks:   1,213 | 1.16243 @ 2026-09-03T19:50:45
[BOT] 1.1624 | Aguardando fechamento da vela... (candles ok: 119)
[COLETOR] Ticks:   1,214 | 1.16243 @ 2026-09-03T19:50:46
[BOT] 1.1624 | Aguardando fechamento da vela... (candles ok: 119)
[COLETOR] Ticks:   1,215 | 1.16243 @ 2026-09-03T19:50:47
[BOT] 1.1624 | Aguardando fechamento da vela... (candles ok: 119)
[COLETOR] Ticks:   1,216 | 1.16243 @ 2026-09-03T19:50:48
[BOT] 1.1624 | Aguardando fechamento da vela... (candles ok: 119)
[COLETOR] Ticks:   1,217 | 1.16243 @ 2026-09-03T19:50:49
[BOT] 1.1624 | Aguardando fechamento da vela... (candles ok: 119)
[COLETOR] Ticks:   1,218 | 1.16243 @ 2026-09-03T19:50:50
[BOT] 1.1624 | Aguardando fechamento da vela... (candles ok: 119)
[COLETOR] Ticks:   1,219 | 1.16243 @ 2026-09-03T19:50:51
[BOT] 1.1624 | Aguardando fechamento da vela... (candles ok: 119)
[COLETOR] Ticks:   1,220 | 1.16243 @ 2026-09-03T19:50:52
[BOT] 1.1624 | Aguardando fechamento da vela... (candles ok: 119)
[COLETOR] Ticks:   1,221 | 1.16243 @ 2026-09-03T19:50:53
[BOT] 1.1624 | Aguardando fechamento da vela... (candles ok: 119)
[COLETOR] Ticks:   1,222 | 1.16244 @ 2026-09-03T19:50:54
[BOT] 1.1624 | Aguardando fechamento da vela... (candles ok: 119)
[COLETOR] Ticks:   1,223 | 1.16244 @ 2026-09-03T19:50:55
[BOT] 1.1624 | Aguardando fechamento da vela... (candles ok: 119)
[COLETOR] Ticks:   1,224 | 1.16244 @ 2026-09-03T19:50:56
[BOT] 1.1624 | Aguardando fechamento da vela... (candles ok: 119)
[COLETOR] Ticks:   1,225 | 1.16244 @ 2026-09-03T19:50:57
[BOT] 1.1624 | Aguardando fechamento da vela... (candles ok: 119)
[COLETOR] Ticks:   1,226 | 1.16245 @ 2026-09-03T19:50:58
[BOT] 1.1624 | Aguardando fechamento da vela... (candles ok: 119)
[COLETOR] Ticks:   1,227 | 1.16244 @ 2026-09-03T19:50:59
[TICK] 1.1624 | EMA9:1.1625 EMA21:1.1625 | RSI:31.2 ADX:29.5 MACD_H:-0.00001 [→ SELL]
[COLETOR] Ticks:   1,228 | 1.16244 @ 2026-09-03T19:51:00
[BOT] → SELL | Stake: 10.00 USD | Duração: 15m | ADX:29.5 RSI:31.2
[BOT] Erro API: Trading on forex contracts with duration less than 5 hours is not available from 21:00:00 to 23:59:59
[COLETOR] Ticks:   1,229 | 1.16244 @ 2026-09-03T19:51:01
[BOT] 1.1624 | Aguardando fechamento da vela... (candles ok: 120)
[BOT] 1.1624 | Aguardando fechamento da vela... (candles ok: 120)
[COLETOR] Ticks:   1,230 | 1.16244 @ 2026-09-03T19:51:02
[BOT] 1.1624 | Aguardando fechamento da vela... (candles ok: 120)
[COLETOR] Ticks:   1,231 | 1.16244 @ 2026-09-03T19:51:03
[BOT] 1.1624 | Aguardando fechamento da vela... (candles ok: 120)
[COLETOR] Ticks:   1,232 | 1.16244 @ 2026-09-03T19:51:04
[BOT] 1.1624 | Aguardando fechamento da vela... (candles ok: 120)
[COLETOR] Ticks:   1,233 | 1.16243 @ 2026-09-03T19:51:05
[BOT] 1.1624 | Aguardando fechamento da vela... (candles ok: 120)
[COLETOR] Ticks:   1,234 | 1.16243 @ 2026-09-03T19:51:06
[BOT] 1.1624 | Aguardando fechamento da vela... (candles ok: 120)
[COLETOR] Ticks:   1,235 | 1.16243 @ 2026-09-03T19:51:07
[BOT] 1.1624 | Aguardando fechamento da vela... (candles ok: 120)
[COLETOR] Ticks:   1,236 | 1.16243 @ 2026-09-03T19:51:08
[BOT] 1.1624 | Aguardando fechamento da vela... (candles ok: 120)
[COLETOR] Ticks:   1,237 | 1.16243 @ 2026-09-03T19:51:09
[BOT] 1.1624 | Aguardando fechamento da vela... (candles ok: 120)
[COLETOR] Ticks:   1,238 | 1.16243 @ 2026-09-03T19:51:10
[BOT] 1.1624 | Aguardando fechamento da vela... (candles ok: 120)
[COLETOR] Ticks:   1,239 | 1.16243 @ 2026-09-03T19:51:11
[COLETOR] Ticks:   1,240 | 1.16243 @ 2026-09-03T19:51:12
[BOT] 1.1624 | Aguardando fechamento da vela... (candles ok: 120)
[COLETOR] Ticks:   1,241 | 1.16243 @ 2026-09-03T19:51:13
[BOT] 1.1624 | Aguardando fechamento da vela... (candles ok: 120)
[BOT] 1.1624 | Aguardando fechamento da vela... (candles ok: 120)
[COLETOR] Ticks:   1,242 | 1.16243 @ 2026-09-03T19:51:14
[BOT] 1.1624 | Aguardando fechamento da vela... (candles ok: 120)
[COLETOR] Ticks:   1,243 | 1.16243 @ 2026-09-03T19:51:15
[BOT] 1.1624 | Aguardando fechamento da vela... (candles ok: 120)
[COLETOR] Ticks:   1,244 | 1.16243 @ 2026-09-03T19:51:16
[BOT] 1.1624 | Aguardando fechamento da vela... (candles ok: 120)
[COLETOR] Ticks:   1,245 | 1.16243 @ 2026-09-03T19:51:17
[BOT] 1.1624 | Aguardando fechamento da vela... (candles ok: 120)
[COLETOR] Ticks:   1,246 | 1.16243 @ 2026-09-03T19:51:18
[BOT] 1.1624 | Aguardando fechamento da vela... (candles ok: 120)
[COLETOR] Ticks:   1,247 | 1.16243 @ 2026-09-03T19:51:19
[BOT] 1.1624 | Aguardando fechamento da vela... (candles ok: 120)
[COLETOR] Ticks:   1,248 | 1.16243 @ 2026-09-03T19:51:20
[BOT] 1.1624 | Aguardando fechamento da vela... (candles ok: 120)
[COLETOR] Ticks:   1,249 | 1.16243 @ 2026-09-03T19:51:21
[BOT] 1.1624 | Aguardando fechamento da vela... (candles ok: 120)
[COLETOR] Ticks:   1,250 | 1.16243 @ 2026-09-03T19:51:22
[BOT] 1.1624 | Aguardando fechamento da vela... (candles ok: 120)
[COLETOR] Ticks:   1,251 | 1.16243 @ 2026-09-03T19:51:23
[BOT] 1.1624 | Aguardando fechamento da vela... (candles ok: 120)
[COLETOR] Ticks:   1,252 | 1.16243 @ 2026-09-03T19:51:24
[BOT] 1.1624 | Aguardando fechamento da vela... (candles ok: 120)
[COLETOR] Ticks:   1,253 | 1.16243 @ 2026-09-03T19:51:25
[BOT] 1.1624 | Aguardando fechamento da vela... (candles ok: 120)
[COLETOR] Ticks:   1,254 | 1.16243 @ 2026-09-03T19:51:26
[BOT] 1.1624 | Aguardando fechamento da vela... (candles ok: 120)
[COLETOR] Ticks:   1,255 | 1.16243 @ 2026-09-03T19:51:27
[BOT] 1.1624 | Aguardando fechamento da vela... (candles ok: 120)
[COLETOR] Ticks:   1,256 | 1.16243 @ 2026-09-03T19:51:28
[BOT] 1.1624 | Aguardando fechamento da vela... (candles ok: 120)
[COLETOR] Ticks:   1,257 | 1.16243 @ 2026-09-03T19:51:29
[BOT] 1.1624 | Aguardando fechamento da vela... (candles ok: 120)
[COLETOR] Ticks:   1,258 | 1.16243 @ 2026-09-03T19:51:30
[BOT] 1.1624 | Aguardando fechamento da vela... (candles ok: 120)
[COLETOR] Ticks:   1,259 | 1.16243 @ 2026-09-03T19:51:31    [TFT] época   1/20 | val_loss=0.7443 | lr=8.40e-05 | patience=0/10
[BOT] 1.1624 | Aguardando fechamento da vela... (candles ok: 120)
[COLETOR] Ticks:   1,260 | 1.16243 @ 2026-09-03T19:51:32
[BOT] 1.1624 | Aguardando fechamento da vela... (candles ok: 120)
[COLETOR] Ticks:   1,261 | 1.16243 @ 2026-09-03T19:51:33
[BOT] 1.1624 | Aguardando fechamento da vela... (candles ok: 120)
[COLETOR] Ticks:   1,262 | 1.16243 @ 2026-09-03T19:51:34
[BOT] 1.1624 | Aguardando fechamento da vela... (candles ok: 120)
[COLETOR] Ticks:   1,263 | 1.16242 @ 2026-09-03T19:51:35
[BOT] 1.1624 | Aguardando fechamento da vela... (candles ok: 120)
[COLETOR] Ticks:   1,264 | 1.16243 @ 2026-09-03T19:51:36
[BOT] 1.1624 | Aguardando fechamento da vela... (candles ok: 120)
[COLETOR] Ticks:   1,265 | 1.16242 @ 2026-09-03T19:51:37
[BOT] 1.1624 | Aguardando fechamento da vela... (candles ok: 120)
[COLETOR] Ticks:   1,266 | 1.16242 @ 2026-09-03T19:51:38
[BOT] 1.1624 | Aguardando fechamento da vela... (candles ok: 120)
[COLETOR] Ticks:   1,267 | 1.16242 @ 2026-09-03T19:51:39
[BOT] 1.1624 | Aguardando fechamento da vela... (candles ok: 120)
[COLETOR] Ticks:   1,268 | 1.16243 @ 2026-09-03T19:51:40
[BOT] 1.1624 | Aguardando fechamento da vela... (candles ok: 120)
[COLETOR] Ticks:   1,269 | 1.16243 @ 2026-09-03T19:51:41
[BOT] 1.1624 | Aguardando fechamento da vela... (candles ok: 120)
[COLETOR] Ticks:   1,270 | 1.16243 @ 2026-09-03T19:51:42
[BOT] 1.1624 | Aguardando fechamento da vela... (candles ok: 120)
[COLETOR] Ticks:   1,271 | 1.16243 @ 2026-09-03T19:51:43
[BOT] 1.1624 | Aguardando fechamento da vela... (candles ok: 120)
[COLETOR] Ticks:   1,272 | 1.16243 @ 2026-09-03T19:51:44
[BOT] 1.1624 | Aguardando fechamento da vela... (candles ok: 120)
[COLETOR] Ticks:   1,273 | 1.16243 @ 2026-09-03T19:51:45
[BOT] 1.1624 | Aguardando fechamento da vela... (candles ok: 120)
[COLETOR] Ticks:   1,274 | 1.16243 @ 2026-09-03T19:51:46
[BOT] 1.1624 | Aguardando fechamento da vela... (candles ok: 120)
[COLETOR] Ticks:   1,275 | 1.16243 @ 2026-09-03T19:51:47
[BOT] 1.1624 | Aguardando fechamento da vela... (candles ok: 120)
[COLETOR] Ticks:   1,276 | 1.16243 @ 2026-09-03T19:51:48
[BOT] 1.1624 | Aguardando fechamento da vela... (candles ok: 120)
[COLETOR] Ticks:   1,277 | 1.16243 @ 2026-09-03T19:51:49
[BOT] 1.1624 | Aguardando fechamento da vela... (candles ok: 120)
[COLETOR] Ticks:   1,278 | 1.16243 @ 2026-09-03T19:51:50
[BOT] 1.1624 | Aguardando fechamento da vela... (candles ok: 120)
[COLETOR] Ticks:   1,279 | 1.16243 @ 2026-09-03T19:51:51
[BOT] 1.1624 | Aguardando fechamento da vela... (candles ok: 120)
[COLETOR] Ticks:   1,280 | 1.16243 @ 2026-09-03T19:51:52
[BOT] 1.1624 | Aguardando fechamento da vela... (candles ok: 120)
[COLETOR] Ticks:   1,281 | 1.16242 @ 2026-09-03T19:51:53
[BOT] 1.1624 | Aguardando fechamento da vela... (candles ok: 120)
[COLETOR] Ticks:   1,282 | 1.16242 @ 2026-09-03T19:51:54
[BOT] 1.1624 | Aguardando fechamento da vela... (candles ok: 120)
[COLETOR] Ticks:   1,283 | 1.16242 @ 2026-09-03T19:51:55
[BOT] 1.1624 | Aguardando fechamento da vela... (candles ok: 120)
[COLETOR] Ticks:   1,284 | 1.16243 @ 2026-09-03T19:51:56
[BOT] 1.1624 | Aguardando fechamento da vela... (candles ok: 120)
[COLETOR] Ticks:   1,285 | 1.16243 @ 2026-09-03T19:51:57
[BOT] 1.1624 | Aguardando fechamento da vela... (candles ok: 120)
[COLETOR] Ticks:   1,286 | 1.16244 @ 2026-09-03T19:51:58
[BOT] 1.1624 | Aguardando fechamento da vela... (candles ok: 120)
[COLETOR] Ticks:   1,287 | 1.16243 @ 2026-09-03T19:51:59
[TICK] 1.1624 | EMA9:1.1625 EMA21:1.1625 | RSI:30.1 ADX:30.9 MACD_H:-0.00001 [→ SELL]
[COLETOR] Ticks:   1,288 | 1.16243 @ 2026-09-03T19:52:00
[BOT] → SELL | Stake: 10.00 USD | Duração: 15m | ADX:30.9 RSI:30.1
[BOT] Erro API: Trading on forex contracts with duration less than 5 hours is not available from 21:00:00 to 23:59:59
[BOT] 1.1624 | Aguardando fechamento da vela... (candles ok: 121)
[COLETOR] Ticks:   1,289 | 1.16243 @ 2026-09-03T19:52:01
[BOT] 1.1624 | Aguardando fechamento da vela... (candles ok: 121)
[COLETOR] Ticks:   1,290 | 1.16243 @ 2026-09-03T19:52:02
[BOT] 1.1624 | Aguardando fechamento da vela... (candles ok: 121)
[COLETOR] Ticks:   1,291 | 1.16243 @ 2026-09-03T19:52:03
[BOT] 1.1624 | Aguardando fechamento da vela... (candles ok: 121)
[COLETOR] Ticks:   1,292 | 1.16244 @ 2026-09-03T19:52:04
[BOT] 1.1624 | Aguardando fechamento da vela... (candles ok: 121)
[COLETOR] Ticks:   1,293 | 1.16243 @ 2026-09-03T19:52:05
[BOT] 1.1624 | Aguardando fechamento da vela... (candles ok: 121)
[COLETOR] Ticks:   1,294 | 1.16243 @ 2026-09-03T19:52:06
[BOT] 1.1624 | Aguardando fechamento da vela... (candles ok: 121)
[COLETOR] Ticks:   1,295 | 1.16243 @ 2026-09-03T19:52:07
[BOT] 1.1624 | Aguardando fechamento da vela... (candles ok: 121)
[COLETOR] Ticks:   1,296 | 1.16243 @ 2026-09-03T19:52:08
[BOT] 1.1624 | Aguardando fechamento da vela... (candles ok: 121)
[COLETOR] Ticks:   1,297 | 1.16243 @ 2026-09-03T19:52:09
[BOT] 1.1624 | Aguardando fechamento da vela... (candles ok: 121)
[COLETOR] Ticks:   1,298 | 1.16243 @ 2026-09-03T19:52:10
[BOT] 1.1624 | Aguardando fechamento da vela... (candles ok: 121)
[COLETOR] Ticks:   1,299 | 1.16241 @ 2026-09-03T19:52:11
[BOT] 1.1624 | Aguardando fechamento da vela... (candles ok: 121)
[COLETOR] Ticks:   1,300 | 1.16241 @ 2026-09-03T19:52:12
[BOT] 1.1624 | Aguardando fechamento da vela... (candles ok: 121)
[COLETOR] Ticks:   1,301 | 1.16241 @ 2026-09-03T19:52:13
[BOT] 1.1624 | Aguardando fechamento da vela... (candles ok: 121)
[COLETOR] Ticks:   1,302 | 1.16241 @ 2026-09-03T19:52:14
[BOT] 1.1624 | Aguardando fechamento da vela... (candles ok: 121)
[COLETOR] Ticks:   1,303 | 1.16241 @ 2026-09-03T19:52:15
[BOT] 1.1624 | Aguardando fechamento da vela... (candles ok: 121)
[COLETOR] Ticks:   1,304 | 1.16241 @ 2026-09-03T19:52:16
[BOT] 1.1624 | Aguardando fechamento da vela... (candles ok: 121)
[COLETOR] Ticks:   1,305 | 1.16241 @ 2026-09-03T19:52:17
[BOT] 1.1624 | Aguardando fechamento da vela... (candles ok: 121)
[COLETOR] Ticks:   1,306 | 1.16239 @ 2026-09-03T19:52:18
[BOT] 1.1624 | Aguardando fechamento da vela... (candles ok: 121)
[COLETOR] Ticks:   1,307 | 1.16239 @ 2026-09-03T19:52:19
[BOT] 1.1624 | Aguardando fechamento da vela... (candles ok: 121)
[COLETOR] Ticks:   1,308 | 1.16239 @ 2026-09-03T19:52:20
[BOT] 1.1624 | Aguardando fechamento da vela... (candles ok: 121)
[COLETOR] Ticks:   1,309 | 1.16239 @ 2026-09-03T19:52:21
[BOT] 1.1624 | Aguardando fechamento da vela... (candles ok: 121)
[COLETOR] Ticks:   1,310 | 1.16239 @ 2026-09-03T19:52:22
[BOT] 1.1624 | Aguardando fechamento da vela... (candles ok: 121)
[COLETOR] Ticks:   1,311 | 1.16239 @ 2026-09-03T19:52:23
[BOT] 1.1624 | Aguardando fechamento da vela... (candles ok: 121)
[COLETOR] Ticks:   1,312 | 1.1624 @ 2026-09-03T19:52:24
[BOT] 1.1624 | Aguardando fechamento da vela... (candles ok: 121)
[COLETOR] Ticks:   1,313 | 1.1624 @ 2026-09-03T19:52:25
[BOT] 1.1624 | Aguardando fechamento da vela... (candles ok: 121)
[COLETOR] Ticks:   1,314 | 1.16239 @ 2026-09-03T19:52:26
[BOT] 1.1624 | Aguardando fechamento da vela... (candles ok: 121)
[COLETOR] Ticks:   1,315 | 1.16239 @ 2026-09-03T19:52:27
[BOT] 1.1624 | Aguardando fechamento da vela... (candles ok: 121)
[COLETOR] Ticks:   1,316 | 1.16239 @ 2026-09-03T19:52:28
[BOT] 1.1624 | Aguardando fechamento da vela... (candles ok: 121)
[COLETOR] Ticks:   1,317 | 1.16239 @ 2026-09-03T19:52:29
[BOT] 1.1624 | Aguardando fechamento da vela... (candles ok: 121)
[COLETOR] Ticks:   1,318 | 1.16239 @ 2026-09-03T19:52:30
[BOT] 1.1624 | Aguardando fechamento da vela... (candles ok: 121)
[COLETOR] Ticks:   1,319 | 1.1624 @ 2026-09-03T19:52:31
[BOT] 1.1624 | Aguardando fechamento da vela... (candles ok: 121)
[COLETOR] Ticks:   1,320 | 1.1624 @ 2026-09-03T19:52:32
[BOT] 1.1624 | Aguardando fechamento da vela... (candles ok: 121)
[COLETOR] Ticks:   1,321 | 1.1624 @ 2026-09-03T19:52:33
[BOT] 1.1624 | Aguardando fechamento da vela... (candles ok: 121)
[COLETOR] Ticks:   1,322 | 1.1624 @ 2026-09-03T19:52:34
[BOT] 1.1624 | Aguardando fechamento da vela... (candles ok: 121)
[COLETOR] Ticks:   1,323 | 1.1624 @ 2026-09-03T19:52:35
[BOT] 1.1624 | Aguardando fechamento da vela... (candles ok: 121)
[BOT] 1.1624 | Aguardando fechamento da vela... (candles ok: 121)
[COLETOR] Ticks:   1,324 | 1.1624 @ 2026-09-03T19:52:36
[COLETOR] Ticks:   1,325 | 1.1624 @ 2026-09-03T19:52:37
[BOT] 1.1624 | Aguardando fechamento da vela... (candles ok: 121)
[COLETOR] Ticks:   1,326 | 1.16239 @ 2026-09-03T19:52:38
[BOT] 1.1624 | Aguardando fechamento da vela... (candles ok: 121)
[COLETOR] Ticks:   1,327 | 1.16239 @ 2026-09-03T19:52:39
[BOT] 1.1624 | Aguardando fechamento da vela... (candles ok: 121)
[COLETOR] Ticks:   1,328 | 1.16239 @ 2026-09-03T19:52:40
[BOT] 1.1624 | Aguardando fechamento da vela... (candles ok: 121)
[COLETOR] Ticks:   1,329 | 1.16239 @ 2026-09-03T19:52:41
[BOT] 1.1624 | Aguardando fechamento da vela... (candles ok: 121)
[COLETOR] Ticks:   1,330 | 1.1624 @ 2026-09-03T19:52:42
[BOT] 1.1624 | Aguardando fechamento da vela... (candles ok: 121)
[COLETOR] Ticks:   1,331 | 1.1624 @ 2026-09-03T19:52:43
[BOT] 1.1624 | Aguardando fechamento da vela... (candles ok: 121)
[COLETOR] Ticks:   1,332 | 1.1624 @ 2026-09-03T19:52:44
[BOT] 1.1624 | Aguardando fechamento da vela... (candles ok: 121)
[COLETOR] Ticks:   1,333 | 1.1624 @ 2026-09-03T19:52:45
[BOT] 1.1624 | Aguardando fechamento da vela... (candles ok: 121)
[COLETOR] Ticks:   1,334 | 1.16237 @ 2026-09-03T19:52:46
[BOT] 1.1624 | Aguardando fechamento da vela... (candles ok: 121)
[COLETOR] Ticks:   1,335 | 1.16237 @ 2026-09-03T19:52:47
[BOT] 1.1624 | Aguardando fechamento da vela... (candles ok: 121)
[COLETOR] Ticks:   1,336 | 1.16238 @ 2026-09-03T19:52:48
[BOT] 1.1624 | Aguardando fechamento da vela... (candles ok: 121)
[COLETOR] Ticks:   1,337 | 1.16238 @ 2026-09-03T19:52:49
[BOT] 1.1624 | Aguardando fechamento da vela... (candles ok: 121)
[COLETOR] Ticks:   1,338 | 1.16238 @ 2026-09-03T19:52:50
[BOT] 1.1624 | Aguardando fechamento da vela... (candles ok: 121)
[COLETOR] Ticks:   1,339 | 1.16238 @ 2026-09-03T19:52:51
[BOT] 1.1624 | Aguardando fechamento da vela... (candles ok: 121)
[COLETOR] Ticks:   1,340 | 1.16238 @ 2026-09-03T19:52:52
[BOT] 1.1624 | Aguardando fechamento da vela... (candles ok: 121)
[COLETOR] Ticks:   1,341 | 1.16238 @ 2026-09-03T19:52:53
[BOT] 1.1624 | Aguardando fechamento da vela... (candles ok: 121)
[COLETOR] Ticks:   1,342 | 1.16238 @ 2026-09-03T19:52:54
[BOT] 1.1624 | Aguardando fechamento da vela... (candles ok: 121)
[COLETOR] Ticks:   1,343 | 1.16238 @ 2026-09-03T19:52:55
[BOT] 1.1624 | Aguardando fechamento da vela... (candles ok: 121)
[COLETOR] Ticks:   1,344 | 1.16238 @ 2026-09-03T19:52:56
[BOT] 1.1624 | Aguardando fechamento da vela... (candles ok: 121)
[COLETOR] Ticks:   1,345 | 1.16238 @ 2026-09-03T19:52:57
[BOT] 1.1624 | Aguardando fechamento da vela... (candles ok: 121)
[COLETOR] Ticks:   1,346 | 1.16238 @ 2026-09-03T19:52:58
[BOT] 1.1624 | Aguardando fechamento da vela... (candles ok: 121)
[COLETOR] Ticks:   1,347 | 1.16238 @ 2026-09-03T19:52:59
[TICK] 1.1624 | EMA9:1.1624 EMA21:1.1625 | RSI:25.0 ADX:32.9 MACD_H:-0.00001 [→ SELL]
[BOT] → SELL | Stake: 10.00 USD | Duração: 15m | ADX:32.9 RSI:25.0
[COLETOR] Ticks:   1,348 | 1.16238 @ 2026-09-03T19:53:00[BOT] Erro API: Trading on forex contracts with duration less than 5 hours is not available from 21:00:00 to 23:59:59
[BOT] 1.1624 | Aguardando fechamento da vela... (candles ok: 122)
[COLETOR] Ticks:   1,349 | 1.16238 @ 2026-09-03T19:53:01
[BOT] 1.1624 | Aguardando fechamento da vela... (candles ok: 122)
[COLETOR] Ticks:   1,350 | 1.16238 @ 2026-09-03T19:53:02
[BOT] 1.1624 | Aguardando fechamento da vela... (candles ok: 122)
[COLETOR] Ticks:   1,351 | 1.16238 @ 2026-09-03T19:53:03
[BOT] 1.1624 | Aguardando fechamento da vela... (candles ok: 122)
[COLETOR] Ticks:   1,352 | 1.16238 @ 2026-09-03T19:53:04
[BOT] 1.1624 | Aguardando fechamento da vela... (candles ok: 122)
[COLETOR] Ticks:   1,353 | 1.16238 @ 2026-09-03T19:53:05
[BOT] 1.1624 | Aguardando fechamento da vela... (candles ok: 122)
[COLETOR] Ticks:   1,354 | 1.16239 @ 2026-09-03T19:53:06
[BOT] 1.1624 | Aguardando fechamento da vela... (candles ok: 122)
[COLETOR] Ticks:   1,355 | 1.16238 @ 2026-09-03T19:53:07
[BOT] 1.1624 | Aguardando fechamento da vela... (candles ok: 122)
[COLETOR] Ticks:   1,356 | 1.16238 @ 2026-09-03T19:53:08
[BOT] 1.1624 | Aguardando fechamento da vela... (candles ok: 122)
[COLETOR] Ticks:   1,357 | 1.16239 @ 2026-09-03T19:53:09
[BOT] 1.1624 | Aguardando fechamento da vela... (candles ok: 122)
[COLETOR] Ticks:   1,358 | 1.16239 @ 2026-09-03T19:53:10
[COLETOR] Ticks:   1,359 | 1.16238 @ 2026-09-03T19:53:11
[BOT] 1.1624 | Aguardando fechamento da vela... (candles ok: 122)
[COLETOR] Ticks:   1,360 | 1.16238 @ 2026-09-03T19:53:12
[BOT] 1.1624 | Aguardando fechamento da vela... (candles ok: 122)
[BOT] 1.1624 | Aguardando fechamento da vela... (candles ok: 122)
[COLETOR] Ticks:   1,361 | 1.16238 @ 2026-09-03T19:53:13
[BOT] 1.1624 | Aguardando fechamento da vela... (candles ok: 122)
[BOT] 1.1624 | Aguardando fechamento da vela... (candles ok: 122)
[COLETOR] Ticks:   1,362 | 1.16238 @ 2026-09-03T19:53:14
[COLETOR] Ticks:   1,363 | 1.16238 @ 2026-09-03T19:53:15
[BOT] 1.1624 | Aguardando fechamento da vela... (candles ok: 122)
[COLETOR] Ticks:   1,364 | 1.16238 @ 2026-09-03T19:53:16
[BOT] 1.1624 | Aguardando fechamento da vela... (candles ok: 122)
[COLETOR] Ticks:   1,365 | 1.16238 @ 2026-09-03T19:53:17
[BOT] 1.1624 | Aguardando fechamento da vela... (candles ok: 122)
[COLETOR] Ticks:   1,366 | 1.16238 @ 2026-09-03T19:53:18
[BOT] 1.1624 | Aguardando fechamento da vela... (candles ok: 122)
[COLETOR] Ticks:   1,367 | 1.16238 @ 2026-09-03T19:53:19
[BOT] 1.1624 | Aguardando fechamento da vela... (candles ok: 122)
[COLETOR] Ticks:   1,368 | 1.16238 @ 2026-09-03T19:53:20
[BOT] 1.1624 | Aguardando fechamento da vela... (candles ok: 122)
[COLETOR] Ticks:   1,369 | 1.16239 @ 2026-09-03T19:53:21
[BOT] 1.1624 | Aguardando fechamento da vela... (candles ok: 122)
[COLETOR] Ticks:   1,370 | 1.16239 @ 2026-09-03T19:53:22
[BOT] 1.1624 | Aguardando fechamento da vela... (candles ok: 122)
[COLETOR] Ticks:   1,371 | 1.16238 @ 2026-09-03T19:53:23
[BOT] 1.1624 | Aguardando fechamento da vela... (candles ok: 122)
[COLETOR] Ticks:   1,372 | 1.16239 @ 2026-09-03T19:53:24
[COLETOR] Ticks:   1,373 | 1.16238 @ 2026-09-03T19:53:25
[BOT] 1.1624 | Aguardando fechamento da vela... (candles ok: 122)
[BOT] 1.1624 | Aguardando fechamento da vela... (candles ok: 122)
[COLETOR] Ticks:   1,374 | 1.16238 @ 2026-09-03T19:53:26
[BOT] 1.1624 | Aguardando fechamento da vela... (candles ok: 122)
[COLETOR] Ticks:   1,375 | 1.16238 @ 2026-09-03T19:53:27
[BOT] 1.1624 | Aguardando fechamento da vela... (candles ok: 122)
[COLETOR] Ticks:   1,376 | 1.16238 @ 2026-09-03T19:53:28
[BOT] 1.1624 | Aguardando fechamento da vela... (candles ok: 122)
[COLETOR] Ticks:   1,377 | 1.16239 @ 2026-09-03T19:53:29
[BOT] 1.1624 | Aguardando fechamento da vela... (candles ok: 122)
[COLETOR] Ticks:   1,378 | 1.16239 @ 2026-09-03T19:53:30
[BOT] 1.1624 | Aguardando fechamento da vela... (candles ok: 122)
[COLETOR] Ticks:   1,379 | 1.16239 @ 2026-09-03T19:53:31
[BOT] 1.1624 | Aguardando fechamento da vela... (candles ok: 122)
[COLETOR] Ticks:   1,380 | 1.16239 @ 2026-09-03T19:53:32
[BOT] 1.1624 | Aguardando fechamento da vela... (candles ok: 122)
[COLETOR] Ticks:   1,381 | 1.16239 @ 2026-09-03T19:53:33
[BOT] 1.1624 | Aguardando fechamento da vela... (candles ok: 122)
[COLETOR] Ticks:   1,382 | 1.16239 @ 2026-09-03T19:53:34
[BOT] 1.1624 | Aguardando fechamento da vela... (candles ok: 122)
[COLETOR] Ticks:   1,383 | 1.16239 @ 2026-09-03T19:53:35
[BOT] 1.1624 | Aguardando fechamento da vela... (candles ok: 122)
[COLETOR] Ticks:   1,384 | 1.16239 @ 2026-09-03T19:53:36
[BOT] 1.1624 | Aguardando fechamento da vela... (candles ok: 122)
[COLETOR] Ticks:   1,385 | 1.16239 @ 2026-09-03T19:53:37
[BOT] 1.1624 | Aguardando fechamento da vela... (candles ok: 122)
[COLETOR] Ticks:   1,386 | 1.16239 @ 2026-09-03T19:53:38
[BOT] 1.1624 | Aguardando fechamento da vela... (candles ok: 122)
[COLETOR] Ticks:   1,387 | 1.16239 @ 2026-09-03T19:53:39
[BOT] 1.1624 | Aguardando fechamento da vela... (candles ok: 122)
[COLETOR] Ticks:   1,388 | 1.16239 @ 2026-09-03T19:53:40
[BOT] 1.1624 | Aguardando fechamento da vela... (candles ok: 122)
[COLETOR] Ticks:   1,389 | 1.16239 @ 2026-09-03T19:53:41
[COLETOR] Ticks:   1,390 | 1.16239 @ 2026-09-03T19:53:42
[BOT] 1.1624 | Aguardando fechamento da vela... (candles ok: 122)
[BOT] 1.1624 | Aguardando fechamento da vela... (candles ok: 122)
[COLETOR] Ticks:   1,391 | 1.16239 @ 2026-09-03T19:53:43
[BOT] 1.1624 | Aguardando fechamento da vela... (candles ok: 122)
[COLETOR] Ticks:   1,392 | 1.16239 @ 2026-09-03T19:53:44
[BOT] 1.1624 | Aguardando fechamento da vela... (candles ok: 122)
[COLETOR] Ticks:   1,393 | 1.16239 @ 2026-09-03T19:53:45
[BOT] 1.1624 | Aguardando fechamento da vela... (candles ok: 122)
[COLETOR] Ticks:   1,394 | 1.16239 @ 2026-09-03T19:53:46
[BOT] 1.1624 | Aguardando fechamento da vela... (candles ok: 122)
[COLETOR] Ticks:   1,395 | 1.16239 @ 2026-09-03T19:53:47
[BOT] 1.1624 | Aguardando fechamento da vela... (candles ok: 122)
[COLETOR] Ticks:   1,396 | 1.16239 @ 2026-09-03T19:53:48
[BOT] 1.1624 | Aguardando fechamento da vela... (candles ok: 122)
[COLETOR] Ticks:   1,397 | 1.16239 @ 2026-09-03T19:53:49
[BOT] 1.1624 | Aguardando fechamento da vela... (candles ok: 122)
[COLETOR] Ticks:   1,398 | 1.16239 @ 2026-09-03T19:53:50
[BOT] 1.1624 | Aguardando fechamento da vela... (candles ok: 122)
[COLETOR] Ticks:   1,399 | 1.16239 @ 2026-09-03T19:53:51
[COLETOR] Ticks:   1,400 | 1.16239 @ 2026-09-03T19:53:52
[BOT] 1.1624 | Aguardando fechamento da vela... (candles ok: 122)
[COLETOR] Ticks:   1,401 | 1.16239 @ 2026-09-03T19:53:53
[BOT] 1.1624 | Aguardando fechamento da vela... (candles ok: 122)
[BOT] 1.1624 | Aguardando fechamento da vela... (candles ok: 122)
[COLETOR] Ticks:   1,402 | 1.16239 @ 2026-09-03T19:53:54
[BOT] 1.1624 | Aguardando fechamento da vela... (candles ok: 122)
[COLETOR] Ticks:   1,403 | 1.16239 @ 2026-09-03T19:53:55
[BOT] 1.1624 | Aguardando fechamento da vela... (candles ok: 122)
[COLETOR] Ticks:   1,404 | 1.16239 @ 2026-09-03T19:53:56
[BOT] 1.1624 | Aguardando fechamento da vela... (candles ok: 122)
[COLETOR] Ticks:   1,405 | 1.16239 @ 2026-09-03T19:53:57
[BOT] 1.1624 | Aguardando fechamento da vela... (candles ok: 122)
[COLETOR] Ticks:   1,406 | 1.16239 @ 2026-09-03T19:53:58
[BOT] 1.1624 | Aguardando fechamento da vela... (candles ok: 122)
[COLETOR] Ticks:   1,407 | 1.16239 @ 2026-09-03T19:53:59
[TICK] 1.1624 | EMA9:1.1624 EMA21:1.1625 | RSI:27.6 ADX:34.8 MACD_H:-0.00001 [→ SELL]
[COLETOR] Ticks:   1,408 | 1.16239 @ 2026-09-03T19:54:00
[BOT] → SELL | Stake: 10.00 USD | Duração: 15m | ADX:34.8 RSI:27.6
[BOT] Erro API: Trading on forex contracts with duration less than 5 hours is not available from 21:00:00 to 23:59:59
[BOT] 1.1624 | Aguardando fechamento da vela... (candles ok: 123)
[COLETOR] Ticks:   1,409 | 1.16239 @ 2026-09-03T19:54:01
[BOT] 1.1624 | Aguardando fechamento da vela... (candles ok: 123)
[COLETOR] Ticks:   1,410 | 1.16239 @ 2026-09-03T19:54:02
[BOT] 1.1624 | Aguardando fechamento da vela... (candles ok: 123)
[COLETOR] Ticks:   1,411 | 1.16239 @ 2026-09-03T19:54:03
[BOT] 1.1624 | Aguardando fechamento da vela... (candles ok: 123)
[COLETOR] Ticks:   1,412 | 1.16239 @ 2026-09-03T19:54:04
[BOT] 1.1624 | Aguardando fechamento da vela... (candles ok: 123)
[COLETOR] Ticks:   1,413 | 1.16238 @ 2026-09-03T19:54:05
[BOT] 1.1624 | Aguardando fechamento da vela... (candles ok: 123)
[COLETOR] Ticks:   1,414 | 1.16239 @ 2026-09-03T19:54:06
[BOT] 1.1624 | Aguardando fechamento da vela... (candles ok: 123)
[COLETOR] Ticks:   1,415 | 1.16239 @ 2026-09-03T19:54:07
[BOT] 1.1624 | Aguardando fechamento da vela... (candles ok: 123)
[COLETOR] Ticks:   1,416 | 1.16239 @ 2026-09-03T19:54:08
[BOT] 1.1624 | Aguardando fechamento da vela... (candles ok: 123)
[COLETOR] Ticks:   1,417 | 1.16239 @ 2026-09-03T19:54:09
[BOT] 1.1624 | Aguardando fechamento da vela... (candles ok: 123)
[COLETOR] Ticks:   1,418 | 1.16239 @ 2026-09-03T19:54:10
[BOT] 1.1624 | Aguardando fechamento da vela... (candles ok: 123)
[COLETOR] Ticks:   1,419 | 1.16239 @ 2026-09-03T19:54:11
[BOT] 1.1624 | Aguardando fechamento da vela... (candles ok: 123)
[COLETOR] Ticks:   1,420 | 1.16238 @ 2026-09-03T19:54:12
[BOT] 1.1624 | Aguardando fechamento da vela... (candles ok: 123)
[COLETOR] Ticks:   1,421 | 1.16238 @ 2026-09-03T19:54:13
[BOT] 1.1624 | Aguardando fechamento da vela... (candles ok: 123)
[COLETOR] Ticks:   1,422 | 1.16237 @ 2026-09-03T19:54:14
[BOT] 1.1624 | Aguardando fechamento da vela... (candles ok: 123)
[COLETOR] Ticks:   1,423 | 1.16238 @ 2026-09-03T19:54:15
[BOT] 1.1624 | Aguardando fechamento da vela... (candles ok: 123)
[COLETOR] Ticks:   1,424 | 1.16238 @ 2026-09-03T19:54:16
[BOT] 1.1624 | Aguardando fechamento da vela... (candles ok: 123)
[COLETOR] Ticks:   1,425 | 1.16238 @ 2026-09-03T19:54:17
[BOT] 1.1624 | Aguardando fechamento da vela... (candles ok: 123)
[COLETOR] Ticks:   1,426 | 1.16238 @ 2026-09-03T19:54:18
[BOT] 1.1624 | Aguardando fechamento da vela... (candles ok: 123)
[COLETOR] Ticks:   1,427 | 1.16238 @ 2026-09-03T19:54:19
[BOT] 1.1624 | Aguardando fechamento da vela... (candles ok: 123)
[COLETOR] Ticks:   1,428 | 1.16238 @ 2026-09-03T19:54:20
[BOT] 1.1624 | Aguardando fechamento da vela... (candles ok: 123)
[COLETOR] Ticks:   1,429 | 1.16238 @ 2026-09-03T19:54:21
[BOT] 1.1624 | Aguardando fechamento da vela... (candles ok: 123)
[COLETOR] Ticks:   1,430 | 1.16238 @ 2026-09-03T19:54:22
[COLETOR] Ticks:   1,431 | 1.16238 @ 2026-09-03T19:54:23
[BOT] 1.1624 | Aguardando fechamento da vela... (candles ok: 123)
[BOT] 1.1624 | Aguardando fechamento da vela... (candles ok: 123)
[COLETOR] Ticks:   1,432 | 1.16238 @ 2026-09-03T19:54:24
[BOT] 1.1624 | Aguardando fechamento da vela... (candles ok: 123)
[COLETOR] Ticks:   1,433 | 1.16236 @ 2026-09-03T19:54:25
[BOT] 1.1623 | Aguardando fechamento da vela... (candles ok: 123)
[COLETOR] Ticks:   1,434 | 1.16234 @ 2026-09-03T19:54:26
[BOT] 1.1623 | Aguardando fechamento da vela... (candles ok: 123)
[COLETOR] Ticks:   1,435 | 1.16235 @ 2026-09-03T19:54:27
[BOT] 1.1623 | Aguardando fechamento da vela... (candles ok: 123)
[COLETOR] Ticks:   1,436 | 1.16235 @ 2026-09-03T19:54:28
[BOT] 1.1623 | Aguardando fechamento da vela... (candles ok: 123)
[COLETOR] Ticks:   1,437 | 1.16235 @ 2026-09-03T19:54:29
[BOT] 1.1624 | Aguardando fechamento da vela... (candles ok: 123)
[COLETOR] Ticks:   1,438 | 1.16236 @ 2026-09-03T19:54:30
[BOT] 1.1623 | Aguardando fechamento da vela... (candles ok: 123)
[COLETOR] Ticks:   1,439 | 1.16235 @ 2026-09-03T19:54:31
[BOT] 1.1623 | Aguardando fechamento da vela... (candles ok: 123)
[COLETOR] Ticks:   1,440 | 1.16235 @ 2026-09-03T19:54:32
[BOT] 1.1623 | Aguardando fechamento da vela... (candles ok: 123)
[COLETOR] Ticks:   1,441 | 1.16235 @ 2026-09-03T19:54:33
[BOT] 1.1624 | Aguardando fechamento da vela... (candles ok: 123)
[COLETOR] Ticks:   1,442 | 1.16236 @ 2026-09-03T19:54:34
[BOT] 1.1624 | Aguardando fechamento da vela... (candles ok: 123)
[BOT] 1.1624 | Aguardando fechamento da vela... (candles ok: 123)
[COLETOR] Ticks:   1,443 | 1.16236 @ 2026-09-03T19:54:35
[COLETOR] Ticks:   1,444 | 1.16236 @ 2026-09-03T19:54:36
[BOT] 1.1624 | Aguardando fechamento da vela... (candles ok: 123)
[COLETOR] Ticks:   1,445 | 1.16237 @ 2026-09-03T19:54:37
[BOT] 1.1624 | Aguardando fechamento da vela... (candles ok: 123)
[COLETOR] Ticks:   1,446 | 1.16237 @ 2026-09-03T19:54:38
[BOT] 1.1624 | Aguardando fechamento da vela... (candles ok: 123)
[COLETOR] Ticks:   1,447 | 1.16237 @ 2026-09-03T19:54:39
[BOT] 1.1624 | Aguardando fechamento da vela... (candles ok: 123)
[COLETOR] Ticks:   1,448 | 1.16237 @ 2026-09-03T19:54:40
[BOT] 1.1624 | Aguardando fechamento da vela... (candles ok: 123)
[COLETOR] Ticks:   1,449 | 1.16237 @ 2026-09-03T19:54:41
[COLETOR] Ticks:   1,450 | 1.16237 @ 2026-09-03T19:54:42
[BOT] 1.1624 | Aguardando fechamento da vela... (candles ok: 123)
[BOT] 1.1624 | Aguardando fechamento da vela... (candles ok: 123)
[COLETOR] Ticks:   1,451 | 1.16237 @ 2026-09-03T19:54:43
[BOT] 1.1624 | Aguardando fechamento da vela... (candles ok: 123)
[COLETOR] Ticks:   1,452 | 1.16237 @ 2026-09-03T19:54:44
[BOT] 1.1624 | Aguardando fechamento da vela... (candles ok: 123)
[COLETOR] Ticks:   1,453 | 1.16238 @ 2026-09-03T19:54:45
[BOT] 1.1624 | Aguardando fechamento da vela... (candles ok: 123)
[COLETOR] Ticks:   1,454 | 1.16238 @ 2026-09-03T19:54:46
[BOT] 1.1624 | Aguardando fechamento da vela... (candles ok: 123)
[COLETOR] Ticks:   1,455 | 1.16237 @ 2026-09-03T19:54:47
[BOT] 1.1624 | Aguardando fechamento da vela... (candles ok: 123)
[BOT] 1.1623 | Aguardando fechamento da vela... (candles ok: 123)
[COLETOR] Ticks:   1,456 | 1.16236 @ 2026-09-03T19:54:48
[COLETOR] Ticks:   1,457 | 1.16235 @ 2026-09-03T19:54:49
[BOT] 1.1623 | Aguardando fechamento da vela... (candles ok: 123)
[COLETOR] Ticks:   1,458 | 1.16235 @ 2026-09-03T19:54:50
[BOT] 1.1623 | Aguardando fechamento da vela... (candles ok: 123)
[COLETOR] Ticks:   1,459 | 1.16235 @ 2026-09-03T19:54:51
[BOT] 1.1623 | Aguardando fechamento da vela... (candles ok: 123)
[COLETOR] Ticks:   1,460 | 1.16235 @ 2026-09-03T19:54:52
[BOT] 1.1624 | Aguardando fechamento da vela... (candles ok: 123)
[COLETOR] Ticks:   1,461 | 1.16236 @ 2026-09-03T19:54:53
[BOT] 1.1624 | Aguardando fechamento da vela... (candles ok: 123)
[COLETOR] Ticks:   1,462 | 1.16236 @ 2026-09-03T19:54:54
[BOT] 1.1624 | Aguardando fechamento da vela... (candles ok: 123)
[COLETOR] Ticks:   1,463 | 1.16236 @ 2026-09-03T19:54:55
[BOT] 1.1623 | Aguardando fechamento da vela... (candles ok: 123)
[COLETOR] Ticks:   1,464 | 1.16235 @ 2026-09-03T19:54:56
[BOT] 1.1623 | Aguardando fechamento da vela... (candles ok: 123)
[COLETOR] Ticks:   1,465 | 1.16235 @ 2026-09-03T19:54:57
[BOT] 1.1623 | Aguardando fechamento da vela... (candles ok: 123)
[COLETOR] Ticks:   1,466 | 1.16235 @ 2026-09-03T19:54:58
[BOT] 1.1623 | Aguardando fechamento da vela... (candles ok: 123)
[COLETOR] Ticks:   1,467 | 1.16235 @ 2026-09-03T19:54:59
[TICK] 1.1623 | EMA9:1.1624 EMA21:1.1625 | RSI:24.0 ADX:37.0 MACD_H:-0.00001 [→ SELL]
[COLETOR] Ticks:   1,468 | 1.16235 @ 2026-09-03T19:55:00
[BOT] → SELL | Stake: 10.00 USD | Duração: 15m | ADX:37.0 RSI:24.0
[BOT] Erro API: Trading on forex contracts with duration less than 5 hours is not available from 21:00:00 to 23:59:59
[BOT] 1.1623 | Aguardando fechamento da vela... (candles ok: 124)
[COLETOR] Ticks:   1,469 | 1.16235 @ 2026-09-03T19:55:01
[BOT] 1.1623 | Aguardando fechamento da vela... (candles ok: 124)
[COLETOR] Ticks:   1,470 | 1.16235 @ 2026-09-03T19:55:02
[BOT] 1.1623 | Aguardando fechamento da vela... (candles ok: 124)
[COLETOR] Ticks:   1,471 | 1.16235 @ 2026-09-03T19:55:03
[BOT] 1.1623 | Aguardando fechamento da vela... (candles ok: 124)
[COLETOR] Ticks:   1,472 | 1.16235 @ 2026-09-03T19:55:04
[BOT] 1.1624 | Aguardando fechamento da vela... (candles ok: 124)
[COLETOR] Ticks:   1,473 | 1.16236 @ 2026-09-03T19:55:05
[BOT] 1.1623 | Aguardando fechamento da vela... (candles ok: 124)
[COLETOR] Ticks:   1,474 | 1.16234 @ 2026-09-03T19:55:06
[BOT] 1.1623 | Aguardando fechamento da vela... (candles ok: 124)
[COLETOR] Ticks:   1,475 | 1.16234 @ 2026-09-03T19:55:07
[BOT] 1.1623 | Aguardando fechamento da vela... (candles ok: 124)
[COLETOR] Ticks:   1,476 | 1.16234 @ 2026-09-03T19:55:08
[BOT] 1.1623 | Aguardando fechamento da vela... (candles ok: 124)
[COLETOR] Ticks:   1,477 | 1.16234 @ 2026-09-03T19:55:09
[BOT] 1.1623 | Aguardando fechamento da vela... (candles ok: 124)
[COLETOR] Ticks:   1,478 | 1.16234 @ 2026-09-03T19:55:10
[BOT] 1.1623 | Aguardando fechamento da vela... (candles ok: 124)
[COLETOR] Ticks:   1,479 | 1.16234 @ 2026-09-03T19:55:11
[BOT] 1.1623 | Aguardando fechamento da vela... (candles ok: 124)
[COLETOR] Ticks:   1,480 | 1.16234 @ 2026-09-03T19:55:12
[COLETOR] Ticks:   1,481 | 1.16234 @ 2026-09-03T19:55:13
[BOT] 1.1623 | Aguardando fechamento da vela... (candles ok: 124)
[BOT] 1.1623 | Aguardando fechamento da vela... (candles ok: 124)
[COLETOR] Ticks:   1,482 | 1.16234 @ 2026-09-03T19:55:14
[BOT] 1.1623 | Aguardando fechamento da vela... (candles ok: 124)
[COLETOR] Ticks:   1,483 | 1.16234 @ 2026-09-03T19:55:15
[BOT] 1.1623 | Aguardando fechamento da vela... (candles ok: 124)
[COLETOR] Ticks:   1,484 | 1.16234 @ 2026-09-03T19:55:16
[BOT] 1.1623 | Aguardando fechamento da vela... (candles ok: 124)
[COLETOR] Ticks:   1,485 | 1.16233 @ 2026-09-03T19:55:17
[BOT] 1.1623 | Aguardando fechamento da vela... (candles ok: 124)
[COLETOR] Ticks:   1,486 | 1.16233 @ 2026-09-03T19:55:18
[BOT] 1.1623 | Aguardando fechamento da vela... (candles ok: 124)
[COLETOR] Ticks:   1,487 | 1.16233 @ 2026-09-03T19:55:19
[BOT] 1.1623 | Aguardando fechamento da vela... (candles ok: 124)
[COLETOR] Ticks:   1,488 | 1.16233 @ 2026-09-03T19:55:20
[BOT] 1.1623 | Aguardando fechamento da vela... (candles ok: 124)
[COLETOR] Ticks:   1,489 | 1.16233 @ 2026-09-03T19:55:21
[BOT] 1.1623 | Aguardando fechamento da vela... (candles ok: 124)
[COLETOR] Ticks:   1,490 | 1.16233 @ 2026-09-03T19:55:22
[BOT] 1.1623 | Aguardando fechamento da vela... (candles ok: 124)
[COLETOR] Ticks:   1,491 | 1.16233 @ 2026-09-03T19:55:23
[BOT] 1.1623 | Aguardando fechamento da vela... (candles ok: 124)
[COLETOR] Ticks:   1,492 | 1.16233 @ 2026-09-03T19:55:24
[BOT] 1.1623 | Aguardando fechamento da vela... (candles ok: 124)
[COLETOR] Ticks:   1,493 | 1.16233 @ 2026-09-03T19:55:25
[BOT] 1.1623 | Aguardando fechamento da vela... (candles ok: 124)
[COLETOR] Ticks:   1,494 | 1.16233 @ 2026-09-03T19:55:26
[BOT] 1.1623 | Aguardando fechamento da vela... (candles ok: 124)
[COLETOR] Ticks:   1,495 | 1.16233 @ 2026-09-03T19:55:27
[BOT] 1.1623 | Aguardando fechamento da vela... (candles ok: 124)
[COLETOR] Ticks:   1,496 | 1.16233 @ 2026-09-03T19:55:28
[BOT] 1.1623 | Aguardando fechamento da vela... (candles ok: 124)
[COLETOR] Ticks:   1,497 | 1.16233 @ 2026-09-03T19:55:29
[BOT] 1.1623 | Aguardando fechamento da vela... (candles ok: 124)
[COLETOR] Ticks:   1,498 | 1.16234 @ 2026-09-03T19:55:30
[BOT] 1.1623 | Aguardando fechamento da vela... (candles ok: 124)
[COLETOR] Ticks:   1,499 | 1.16234 @ 2026-09-03T19:55:31
[BOT] 1.1623 | Aguardando fechamento da vela... (candles ok: 124)
[COLETOR] Ticks:   1,500 | 1.16234 @ 2026-09-03T19:55:32
[BOT] 1.1623 | Aguardando fechamento da vela... (candles ok: 124)
[COLETOR] Ticks:   1,501 | 1.16234 @ 2026-09-03T19:55:33
[BOT] 1.1623 | Aguardando fechamento da vela... (candles ok: 124)
[COLETOR] Ticks:   1,502 | 1.16234 @ 2026-09-03T19:55:34
[BOT] 1.1623 | Aguardando fechamento da vela... (candles ok: 124)
[COLETOR] Ticks:   1,503 | 1.16234 @ 2026-09-03T19:55:35
[BOT] 1.1623 | Aguardando fechamento da vela... (candles ok: 124)
[COLETOR] Ticks:   1,504 | 1.16234 @ 2026-09-03T19:55:36
[BOT] 1.1623 | Aguardando fechamento da vela... (candles ok: 124)
[COLETOR] Ticks:   1,505 | 1.16234 @ 2026-09-03T19:55:37
[BOT] 1.1623 | Aguardando fechamento da vela... (candles ok: 124)
[COLETOR] Ticks:   1,506 | 1.16233 @ 2026-09-03T19:55:38
[BOT] 1.1623 | Aguardando fechamento da vela... (candles ok: 124)
[COLETOR] Ticks:   1,507 | 1.16233 @ 2026-09-03T19:55:39
[BOT] 1.1623 | Aguardando fechamento da vela... (candles ok: 124)
[COLETOR] Ticks:   1,508 | 1.16233 @ 2026-09-03T19:55:40
[BOT] 1.1623 | Aguardando fechamento da vela... (candles ok: 124)
[COLETOR] Ticks:   1,509 | 1.16233 @ 2026-09-03T19:55:41
[BOT] 1.1623 | Aguardando fechamento da vela... (candles ok: 124)
[COLETOR] Ticks:   1,510 | 1.16233 @ 2026-09-03T19:55:42
[BOT] 1.1623 | Aguardando fechamento da vela... (candles ok: 124)
[COLETOR] Ticks:   1,511 | 1.16233 @ 2026-09-03T19:55:43
[COLETOR] Ticks:   1,512 | 1.16233 @ 2026-09-03T19:55:44
[BOT] 1.1623 | Aguardando fechamento da vela... (candles ok: 124)
[BOT] 1.1623 | Aguardando fechamento da vela... (candles ok: 124)
[COLETOR] Ticks:   1,513 | 1.16233 @ 2026-09-03T19:55:45
[BOT] 1.1623 | Aguardando fechamento da vela... (candles ok: 124)
[COLETOR] Ticks:   1,514 | 1.16233 @ 2026-09-03T19:55:46
[BOT] 1.1623 | Aguardando fechamento da vela... (candles ok: 124)
[COLETOR] Ticks:   1,515 | 1.16233 @ 2026-09-03T19:55:47
[BOT] 1.1623 | Aguardando fechamento da vela... (candles ok: 124)
[COLETOR] Ticks:   1,516 | 1.16233 @ 2026-09-03T19:55:48
[BOT] 1.1623 | Aguardando fechamento da vela... (candles ok: 124)
[COLETOR] Ticks:   1,517 | 1.16233 @ 2026-09-03T19:55:49
[BOT] 1.1623 | Aguardando fechamento da vela... (candles ok: 124)
[COLETOR] Ticks:   1,518 | 1.16233 @ 2026-09-03T19:55:50
[COLETOR] Ticks:   1,519 | 1.16233 @ 2026-09-03T19:55:51
[BOT] 1.1623 | Aguardando fechamento da vela... (candles ok: 124)
[COLETOR] Ticks:   1,520 | 1.16233 @ 2026-09-03T19:55:52
[BOT] 1.1623 | Aguardando fechamento da vela... (candles ok: 124)
[BOT] 1.1623 | Aguardando fechamento da vela... (candles ok: 124)
[COLETOR] Ticks:   1,521 | 1.16233 @ 2026-09-03T19:55:53
[BOT] 1.1623 | Aguardando fechamento da vela... (candles ok: 124)
[COLETOR] Ticks:   1,522 | 1.16233 @ 2026-09-03T19:55:54
[BOT] 1.1623 | Aguardando fechamento da vela... (candles ok: 124)
[COLETOR] Ticks:   1,523 | 1.16233 @ 2026-09-03T19:55:55
[BOT] 1.1623 | Aguardando fechamento da vela... (candles ok: 124)
[COLETOR] Ticks:   1,524 | 1.16233 @ 2026-09-03T19:55:56
[BOT] 1.1623 | Aguardando fechamento da vela... (candles ok: 124)
[COLETOR] Ticks:   1,525 | 1.16233 @ 2026-09-03T19:55:57
[BOT] 1.1623 | Aguardando fechamento da vela... (candles ok: 124)
[COLETOR] Ticks:   1,526 | 1.16233 @ 2026-09-03T19:55:58
[BOT] 1.1623 | Aguardando fechamento da vela... (candles ok: 124)
[COLETOR] Ticks:   1,527 | 1.16233 @ 2026-09-03T19:55:59
[TICK] 1.1623 | EMA9:1.1624 EMA21:1.1625 | RSI:22.4 ADX:39.2 MACD_H:-0.00002 [→ SELL]
[BOT] → SELL | Stake: 10.00 USD | Duração: 15m | ADX:39.2 RSI:22.4
[COLETOR] Ticks:   1,528 | 1.16233 @ 2026-09-03T19:56:00[BOT] Erro API: Trading on forex contracts with duration less than 5 hours is not available from 21:00:00 to 23:59:59
[BOT] 1.1623 | Aguardando fechamento da vela... (candles ok: 125)
[COLETOR] Ticks:   1,529 | 1.16233 @ 2026-09-03T19:56:01
[BOT] 1.1623 | Aguardando fechamento da vela... (candles ok: 125)
[COLETOR] Ticks:   1,530 | 1.16234 @ 2026-09-03T19:56:02
[BOT] 1.1623 | Aguardando fechamento da vela... (candles ok: 125)
[COLETOR] Ticks:   1,531 | 1.16234 @ 2026-09-03T19:56:03
[BOT] 1.1623 | Aguardando fechamento da vela... (candles ok: 125)
[COLETOR] Ticks:   1,532 | 1.16234 @ 2026-09-03T19:56:04
[COLETOR] Ticks:   1,533 | 1.16233 @ 2026-09-03T19:56:05
[BOT] 1.1623 | Aguardando fechamento da vela... (candles ok: 125)
[BOT] 1.1623 | Aguardando fechamento da vela... (candles ok: 125)
[BOT] 1.1623 | Aguardando fechamento da vela... (candles ok: 125)
[COLETOR] Ticks:   1,534 | 1.16233 @ 2026-09-03T19:56:06
[COLETOR] Ticks:   1,535 | 1.16233 @ 2026-09-03T19:56:07
[BOT] 1.1623 | Aguardando fechamento da vela... (candles ok: 125)
[COLETOR] Ticks:   1,536 | 1.16233 @ 2026-09-03T19:56:08
[BOT] 1.1623 | Aguardando fechamento da vela... (candles ok: 125)
[COLETOR] Ticks:   1,537 | 1.16233 @ 2026-09-03T19:56:09
[BOT] 1.1623 | Aguardando fechamento da vela... (candles ok: 125)
[COLETOR] Ticks:   1,538 | 1.16233 @ 2026-09-03T19:56:10
[BOT] 1.1623 | Aguardando fechamento da vela... (candles ok: 125)
[COLETOR] Ticks:   1,539 | 1.16233 @ 2026-09-03T19:56:11
[BOT] 1.1623 | Aguardando fechamento da vela... (candles ok: 125)
[COLETOR] Ticks:   1,540 | 1.16233 @ 2026-09-03T19:56:12
[BOT] 1.1623 | Aguardando fechamento da vela... (candles ok: 125)
[COLETOR] Ticks:   1,541 | 1.16233 @ 2026-09-03T19:56:13
[BOT] 1.1623 | Aguardando fechamento da vela... (candles ok: 125)
[COLETOR] Ticks:   1,542 | 1.16233 @ 2026-09-03T19:56:14
[BOT] 1.1623 | Aguardando fechamento da vela... (candles ok: 125)
[COLETOR] Ticks:   1,543 | 1.16233 @ 2026-09-03T19:56:15
[BOT] 1.1623 | Aguardando fechamento da vela... (candles ok: 125)
[COLETOR] Ticks:   1,544 | 1.16233 @ 2026-09-03T19:56:16
[BOT] 1.1623 | Aguardando fechamento da vela... (candles ok: 125)
[COLETOR] Ticks:   1,545 | 1.16233 @ 2026-09-03T19:56:17
[BOT] 1.1623 | Aguardando fechamento da vela... (candles ok: 125)
[COLETOR] Ticks:   1,546 | 1.16233 @ 2026-09-03T19:56:18
[BOT] 1.1623 | Aguardando fechamento da vela... (candles ok: 125)
[COLETOR] Ticks:   1,547 | 1.16233 @ 2026-09-03T19:56:19
[BOT] 1.1623 | Aguardando fechamento da vela... (candles ok: 125)
[COLETOR] Ticks:   1,548 | 1.16233 @ 2026-09-03T19:56:20
[BOT] 1.1623 | Aguardando fechamento da vela... (candles ok: 125)
[COLETOR] Ticks:   1,549 | 1.16233 @ 2026-09-03T19:56:21
[BOT] 1.1623 | Aguardando fechamento da vela... (candles ok: 125)
[COLETOR] Ticks:   1,550 | 1.16233 @ 2026-09-03T19:56:22
[BOT] 1.1623 | Aguardando fechamento da vela... (candles ok: 125)
[COLETOR] Ticks:   1,551 | 1.16233 @ 2026-09-03T19:56:23
[BOT] 1.1623 | Aguardando fechamento da vela... (candles ok: 125)
[COLETOR] Ticks:   1,552 | 1.16233 @ 2026-09-03T19:56:24
[BOT] 1.1623 | Aguardando fechamento da vela... (candles ok: 125)
[COLETOR] Ticks:   1,553 | 1.16232 @ 2026-09-03T19:56:25
[BOT] 1.1623 | Aguardando fechamento da vela... (candles ok: 125)
[COLETOR] Ticks:   1,554 | 1.16233 @ 2026-09-03T19:56:26
[BOT] 1.1623 | Aguardando fechamento da vela... (candles ok: 125)
[COLETOR] Ticks:   1,555 | 1.16233 @ 2026-09-03T19:56:27
[BOT] 1.1623 | Aguardando fechamento da vela... (candles ok: 125)
[COLETOR] Ticks:   1,556 | 1.16233 @ 2026-09-03T19:56:28
[BOT] 1.1623 | Aguardando fechamento da vela... (candles ok: 125)
[COLETOR] Ticks:   1,557 | 1.16233 @ 2026-09-03T19:56:29
[BOT] 1.1623 | Aguardando fechamento da vela... (candles ok: 125)
[COLETOR] Ticks:   1,558 | 1.16233 @ 2026-09-03T19:56:30
[COLETOR] Ticks:   1,559 | 1.16233 @ 2026-09-03T19:56:31
[BOT] 1.1623 | Aguardando fechamento da vela... (candles ok: 125)
[BOT] 1.1623 | Aguardando fechamento da vela... (candles ok: 125)
[COLETOR] Ticks:   1,560 | 1.16233 @ 2026-09-03T19:56:32
[BOT] 1.1623 | Aguardando fechamento da vela... (candles ok: 125)
[COLETOR] Ticks:   1,561 | 1.16233 @ 2026-09-03T19:56:33
[BOT] 1.1623 | Aguardando fechamento da vela... (candles ok: 125)
[COLETOR] Ticks:   1,562 | 1.16233 @ 2026-09-03T19:56:34
[BOT] 1.1623 | Aguardando fechamento da vela... (candles ok: 125)
[COLETOR] Ticks:   1,563 | 1.16233 @ 2026-09-03T19:56:35
[BOT] 1.1623 | Aguardando fechamento da vela... (candles ok: 125)
[COLETOR] Ticks:   1,564 | 1.16233 @ 2026-09-03T19:56:36
[BOT] 1.1623 | Aguardando fechamento da vela... (candles ok: 125)
[COLETOR] Ticks:   1,565 | 1.16233 @ 2026-09-03T19:56:37
[BOT] 1.1623 | Aguardando fechamento da vela... (candles ok: 125)
[COLETOR] Ticks:   1,566 | 1.16233 @ 2026-09-03T19:56:38
[BOT] 1.1623 | Aguardando fechamento da vela... (candles ok: 125)
[COLETOR] Ticks:   1,567 | 1.16233 @ 2026-09-03T19:56:39
[BOT] 1.1623 | Aguardando fechamento da vela... (candles ok: 125)
[COLETOR] Ticks:   1,568 | 1.16233 @ 2026-09-03T19:56:40
[BOT] 1.1623 | Aguardando fechamento da vela... (candles ok: 125)
[COLETOR] Ticks:   1,569 | 1.16233 @ 2026-09-03T19:56:41
[COLETOR] Ticks:   1,570 | 1.16233 @ 2026-09-03T19:56:42
[BOT] 1.1623 | Aguardando fechamento da vela... (candles ok: 125)
[BOT] 1.1623 | Aguardando fechamento da vela... (candles ok: 125)
[COLETOR] Ticks:   1,571 | 1.16233 @ 2026-09-03T19:56:43
[BOT] 1.1623 | Aguardando fechamento da vela... (candles ok: 125)
[COLETOR] Ticks:   1,572 | 1.16233 @ 2026-09-03T19:56:44
[BOT] 1.1623 | Aguardando fechamento da vela... (candles ok: 125)
[COLETOR] Ticks:   1,573 | 1.16233 @ 2026-09-03T19:56:45
[BOT] 1.1624 | Aguardando fechamento da vela... (candles ok: 125)
[COLETOR] Ticks:   1,574 | 1.16236 @ 2026-09-03T19:56:46
[BOT] 1.1624 | Aguardando fechamento da vela... (candles ok: 125)
[COLETOR] Ticks:   1,575 | 1.16236 @ 2026-09-03T19:56:47
[BOT] 1.1624 | Aguardando fechamento da vela... (candles ok: 125)
[BOT] 1.1623 | Aguardando fechamento da vela... (candles ok: 125)
[COLETOR] Ticks:   1,576 | 1.16236 @ 2026-09-03T19:56:48
[COLETOR] Ticks:   1,577 | 1.16235 @ 2026-09-03T19:56:49
[BOT] 1.1623 | Aguardando fechamento da vela... (candles ok: 125)
[COLETOR] Ticks:   1,578 | 1.16235 @ 2026-09-03T19:56:50
[COLETOR] Ticks:   1,579 | 1.16236 @ 2026-09-03T19:56:51
[BOT] 1.1624 | Aguardando fechamento da vela... (candles ok: 125)
[BOT] 1.1624 | Aguardando fechamento da vela... (candles ok: 125)
[COLETOR] Ticks:   1,580 | 1.16236 @ 2026-09-03T19:56:52
[BOT] 1.1623 | Aguardando fechamento da vela... (candles ok: 125)
[COLETOR] Ticks:   1,581 | 1.16234 @ 2026-09-03T19:56:53
[BOT] 1.1623 | Aguardando fechamento da vela... (candles ok: 125)
[COLETOR] Ticks:   1,582 | 1.16234 @ 2026-09-03T19:56:54
[BOT] 1.1623 | Aguardando fechamento da vela... (candles ok: 125)
[COLETOR] Ticks:   1,583 | 1.16233 @ 2026-09-03T19:56:55
[BOT] 1.1623 | Aguardando fechamento da vela... (candles ok: 125)
[COLETOR] Ticks:   1,584 | 1.16233 @ 2026-09-03T19:56:56
[COLETOR] Ticks:   1,585 | 1.16233 @ 2026-09-03T19:56:57
[BOT] 1.1623 | Aguardando fechamento da vela... (candles ok: 125)
[BOT] 1.1623 | Aguardando fechamento da vela... (candles ok: 125)
[COLETOR] Ticks:   1,586 | 1.16233 @ 2026-09-03T19:56:58
[BOT] 1.1623 | Aguardando fechamento da vela... (candles ok: 125)
[COLETOR] Ticks:   1,587 | 1.16233 @ 2026-09-03T19:56:59
[VELA] ━━━━━━━━━━━━━━━━━━━━━━━━━━━━━━━━
  🔴 Three Black Crows (força: 0.96)
  Preço: 1.1623 | Contexto: Demand Zone + Supply Zone + Suporte próximo + FVG Bullish
  Ação sugerida: SELL favorecido
[VELA] ━━━━━━━━━━━━━━━━━━━━━━━━━━━━━━━━
[TICK] 1.1623 | EMA9:1.1624 EMA21:1.1624 | RSI:22.4 ADX:41.2 MACD_H:-0.00002 [→ SELL]
[COLETOR] Ticks:   1,588 | 1.16233 @ 2026-09-03T19:57:00
[BOT] → SELL | Stake: 10.00 USD | Duração: 15m | ADX:41.2 RSI:22.4
[BOT] Erro API: Trading on forex contracts with duration less than 5 hours is not available from 21:00:00 to 23:59:59
[BOT] 1.1623 | Aguardando fechamento da vela... (candles ok: 126)
[COLETOR] Ticks:   1,589 | 1.16233 @ 2026-09-03T19:57:01
[BOT] 1.1623 | Aguardando fechamento da vela... (candles ok: 126)
[COLETOR] Ticks:   1,590 | 1.16233 @ 2026-09-03T19:57:02
[COLETOR] Ticks:   1,591 | 1.16234 @ 2026-09-03T19:57:03
[BOT] 1.1623 | Aguardando fechamento da vela... (candles ok: 126)
[BOT] 1.1623 | Aguardando fechamento da vela... (candles ok: 126)
[COLETOR] Ticks:   1,592 | 1.16234 @ 2026-09-03T19:57:04
[BOT] 1.1623 | Aguardando fechamento da vela... (candles ok: 126)
[COLETOR] Ticks:   1,593 | 1.16234 @ 2026-09-03T19:57:05
[BOT] 1.1623 | Aguardando fechamento da vela... (candles ok: 126)
[COLETOR] Ticks:   1,594 | 1.16233 @ 2026-09-03T19:57:06
[COLETOR] Ticks:   1,595 | 1.16233 @ 2026-09-03T19:57:07
[BOT] 1.1623 | Aguardando fechamento da vela... (candles ok: 126)
[COLETOR] Ticks:   1,596 | 1.16233 @ 2026-09-03T19:57:08
[BOT] 1.1623 | Aguardando fechamento da vela... (candles ok: 126)
[BOT] 1.1623 | Aguardando fechamento da vela... (candles ok: 126)
[COLETOR] Ticks:   1,597 | 1.16233 @ 2026-09-03T19:57:09
[BOT] 1.1623 | Aguardando fechamento da vela... (candles ok: 126)
[COLETOR] Ticks:   1,598 | 1.16233 @ 2026-09-03T19:57:10
[BOT] 1.1623 | Aguardando fechamento da vela... (candles ok: 126)
[COLETOR] Ticks:   1,599 | 1.16233 @ 2026-09-03T19:57:11
[BOT] 1.1623 | Aguardando fechamento da vela... (candles ok: 126)
[COLETOR] Ticks:   1,600 | 1.16233 @ 2026-09-03T19:57:12
[BOT] 1.1623 | Aguardando fechamento da vela... (candles ok: 126)
[COLETOR] Ticks:   1,601 | 1.16233 @ 2026-09-03T19:57:13
[BOT] 1.1623 | Aguardando fechamento da vela... (candles ok: 126)
[COLETOR] Ticks:   1,602 | 1.16233 @ 2026-09-03T19:57:14
[COLETOR] Ticks:   1,603 | 1.16233 @ 2026-09-03T19:57:15
[BOT] 1.1623 | Aguardando fechamento da vela... (candles ok: 126)
[BOT] 1.1623 | Aguardando fechamento da vela... (candles ok: 126)
[COLETOR] Ticks:   1,604 | 1.16233 @ 2026-09-03T19:57:16
[BOT] 1.1623 | Aguardando fechamento da vela... (candles ok: 126)
[COLETOR] Ticks:   1,605 | 1.16233 @ 2026-09-03T19:57:17
[BOT] 1.1623 | Aguardando fechamento da vela... (candles ok: 126)
[COLETOR] Ticks:   1,606 | 1.16233 @ 2026-09-03T19:57:18
[BOT] 1.1623 | Aguardando fechamento da vela... (candles ok: 126)
[BOT] 1.1623 | Aguardando fechamento da vela... (candles ok: 126)
[COLETOR] Ticks:   1,607 | 1.16233 @ 2026-09-03T19:57:19
[COLETOR] Ticks:   1,608 | 1.16232 @ 2026-09-03T19:57:20
[COLETOR] Ticks:   1,609 | 1.16232 @ 2026-09-03T19:57:21
[BOT] 1.1623 | Aguardando fechamento da vela... (candles ok: 126)
[BOT] 1.1623 | Aguardando fechamento da vela... (candles ok: 126)
[COLETOR] Ticks:   1,610 | 1.16233 @ 2026-09-03T19:57:22
[BOT] 1.1623 | Aguardando fechamento da vela... (candles ok: 126)
[COLETOR] Ticks:   1,611 | 1.16232 @ 2026-09-03T19:57:23
[BOT] 1.1623 | Aguardando fechamento da vela... (candles ok: 126)
[COLETOR] Ticks:   1,612 | 1.16232 @ 2026-09-03T19:57:24
[BOT] 1.1623 | Aguardando fechamento da vela... (candles ok: 126)
[COLETOR] Ticks:   1,613 | 1.16231 @ 2026-09-03T19:57:25
[BOT] 1.1623 | Aguardando fechamento da vela... (candles ok: 126)
[COLETOR] Ticks:   1,614 | 1.16231 @ 2026-09-03T19:57:26
[BOT] 1.1623 | Aguardando fechamento da vela... (candles ok: 126)
[COLETOR] Ticks:   1,615 | 1.16231 @ 2026-09-03T19:57:27
[BOT] 1.1623 | Aguardando fechamento da vela... (candles ok: 126)
[COLETOR] Ticks:   1,616 | 1.1623 @ 2026-09-03T19:57:28
[BOT] 1.1623 | Aguardando fechamento da vela... (candles ok: 126)
[COLETOR] Ticks:   1,617 | 1.16231 @ 2026-09-03T19:57:29
[BOT] 1.1623 | Aguardando fechamento da vela... (candles ok: 126)
[COLETOR] Ticks:   1,618 | 1.16231 @ 2026-09-03T19:57:30
[BOT] 1.1623 | Aguardando fechamento da vela... (candles ok: 126)
[COLETOR] Ticks:   1,619 | 1.16231 @ 2026-09-03T19:57:31
[BOT] 1.1623 | Aguardando fechamento da vela... (candles ok: 126)
[COLETOR] Ticks:   1,620 | 1.16231 @ 2026-09-03T19:57:32
[COLETOR] Ticks:   1,621 | 1.16231 @ 2026-09-03T19:57:33
[BOT] 1.1623 | Aguardando fechamento da vela... (candles ok: 126)
[BOT] 1.1623 | Aguardando fechamento da vela... (candles ok: 126)
[COLETOR] Ticks:   1,622 | 1.16231 @ 2026-09-03T19:57:34
[BOT] 1.1623 | Aguardando fechamento da vela... (candles ok: 126)
[COLETOR] Ticks:   1,623 | 1.16231 @ 2026-09-03T19:57:35
[BOT] 1.1623 | Aguardando fechamento da vela... (candles ok: 126)
[COLETOR] Ticks:   1,624 | 1.16231 @ 2026-09-03T19:57:36
[BOT] 1.1623 | Aguardando fechamento da vela... (candles ok: 126)
[COLETOR] Ticks:   1,625 | 1.16231 @ 2026-09-03T19:57:37
[COLETOR] Ticks:   1,626 | 1.16231 @ 2026-09-03T19:57:38
[BOT] 1.1623 | Aguardando fechamento da vela... (candles ok: 126)
[BOT] 1.1623 | Aguardando fechamento da vela... (candles ok: 126)
[COLETOR] Ticks:   1,627 | 1.16231 @ 2026-09-03T19:57:39
[BOT] 1.1623 | Aguardando fechamento da vela... (candles ok: 126)
[COLETOR] Ticks:   1,628 | 1.16232 @ 2026-09-03T19:57:40
[BOT] 1.1623 | Aguardando fechamento da vela... (candles ok: 126)
[COLETOR] Ticks:   1,629 | 1.16232 @ 2026-09-03T19:57:41
[BOT] 1.1623 | Aguardando fechamento da vela... (candles ok: 126)
[BOT] 1.1623 | Aguardando fechamento da vela... (candles ok: 126)
[COLETOR] Ticks:   1,630 | 1.16232 @ 2026-09-03T19:57:42
[COLETOR] Ticks:   1,631 | 1.16233 @ 2026-09-03T19:57:43
[BOT] 1.1623 | Aguardando fechamento da vela... (candles ok: 126)
[COLETOR] Ticks:   1,632 | 1.16233 @ 2026-09-03T19:57:44
[BOT] 1.1623 | Aguardando fechamento da vela... (candles ok: 126)
[COLETOR] Ticks:   1,633 | 1.16233 @ 2026-09-03T19:57:45
[BOT] 1.1623 | Aguardando fechamento da vela... (candles ok: 126)
[COLETOR] Ticks:   1,634 | 1.16233 @ 2026-09-03T19:57:46
[BOT] 1.1623 | Aguardando fechamento da vela... (candles ok: 126)
[COLETOR] Ticks:   1,635 | 1.16233 @ 2026-09-03T19:57:47
[BOT] 1.1623 | Aguardando fechamento da vela... (candles ok: 126)
[BOT] 1.1623 | Aguardando fechamento da vela... (candles ok: 126)
[BOT] 1.1623 | Aguardando fechamento da vela... (candles ok: 126)
[COLETOR] Ticks:   1,636 | 1.16233 @ 2026-09-03T19:57:48
[COLETOR] Ticks:   1,637 | 1.16233 @ 2026-09-03T19:57:49
[COLETOR] Ticks:   1,638 | 1.16233 @ 2026-09-03T19:57:50
[BOT] 1.1623 | Aguardando fechamento da vela... (candles ok: 126)
[COLETOR] Ticks:   1,639 | 1.16233 @ 2026-09-03T19:57:51
[BOT] 1.1623 | Aguardando fechamento da vela... (candles ok: 126)
[COLETOR] Ticks:   1,640 | 1.16233 @ 2026-09-03T19:57:52
[COLETOR] Ticks:   1,641 | 1.16233 @ 2026-09-03T19:57:53
[BOT] 1.1623 | Aguardando fechamento da vela... (candles ok: 126)
[BOT] 1.1623 | Aguardando fechamento da vela... (candles ok: 126)
[COLETOR] Ticks:   1,642 | 1.16233 @ 2026-09-03T19:57:54
[BOT] 1.1623 | Aguardando fechamento da vela... (candles ok: 126)
[COLETOR] Ticks:   1,643 | 1.16233 @ 2026-09-03T19:57:55
[BOT] 1.1623 | Aguardando fechamento da vela... (candles ok: 126)
[COLETOR] Ticks:   1,644 | 1.16233 @ 2026-09-03T19:57:56
[BOT] 1.1623 | Aguardando fechamento da vela... (candles ok: 126)
[COLETOR] Ticks:   1,645 | 1.16233 @ 2026-09-03T19:57:57
[BOT] 1.1623 | Aguardando fechamento da vela... (candles ok: 126)
[COLETOR] Ticks:   1,646 | 1.16233 @ 2026-09-03T19:57:58
[BOT] 1.1623 | Aguardando fechamento da vela... (candles ok: 126)
[COLETOR] Ticks:   1,647 | 1.16233 @ 2026-09-03T19:57:59
[VELA] ━━━━━━━━━━━━━━━━━━━━━━━━━━━━━━━━
  🔴 Three Black Crows (força: 0.96)
  Preço: 1.1623 | Contexto: Demand Zone + Supply Zone + Suporte próximo + FVG Bullish
  Ação sugerida: SELL favorecido
[VELA] ━━━━━━━━━━━━━━━━━━━━━━━━━━━━━━━━
[TICK] 1.1623 | EMA9:1.1624 EMA21:1.1624 | RSI:22.4 ADX:43.1 MACD_H:-0.00001 [→ SELL]
[COLETOR] Ticks:   1,648 | 1.16234 @ 2026-09-03T19:58:00
[BOT] → SELL | Stake: 10.00 USD | Duração: 15m | ADX:43.1 RSI:22.4
[BOT] Erro API: Trading on forex contracts with duration less than 5 hours is not available from 21:00:00 to 23:59:59
[COLETOR] Ticks:   1,649 | 1.16233 @ 2026-09-03T19:58:01
[BOT] 1.1623 | Aguardando fechamento da vela... (candles ok: 127)
[BOT] 1.1623 | Aguardando fechamento da vela... (candles ok: 127)
[COLETOR] Ticks:   1,650 | 1.16234 @ 2026-09-03T19:58:02
[BOT] 1.1623 | Aguardando fechamento da vela... (candles ok: 127)
[COLETOR] Ticks:   1,651 | 1.16234 @ 2026-09-03T19:58:03
[BOT] 1.1623 | Aguardando fechamento da vela... (candles ok: 127)
[COLETOR] Ticks:   1,652 | 1.16234 @ 2026-09-03T19:58:04
[BOT] 1.1623 | Aguardando fechamento da vela... (candles ok: 127)
[COLETOR] Ticks:   1,653 | 1.16234 @ 2026-09-03T19:58:05
[BOT] 1.1623 | Aguardando fechamento da vela... (candles ok: 127)
[COLETOR] Ticks:   1,654 | 1.16233 @ 2026-09-03T19:58:06
[BOT] 1.1623 | Aguardando fechamento da vela... (candles ok: 127)
[COLETOR] Ticks:   1,655 | 1.16233 @ 2026-09-03T19:58:07
[BOT] 1.1623 | Aguardando fechamento da vela... (candles ok: 127)
[COLETOR] Ticks:   1,656 | 1.16233 @ 2026-09-03T19:58:08
[BOT] 1.1623 | Aguardando fechamento da vela... (candles ok: 127)
[COLETOR] Ticks:   1,657 | 1.16234 @ 2026-09-03T19:58:09
[BOT] 1.1623 | Aguardando fechamento da vela... (candles ok: 127)
[COLETOR] Ticks:   1,658 | 1.16233 @ 2026-09-03T19:58:10
[BOT] 1.1623 | Aguardando fechamento da vela... (candles ok: 127)
[COLETOR] Ticks:   1,659 | 1.16234 @ 2026-09-03T19:58:11
[COLETOR] Ticks:   1,660 | 1.16233 @ 2026-09-03T19:58:12
[BOT] 1.1623 | Aguardando fechamento da vela... (candles ok: 127)
[BOT] 1.1623 | Aguardando fechamento da vela... (candles ok: 127)
[COLETOR] Ticks:   1,661 | 1.16233 @ 2026-09-03T19:58:13
[COLETOR] Ticks:   1,662 | 1.16233 @ 2026-09-03T19:58:14
[BOT] 1.1623 | Aguardando fechamento da vela... (candles ok: 127)
[BOT] 1.1623 | Aguardando fechamento da vela... (candles ok: 127)
[COLETOR] Ticks:   1,663 | 1.16233 @ 2026-09-03T19:58:15
[BOT] 1.1623 | Aguardando fechamento da vela... (candles ok: 127)
[COLETOR] Ticks:   1,664 | 1.16233 @ 2026-09-03T19:58:16
[BOT] 1.1623 | Aguardando fechamento da vela... (candles ok: 127)
[BOT] 1.1623 | Aguardando fechamento da vela... (candles ok: 127)
[COLETOR] Ticks:   1,665 | 1.16234 @ 2026-09-03T19:58:17
[COLETOR] Ticks:   1,666 | 1.16233 @ 2026-09-03T19:58:18
[BOT] 1.1623 | Aguardando fechamento da vela... (candles ok: 127)
[COLETOR] Ticks:   1,667 | 1.16233 @ 2026-09-03T19:58:19
[COLETOR] Ticks:   1,668 | 1.16233 @ 2026-09-03T19:58:20
[BOT] 1.1623 | Aguardando fechamento da vela... (candles ok: 127)
[COLETOR] Ticks:   1,669 | 1.16233 @ 2026-09-03T19:58:21
[BOT] 1.1623 | Aguardando fechamento da vela... (candles ok: 127)
[BOT] 1.1623 | Aguardando fechamento da vela... (candles ok: 127)
[COLETOR] Ticks:   1,670 | 1.16233 @ 2026-09-03T19:58:22
[COLETOR] Ticks:   1,671 | 1.16233 @ 2026-09-03T19:58:23
[BOT] 1.1623 | Aguardando fechamento da vela... (candles ok: 127)
[BOT] 1.1623 | Aguardando fechamento da vela... (candles ok: 127)
[COLETOR] Ticks:   1,672 | 1.16233 @ 2026-09-03T19:58:24
[BOT] 1.1623 | Aguardando fechamento da vela... (candles ok: 127)
[COLETOR] Ticks:   1,673 | 1.16233 @ 2026-09-03T19:58:25
[BOT] 1.1623 | Aguardando fechamento da vela... (candles ok: 127)
[COLETOR] Ticks:   1,674 | 1.16233 @ 2026-09-03T19:58:26
[BOT] 1.1623 | Aguardando fechamento da vela... (candles ok: 127)
[COLETOR] Ticks:   1,675 | 1.16233 @ 2026-09-03T19:58:27
[BOT] 1.1623 | Aguardando fechamento da vela... (candles ok: 127)
[COLETOR] Ticks:   1,676 | 1.16233 @ 2026-09-03T19:58:28
[BOT] 1.1623 | Aguardando fechamento da vela... (candles ok: 127)
[COLETOR] Ticks:   1,677 | 1.16233 @ 2026-09-03T19:58:29
[BOT] 1.1623 | Aguardando fechamento da vela... (candles ok: 127)
[COLETOR] Ticks:   1,678 | 1.16233 @ 2026-09-03T19:58:30
[BOT] 1.1623 | Aguardando fechamento da vela... (candles ok: 127)
[COLETOR] Ticks:   1,679 | 1.16233 @ 2026-09-03T19:58:31
[BOT] 1.1623 | Aguardando fechamento da vela... (candles ok: 127)
[COLETOR] Ticks:   1,680 | 1.16233 @ 2026-09-03T19:58:32
[BOT] 1.1623 | Aguardando fechamento da vela... (candles ok: 127)
[COLETOR] Ticks:   1,681 | 1.16233 @ 2026-09-03T19:58:33
[BOT] 1.1623 | Aguardando fechamento da vela... (candles ok: 127)
[COLETOR] Ticks:   1,682 | 1.16233 @ 2026-09-03T19:58:34
[COLETOR] Ticks:   1,683 | 1.16233 @ 2026-09-03T19:58:35
[BOT] 1.1623 | Aguardando fechamento da vela... (candles ok: 127)
[BOT] 1.1623 | Aguardando fechamento da vela... (candles ok: 127)
[COLETOR] Ticks:   1,684 | 1.16233 @ 2026-09-03T19:58:36
[COLETOR] Ticks:   1,685 | 1.16233 @ 2026-09-03T19:58:37
[BOT] 1.1623 | Aguardando fechamento da vela... (candles ok: 127)
[BOT] 1.1623 | Aguardando fechamento da vela... (candles ok: 127)
[COLETOR] Ticks:   1,686 | 1.16233 @ 2026-09-03T19:58:38
[COLETOR] Ticks:   1,687 | 1.16233 @ 2026-09-03T19:58:39
[BOT] 1.1623 | Aguardando fechamento da vela... (candles ok: 127)
[BOT] 1.1623 | Aguardando fechamento da vela... (candles ok: 127)
[COLETOR] Ticks:   1,688 | 1.16233 @ 2026-09-03T19:58:40
[BOT] 1.1623 | Aguardando fechamento da vela... (candles ok: 127)
[COLETOR] Ticks:   1,689 | 1.16233 @ 2026-09-03T19:58:41
[BOT] 1.1623 | Aguardando fechamento da vela... (candles ok: 127)
[COLETOR] Ticks:   1,690 | 1.16233 @ 2026-09-03T19:58:42
[BOT] 1.1623 | Aguardando fechamento da vela... (candles ok: 127)
[COLETOR] Ticks:   1,691 | 1.16233 @ 2026-09-03T19:58:43
[BOT] 1.1623 | Aguardando fechamento da vela... (candles ok: 127)
[COLETOR] Ticks:   1,692 | 1.16233 @ 2026-09-03T19:58:44
[BOT] 1.1623 | Aguardando fechamento da vela... (candles ok: 127)
[COLETOR] Ticks:   1,693 | 1.16233 @ 2026-09-03T19:58:45
[BOT] 1.1623 | Aguardando fechamento da vela... (candles ok: 127)
[COLETOR] Ticks:   1,694 | 1.16233 @ 2026-09-03T19:58:46
[BOT] 1.1623 | Aguardando fechamento da vela... (candles ok: 127)
[COLETOR] Ticks:   1,695 | 1.16233 @ 2026-09-03T19:58:47
[BOT] 1.1623 | Aguardando fechamento da vela... (candles ok: 127)
[COLETOR] Ticks:   1,696 | 1.16233 @ 2026-09-03T19:58:48
[BOT] 1.1623 | Aguardando fechamento da vela... (candles ok: 127)
[COLETOR] Ticks:   1,697 | 1.16233 @ 2026-09-03T19:58:49
[BOT] 1.1623 | Aguardando fechamento da vela... (candles ok: 127)
[COLETOR] Ticks:   1,698 | 1.16233 @ 2026-09-03T19:58:50
[BOT] 1.1623 | Aguardando fechamento da vela... (candles ok: 127)
[COLETOR] Ticks:   1,699 | 1.16233 @ 2026-09-03T19:58:51
[BOT] 1.1623 | Aguardando fechamento da vela... (candles ok: 127)
[COLETOR] Ticks:   1,700 | 1.16233 @ 2026-09-03T19:58:52
[BOT] 1.1623 | Aguardando fechamento da vela... (candles ok: 127)
[COLETOR] Ticks:   1,701 | 1.16233 @ 2026-09-03T19:58:53
[BOT] 1.1623 | Aguardando fechamento da vela... (candles ok: 127)
[COLETOR] Ticks:   1,702 | 1.16233 @ 2026-09-03T19:58:54
[BOT] 1.1623 | Aguardando fechamento da vela... (candles ok: 127)
[BOT] 1.1623 | Aguardando fechamento da vela... (candles ok: 127)
[COLETOR] Ticks:   1,703 | 1.16233 @ 2026-09-03T19:58:55
[COLETOR] Ticks:   1,704 | 1.16233 @ 2026-09-03T19:58:56
[BOT] 1.1623 | Aguardando fechamento da vela... (candles ok: 127)
[COLETOR] Ticks:   1,705 | 1.16233 @ 2026-09-03T19:58:57
[BOT] 1.1623 | Aguardando fechamento da vela... (candles ok: 127)
[COLETOR] Ticks:   1,706 | 1.16233 @ 2026-09-03T19:58:58
[BOT] 1.1623 | Aguardando fechamento da vela... (candles ok: 127)
[COLETOR] Ticks:   1,707 | 1.16233 @ 2026-09-03T19:58:59
[VELA] ━━━━━━━━━━━━━━━━━━━━━━━━━━━━━━━━
  🔴 Three Black Crows (força: 0.96)
  Preço: 1.1623 | Contexto: Demand Zone + Supply Zone + Suporte próximo + FVG Bullish
  Ação sugerida: SELL favorecido
[VELA] ━━━━━━━━━━━━━━━━━━━━━━━━━━━━━━━━
[TICK] 1.1623 | EMA9:1.1624 EMA21:1.1624 | RSI:22.4 ADX:44.9 MACD_H:-0.00001 [→ SELL]
[BOT] → SELL | Stake: 10.00 USD | Duração: 15m | ADX:44.9 RSI:22.4
[COLETOR] Ticks:   1,708 | 1.16233 @ 2026-09-03T19:59:00[BOT] Erro API: Trading on forex contracts with duration less than 5 hours is not available from 21:00:00 to 23:59:59
[BOT] 1.1623 | Aguardando fechamento da vela... (candles ok: 128)
[COLETOR] Ticks:   1,709 | 1.16233 @ 2026-09-03T19:59:01
[BOT] 1.1623 | Aguardando fechamento da vela... (candles ok: 128)
[BOT] 1.1623 | Aguardando fechamento da vela... (candles ok: 128)
[COLETOR] Ticks:   1,710 | 1.16233 @ 2026-09-03T19:59:02
[COLETOR] Ticks:   1,711 | 1.16233 @ 2026-09-03T19:59:03
[BOT] 1.1623 | Aguardando fechamento da vela... (candles ok: 128)
[COLETOR] Ticks:   1,712 | 1.16233 @ 2026-09-03T19:59:04
[BOT] 1.1623 | Aguardando fechamento da vela... (candles ok: 128)
[COLETOR] Ticks:   1,713 | 1.16233 @ 2026-09-03T19:59:05
[BOT] 1.1623 | Aguardando fechamento da vela... (candles ok: 128)
[COLETOR] Ticks:   1,714 | 1.16233 @ 2026-09-03T19:59:06
[BOT] 1.1623 | Aguardando fechamento da vela... (candles ok: 128)
[COLETOR] Ticks:   1,715 | 1.16233 @ 2026-09-03T19:59:07
[BOT] 1.1623 | Aguardando fechamento da vela... (candles ok: 128)
[COLETOR] Ticks:   1,716 | 1.16233 @ 2026-09-03T19:59:08
[COLETOR] Ticks:   1,717 | 1.16233 @ 2026-09-03T19:59:09
[BOT] 1.1623 | Aguardando fechamento da vela... (candles ok: 128)
[BOT] 1.1623 | Aguardando fechamento da vela... (candles ok: 128)
[COLETOR] Ticks:   1,718 | 1.16233 @ 2026-09-03T19:59:10
[COLETOR] Ticks:   1,719 | 1.16232 @ 2026-09-03T19:59:11
[BOT] 1.1623 | Aguardando fechamento da vela... (candles ok: 128)
[BOT] 1.1623 | Aguardando fechamento da vela... (candles ok: 128)
[COLETOR] Ticks:   1,720 | 1.16232 @ 2026-09-03T19:59:12
[BOT] 1.1623 | Aguardando fechamento da vela... (candles ok: 128)
[COLETOR] Ticks:   1,721 | 1.16232 @ 2026-09-03T19:59:13
[BOT] 1.1623 | Aguardando fechamento da vela... (candles ok: 128)
[COLETOR] Ticks:   1,722 | 1.16232 @ 2026-09-03T19:59:14
[BOT] 1.1623 | Aguardando fechamento da vela... (candles ok: 128)
[COLETOR] Ticks:   1,723 | 1.16232 @ 2026-09-03T19:59:15
[BOT] 1.1623 | Aguardando fechamento da vela... (candles ok: 128)
[COLETOR] Ticks:   1,724 | 1.16231 @ 2026-09-03T19:59:16
[BOT] 1.1623 | Aguardando fechamento da vela... (candles ok: 128)
[COLETOR] Ticks:   1,725 | 1.16231 @ 2026-09-03T19:59:17
[BOT] 1.1623 | Aguardando fechamento da vela... (candles ok: 128)
[COLETOR] Ticks:   1,726 | 1.1623 @ 2026-09-03T19:59:18
[BOT] 1.1623 | Aguardando fechamento da vela... (candles ok: 128)
[COLETOR] Ticks:   1,727 | 1.1623 @ 2026-09-03T19:59:19
[BOT] 1.1623 | Aguardando fechamento da vela... (candles ok: 128)
[COLETOR] Ticks:   1,728 | 1.1623 @ 2026-09-03T19:59:20
[COLETOR] Ticks:   1,729 | 1.1623 @ 2026-09-03T19:59:21
[BOT] 1.1623 | Aguardando fechamento da vela... (candles ok: 128)
[BOT] 1.1623 | Aguardando fechamento da vela... (candles ok: 128)
[COLETOR] Ticks:   1,730 | 1.1623 @ 2026-09-03T19:59:22
[BOT] 1.1623 | Aguardando fechamento da vela... (candles ok: 128)
[COLETOR] Ticks:   1,731 | 1.1623 @ 2026-09-03T19:59:23
[BOT] 1.1623 | Aguardando fechamento da vela... (candles ok: 128)
[COLETOR] Ticks:   1,732 | 1.1623 @ 2026-09-03T19:59:24
[COLETOR] Ticks:   1,733 | 1.1623 @ 2026-09-03T19:59:25
[BOT] 1.1623 | Aguardando fechamento da vela... (candles ok: 128)
[BOT] 1.1623 | Aguardando fechamento da vela... (candles ok: 128)
[COLETOR] Ticks:   1,734 | 1.1623 @ 2026-09-03T19:59:26
[COLETOR] Ticks:   1,735 | 1.1623 @ 2026-09-03T19:59:27
[BOT] 1.1623 | Aguardando fechamento da vela... (candles ok: 128)
[BOT] 1.1623 | Aguardando fechamento da vela... (candles ok: 128)
[COLETOR] Ticks:   1,736 | 1.1623 @ 2026-09-03T19:59:28
[COLETOR] Ticks:   1,737 | 1.1623 @ 2026-09-03T19:59:29
[BOT] 1.1623 | Aguardando fechamento da vela... (candles ok: 128)
[BOT] 1.1623 | Aguardando fechamento da vela... (candles ok: 128)
[COLETOR] Ticks:   1,738 | 1.1623 @ 2026-09-03T19:59:30
[BOT] 1.1623 | Aguardando fechamento da vela... (candles ok: 128)
[COLETOR] Ticks:   1,739 | 1.1623 @ 2026-09-03T19:59:31
[BOT] 1.1623 | Aguardando fechamento da vela... (candles ok: 128)
[COLETOR] Ticks:   1,740 | 1.1623 @ 2026-09-03T19:59:32
[BOT] 1.1623 | Aguardando fechamento da vela... (candles ok: 128)
[BOT] 1.1623 | Aguardando fechamento da vela... (candles ok: 128)
[COLETOR] Ticks:   1,741 | 1.1623 @ 2026-09-03T19:59:33
[COLETOR] Ticks:   1,742 | 1.1623 @ 2026-09-03T19:59:34
[BOT] 1.1623 | Aguardando fechamento da vela... (candles ok: 128)
[COLETOR] Ticks:   1,743 | 1.1623 @ 2026-09-03T19:59:35
[BOT] 1.1623 | Aguardando fechamento da vela... (candles ok: 128)
[COLETOR] Ticks:   1,744 | 1.1623 @ 2026-09-03T19:59:36
[BOT] 1.1623 | Aguardando fechamento da vela... (candles ok: 128)
[COLETOR] Ticks:   1,745 | 1.1623 @ 2026-09-03T19:59:37
[BOT] 1.1623 | Aguardando fechamento da vela... (candles ok: 128)
[COLETOR] Ticks:   1,746 | 1.1623 @ 2026-09-03T19:59:38
[BOT] 1.1623 | Aguardando fechamento da vela... (candles ok: 128)
[COLETOR] Ticks:   1,747 | 1.1623 @ 2026-09-03T19:59:39
[BOT] 1.1623 | Aguardando fechamento da vela... (candles ok: 128)
[COLETOR] Ticks:   1,748 | 1.1623 @ 2026-09-03T19:59:40
[BOT] 1.1623 | Aguardando fechamento da vela... (candles ok: 128)
[COLETOR] Ticks:   1,749 | 1.1623 @ 2026-09-03T19:59:41
[BOT] 1.1623 | Aguardando fechamento da vela... (candles ok: 128)
[COLETOR] Ticks:   1,750 | 1.1623 @ 2026-09-03T19:59:42
[BOT] 1.1623 | Aguardando fechamento da vela... (candles ok: 128)
[COLETOR] Ticks:   1,751 | 1.1623 @ 2026-09-03T19:59:43
[BOT] 1.1623 | Aguardando fechamento da vela... (candles ok: 128)
[BOT] 1.1623 | Aguardando fechamento da vela... (candles ok: 128)
[COLETOR] Ticks:   1,752 | 1.16231 @ 2026-09-03T19:59:44
[COLETOR] Ticks:   1,753 | 1.1623 @ 2026-09-03T19:59:45
[BOT] 1.1623 | Aguardando fechamento da vela... (candles ok: 128)
[COLETOR] Ticks:   1,754 | 1.16231 @ 2026-09-03T19:59:46
[BOT] 1.1623 | Aguardando fechamento da vela... (candles ok: 128)
[COLETOR] Ticks:   1,755 | 1.16233 @ 2026-09-03T19:59:47
[BOT] 1.1623 | Aguardando fechamento da vela... (candles ok: 128)
[COLETOR] Ticks:   1,756 | 1.16233 @ 2026-09-03T19:59:48
[BOT] 1.1623 | Aguardando fechamento da vela... (candles ok: 128)
[COLETOR] Ticks:   1,757 | 1.16233 @ 2026-09-03T19:59:49
[BOT] 1.1623 | Aguardando fechamento da vela... (candles ok: 128)
[COLETOR] Ticks:   1,758 | 1.16233 @ 2026-09-03T19:59:50
[BOT] 1.1623 | Aguardando fechamento da vela... (candles ok: 128)
[COLETOR] Ticks:   1,759 | 1.16233 @ 2026-09-03T19:59:51
[BOT] 1.1623 | Aguardando fechamento da vela... (candles ok: 128)
[BOT] 1.1623 | Aguardando fechamento da vela... (candles ok: 128)
[COLETOR] Ticks:   1,760 | 1.16232 @ 2026-09-03T19:59:52
[COLETOR] Ticks:   1,761 | 1.16233 @ 2026-09-03T19:59:53
[COLETOR] Ticks:   1,762 | 1.16232 @ 2026-09-03T19:59:54
[BOT] 1.1623 | Aguardando fechamento da vela... (candles ok: 128)
[BOT] 1.1623 | Aguardando fechamento da vela... (candles ok: 128)
[COLETOR] Ticks:   1,763 | 1.16232 @ 2026-09-03T19:59:55
[BOT] 1.1623 | Aguardando fechamento da vela... (candles ok: 128)
[COLETOR] Ticks:   1,764 | 1.16233 @ 2026-09-03T19:59:56
[COLETOR] Ticks:   1,765 | 1.16232 @ 2026-09-03T19:59:57
[BOT] 1.1623 | Aguardando fechamento da vela... (candles ok: 128)
[BOT] 1.1623 | Aguardando fechamento da vela... (candles ok: 128)
[COLETOR] Ticks:   1,766 | 1.16232 @ 2026-09-03T19:59:58
[BOT] 1.1623 | Aguardando fechamento da vela... (candles ok: 128)
[COLETOR] Ticks:   1,767 | 1.16233 @ 2026-09-03T19:59:59
[VELA] ━━━━━━━━━━━━━━━━━━━━━━━━━━━━━━━━
  🔴 Three Black Crows (força: 0.96)
  Preço: 1.1623 | Contexto: Demand Zone + Supply Zone + Suporte próximo + FVG Bullish
  Ação sugerida: SELL favorecido
[VELA] ━━━━━━━━━━━━━━━━━━━━━━━━━━━━━━━━
[TICK] 1.1623 | EMA9:1.1624 EMA21:1.1624 | RSI:22.4 ADX:46.5 MACD_H:-0.00001 [→ SELL]
[COLETOR] Ticks:   1,768 | 1.16232 @ 2026-09-03T20:00:00
[BOT] → SELL | Stake: 10.00 USD | Duração: 15m | ADX:46.5 RSI:22.4
[BOT] Erro API: Trading on forex contracts with duration less than 5 hours is not available from 21:00:00 to 23:59:59
[BOT] 1.1623 | Aguardando fechamento da vela... (candles ok: 129)
[COLETOR] Ticks:   1,769 | 1.16232 @ 2026-09-03T20:00:01
[BOT] 1.1623 | Aguardando fechamento da vela... (candles ok: 129)
[COLETOR] Ticks:   1,770 | 1.16233 @ 2026-09-03T20:00:02
[COLETOR] Ticks:   1,771 | 1.16234 @ 2026-09-03T20:00:03
[BOT] 1.1623 | Aguardando fechamento da vela... (candles ok: 129)
[BOT] 1.1623 | Aguardando fechamento da vela... (candles ok: 129)
[COLETOR] Ticks:   1,772 | 1.16234 @ 2026-09-03T20:00:04
[COLETOR] Ticks:   1,773 | 1.16233 @ 2026-09-03T20:00:05
[BOT] 1.1623 | Aguardando fechamento da vela... (candles ok: 129)
[BOT] 1.1623 | Aguardando fechamento da vela... (candles ok: 129)
[COLETOR] Ticks:   1,774 | 1.16233 @ 2026-09-03T20:00:06
[COLETOR] Ticks:   1,775 | 1.16233 @ 2026-09-03T20:00:07
[BOT] 1.1623 | Aguardando fechamento da vela... (candles ok: 129)
[BOT] 1.1623 | Aguardando fechamento da vela... (candles ok: 129)
[COLETOR] Ticks:   1,776 | 1.16233 @ 2026-09-03T20:00:08
[BOT] 1.1623 | Aguardando fechamento da vela... (candles ok: 129)
[COLETOR] Ticks:   1,777 | 1.16234 @ 2026-09-03T20:00:09
[COLETOR] Ticks:   1,778 | 1.16234 @ 2026-09-03T20:00:10
[BOT] 1.1623 | Aguardando fechamento da vela... (candles ok: 129)
[COLETOR] Ticks:   1,779 | 1.16234 @ 2026-09-03T20:00:11
[BOT] 1.1623 | Aguardando fechamento da vela... (candles ok: 129)
[BOT] 1.1623 | Aguardando fechamento da vela... (candles ok: 129)
[COLETOR] Ticks:   1,780 | 1.16234 @ 2026-09-03T20:00:12
[COLETOR] Ticks:   1,781 | 1.16234 @ 2026-09-03T20:00:13
[BOT] 1.1623 | Aguardando fechamento da vela... (candles ok: 129)
[BOT] 1.1623 | Aguardando fechamento da vela... (candles ok: 129)
[COLETOR] Ticks:   1,782 | 1.16234 @ 2026-09-03T20:00:14
[COLETOR] Ticks:   1,783 | 1.16234 @ 2026-09-03T20:00:15
[BOT] 1.1623 | Aguardando fechamento da vela... (candles ok: 129)
[BOT] 1.1623 | Aguardando fechamento da vela... (candles ok: 129)
[COLETOR] Ticks:   1,784 | 1.16234 @ 2026-09-03T20:00:16
[COLETOR] Ticks:   1,785 | 1.16234 @ 2026-09-03T20:00:17
[BOT] 1.1623 | Aguardando fechamento da vela... (candles ok: 129)
[BOT] 1.1623 | Aguardando fechamento da vela... (candles ok: 129)
[COLETOR] Ticks:   1,786 | 1.16234 @ 2026-09-03T20:00:18
[COLETOR] Ticks:   1,787 | 1.16234 @ 2026-09-03T20:00:19
[BOT] 1.1623 | Aguardando fechamento da vela... (candles ok: 129)
[BOT] 1.1623 | Aguardando fechamento da vela... (candles ok: 129)
[COLETOR] Ticks:   1,788 | 1.16234 @ 2026-09-03T20:00:20
[COLETOR] Ticks:   1,789 | 1.16234 @ 2026-09-03T20:00:21
[BOT] 1.1623 | Aguardando fechamento da vela... (candles ok: 129)
[BOT] 1.1623 | Aguardando fechamento da vela... (candles ok: 129)
[COLETOR] Ticks:   1,790 | 1.16234 @ 2026-09-03T20:00:22
[COLETOR] Ticks:   1,791 | 1.16234 @ 2026-09-03T20:00:23
[BOT] 1.1623 | Aguardando fechamento da vela... (candles ok: 129)
[BOT] 1.1623 | Aguardando fechamento da vela... (candles ok: 129)
[COLETOR] Ticks:   1,792 | 1.16234 @ 2026-09-03T20:00:24
[BOT] 1.1623 | Aguardando fechamento da vela... (candles ok: 129)
[COLETOR] Ticks:   1,793 | 1.16234 @ 2026-09-03T20:00:25
[BOT] 1.1623 | Aguardando fechamento da vela... (candles ok: 129)
[COLETOR] Ticks:   1,794 | 1.16235 @ 2026-09-03T20:00:26
[BOT] 1.1623 | Aguardando fechamento da vela... (candles ok: 129)
[COLETOR] Ticks:   1,795 | 1.16234 @ 2026-09-03T20:00:27
[BOT] 1.1623 | Aguardando fechamento da vela... (candles ok: 129)
[COLETOR] Ticks:   1,796 | 1.16235 @ 2026-09-03T20:00:28
[COLETOR] Ticks:   1,797 | 1.16235 @ 2026-09-03T20:00:29
[BOT] 1.1623 | Aguardando fechamento da vela... (candles ok: 129)
[BOT] 1.1623 | Aguardando fechamento da vela... (candles ok: 129)
[BOT] 1.1623 | Aguardando fechamento da vela... (candles ok: 129)
[COLETOR] Ticks:   1,798 | 1.16235 @ 2026-09-03T20:00:30
[COLETOR] Ticks:   1,799 | 1.16234 @ 2026-09-03T20:00:31
[BOT] 1.1623 | Aguardando fechamento da vela... (candles ok: 129)
[COLETOR] Ticks:   1,800 | 1.16235 @ 2026-09-03T20:00:32
[COLETOR] Ticks:   1,801 | 1.16234 @ 2026-09-03T20:00:33
[BOT] 1.1623 | Aguardando fechamento da vela... (candles ok: 129)
[BOT] 1.1624 | Aguardando fechamento da vela... (candles ok: 129)
[COLETOR] Ticks:   1,802 | 1.16237 @ 2026-09-03T20:00:34
[BOT] 1.1624 | Aguardando fechamento da vela... (candles ok: 129)
[COLETOR] Ticks:   1,803 | 1.16237 @ 2026-09-03T20:00:35
[BOT] 1.1624 | Aguardando fechamento da vela... (candles ok: 129)
[COLETOR] Ticks:   1,804 | 1.16237 @ 2026-09-03T20:00:36
[BOT] 1.1624 | Aguardando fechamento da vela... (candles ok: 129)
[COLETOR] Ticks:   1,805 | 1.16237 @ 2026-09-03T20:00:37
[BOT] 1.1624 | Aguardando fechamento da vela... (candles ok: 129)
[COLETOR] Ticks:   1,806 | 1.16237 @ 2026-09-03T20:00:38
[BOT] 1.1624 | Aguardando fechamento da vela... (candles ok: 129)
[COLETOR] Ticks:   1,807 | 1.16237 @ 2026-09-03T20:00:39
[BOT] 1.1624 | Aguardando fechamento da vela... (candles ok: 129)
[COLETOR] Ticks:   1,808 | 1.16237 @ 2026-09-03T20:00:40
[COLETOR] Ticks:   1,809 | 1.16237 @ 2026-09-03T20:00:41
[BOT] 1.1624 | Aguardando fechamento da vela... (candles ok: 129)
[COLETOR] Ticks:   1,810 | 1.16237 @ 2026-09-03T20:00:42
[BOT] 1.1624 | Aguardando fechamento da vela... (candles ok: 129)
[COLETOR] Ticks:   1,811 | 1.16237 @ 2026-09-03T20:00:43
[BOT] 1.1624 | Aguardando fechamento da vela... (candles ok: 129)
[BOT] 1.1624 | Aguardando fechamento da vela... (candles ok: 129)
[COLETOR] Ticks:   1,812 | 1.16236 @ 2026-09-03T20:00:44
[BOT] 1.1624 | Aguardando fechamento da vela... (candles ok: 129)
[COLETOR] Ticks:   1,813 | 1.16236 @ 2026-09-03T20:00:45
[BOT] 1.1624 | Aguardando fechamento da vela... (candles ok: 129)
[COLETOR] Ticks:   1,814 | 1.16236 @ 2026-09-03T20:00:46
[COLETOR] Ticks:   1,815 | 1.16236 @ 2026-09-03T20:00:47
[BOT] 1.1624 | Aguardando fechamento da vela... (candles ok: 129)
[BOT] 1.1624 | Aguardando fechamento da vela... (candles ok: 129)
[COLETOR] Ticks:   1,816 | 1.16236 @ 2026-09-03T20:00:48
[BOT] 1.1624 | Aguardando fechamento da vela... (candles ok: 129)
[COLETOR] Ticks:   1,817 | 1.16236 @ 2026-09-03T20:00:49
[BOT] 1.1624 | Aguardando fechamento da vela... (candles ok: 129)
[COLETOR] Ticks:   1,818 | 1.16236 @ 2026-09-03T20:00:50
[COLETOR] Ticks:   1,819 | 1.16236 @ 2026-09-03T20:00:51
[BOT] 1.1624 | Aguardando fechamento da vela... (candles ok: 129)
[COLETOR] Ticks:   1,820 | 1.16236 @ 2026-09-03T20:00:52
[BOT] 1.1624 | Aguardando fechamento da vela... (candles ok: 129)
[COLETOR] Ticks:   1,821 | 1.16236 @ 2026-09-03T20:00:53
[BOT] 1.1624 | Aguardando fechamento da vela... (candles ok: 129)
[BOT] 1.1624 | Aguardando fechamento da vela... (candles ok: 129)
[COLETOR] Ticks:   1,822 | 1.16236 @ 2026-09-03T20:00:54
[BOT] 1.1624 | Aguardando fechamento da vela... (candles ok: 129)
[COLETOR] Ticks:   1,823 | 1.16236 @ 2026-09-03T20:00:55
[BOT] 1.1623 | Aguardando fechamento da vela... (candles ok: 129)
[COLETOR] Ticks:   1,824 | 1.16235 @ 2026-09-03T20:00:56
[BOT] 1.1623 | Aguardando fechamento da vela... (candles ok: 129)
[COLETOR] Ticks:   1,825 | 1.16235 @ 2026-09-03T20:00:57
[COLETOR] Ticks:   1,826 | 1.16236 @ 2026-09-03T20:00:58
[BOT] 1.1624 | Aguardando fechamento da vela... (candles ok: 129)
[BOT] 1.1623 | Aguardando fechamento da vela... (candles ok: 129)
[COLETOR] Ticks:   1,827 | 1.16235 @ 2026-09-03T20:00:59
[VELA] ━━━━━━━━━━━━━━━━━━━━━━━━━━━━━━━━
  🔴 Three Black Crows (força: 0.96)
  Preço: 1.1623 | Contexto: Demand Zone + Supply Zone + Suporte próximo + FVG Bullish
  Ação sugerida: SELL favorecido
[VELA] ━━━━━━━━━━━━━━━━━━━━━━━━━━━━━━━━
[TICK] 1.1623 | EMA9:1.1624 EMA21:1.1624 | RSI:29.2 ADX:46.7 MACD_H:-0.00001 [→ SELL]
[COLETOR] Ticks:   1,828 | 1.16235 @ 2026-09-03T20:01:00
[BOT] → SELL | Stake: 10.00 USD | Duração: 15m | ADX:46.7 RSI:29.2
[BOT] Erro API: Trading on forex contracts with duration less than 5 hours is not available from 21:00:00 to 23:59:59
[BOT] 1.1623 | Aguardando fechamento da vela... (candles ok: 130)
[COLETOR] Ticks:   1,829 | 1.16235 @ 2026-09-03T20:01:01
[BOT] 1.1623 | Aguardando fechamento da vela... (candles ok: 130)
[COLETOR] Ticks:   1,830 | 1.16234 @ 2026-09-03T20:01:02
[COLETOR] Ticks:   1,831 | 1.16234 @ 2026-09-03T20:01:03
[BOT] 1.1623 | Aguardando fechamento da vela... (candles ok: 130)
[COLETOR] Ticks:   1,832 | 1.16234 @ 2026-09-03T20:01:04
[BOT] 1.1623 | Aguardando fechamento da vela... (candles ok: 130)
[COLETOR] Ticks:   1,833 | 1.16234 @ 2026-09-03T20:01:05
[BOT] 1.1623 | Aguardando fechamento da vela... (candles ok: 130)
[BOT] 1.1623 | Aguardando fechamento da vela... (candles ok: 130)
[COLETOR] Ticks:   1,834 | 1.16233 @ 2026-09-03T20:01:06
[COLETOR] Ticks:   1,835 | 1.16233 @ 2026-09-03T20:01:07
[BOT] 1.1623 | Aguardando fechamento da vela... (candles ok: 130)
[BOT] 1.1623 | Aguardando fechamento da vela... (candles ok: 130)
[COLETOR] Ticks:   1,836 | 1.16233 @ 2026-09-03T20:01:08
[BOT] 1.1623 | Aguardando fechamento da vela... (candles ok: 130)
[BOT] 1.1623 | Aguardando fechamento da vela... (candles ok: 130)
[COLETOR] Ticks:   1,837 | 1.16232 @ 2026-09-03T20:01:09
[COLETOR] Ticks:   1,838 | 1.16232 @ 2026-09-03T20:01:10
[COLETOR] Ticks:   1,839 | 1.16233 @ 2026-09-03T20:01:11
[BOT] 1.1623 | Aguardando fechamento da vela... (candles ok: 130)
[BOT] 1.1623 | Aguardando fechamento da vela... (candles ok: 130)
[COLETOR] Ticks:   1,840 | 1.16233 @ 2026-09-03T20:01:12
[BOT] 1.1623 | Aguardando fechamento da vela... (candles ok: 130)
[COLETOR] Ticks:   1,841 | 1.16232 @ 2026-09-03T20:01:13
[BOT] 1.1623 | Aguardando fechamento da vela... (candles ok: 130)
[COLETOR] Ticks:   1,842 | 1.16232 @ 2026-09-03T20:01:14
[BOT] 1.1623 | Aguardando fechamento da vela... (candles ok: 130)
[COLETOR] Ticks:   1,843 | 1.16232 @ 2026-09-03T20:01:15
[COLETOR] Ticks:   1,844 | 1.16232 @ 2026-09-03T20:01:16
[BOT] 1.1623 | Aguardando fechamento da vela... (candles ok: 130)
[BOT] 1.1623 | Aguardando fechamento da vela... (candles ok: 130)
[COLETOR] Ticks:   1,845 | 1.16233 @ 2026-09-03T20:01:17
[BOT] 1.1623 | Aguardando fechamento da vela... (candles ok: 130)
[COLETOR] Ticks:   1,846 | 1.16232 @ 2026-09-03T20:01:18
[BOT] 1.1623 | Aguardando fechamento da vela... (candles ok: 130)
[COLETOR] Ticks:   1,847 | 1.16232 @ 2026-09-03T20:01:19
[BOT] 1.1623 | Aguardando fechamento da vela... (candles ok: 130)
[COLETOR] Ticks:   1,848 | 1.16232 @ 2026-09-03T20:01:20
[BOT] 1.1623 | Aguardando fechamento da vela... (candles ok: 130)
[COLETOR] Ticks:   1,849 | 1.16232 @ 2026-09-03T20:01:21
[BOT] 1.1623 | Aguardando fechamento da vela... (candles ok: 130)
[COLETOR] Ticks:   1,850 | 1.16232 @ 2026-09-03T20:01:22
[BOT] 1.1623 | Aguardando fechamento da vela... (candles ok: 130)
[COLETOR] Ticks:   1,851 | 1.16232 @ 2026-09-03T20:01:23
[COLETOR] Ticks:   1,852 | 1.16232 @ 2026-09-03T20:01:24
[BOT] 1.1623 | Aguardando fechamento da vela... (candles ok: 130)
[COLETOR] Ticks:   1,853 | 1.16232 @ 2026-09-03T20:01:25
[BOT] 1.1623 | Aguardando fechamento da vela... (candles ok: 130)
[BOT] 1.1623 | Aguardando fechamento da vela... (candles ok: 130)
[COLETOR] Ticks:   1,854 | 1.16232 @ 2026-09-03T20:01:26
[COLETOR] Ticks:   1,855 | 1.16232 @ 2026-09-03T20:01:27
[BOT] 1.1623 | Aguardando fechamento da vela... (candles ok: 130)
[BOT] 1.1623 | Aguardando fechamento da vela... (candles ok: 130)
[COLETOR] Ticks:   1,856 | 1.16232 @ 2026-09-03T20:01:28
[BOT] 1.1623 | Aguardando fechamento da vela... (candles ok: 130)
[COLETOR] Ticks:   1,857 | 1.16232 @ 2026-09-03T20:01:29
[BOT] 1.1623 | Aguardando fechamento da vela... (candles ok: 130)
[BOT] 1.1623 | Aguardando fechamento da vela... (candles ok: 130)
[COLETOR] Ticks:   1,858 | 1.16232 @ 2026-09-03T20:01:30
[COLETOR] Ticks:   1,859 | 1.16232 @ 2026-09-03T20:01:31
[COLETOR] Ticks:   1,860 | 1.16232 @ 2026-09-03T20:01:32
[BOT] 1.1623 | Aguardando fechamento da vela... (candles ok: 130)
[BOT] 1.1623 | Aguardando fechamento da vela... (candles ok: 130)
[COLETOR] Ticks:   1,861 | 1.16232 @ 2026-09-03T20:01:33
[COLETOR] Ticks:   1,862 | 1.16232 @ 2026-09-03T20:01:34
[BOT] 1.1623 | Aguardando fechamento da vela... (candles ok: 130)
[COLETOR] Ticks:   1,863 | 1.16232 @ 2026-09-03T20:01:35
[BOT] 1.1623 | Aguardando fechamento da vela... (candles ok: 130)
[BOT] 1.1623 | Aguardando fechamento da vela... (candles ok: 130)
[COLETOR] Ticks:   1,864 | 1.16232 @ 2026-09-03T20:01:36
[COLETOR] Ticks:   1,865 | 1.16232 @ 2026-09-03T20:01:37
[BOT] 1.1623 | Aguardando fechamento da vela... (candles ok: 130)
[BOT] 1.1623 | Aguardando fechamento da vela... (candles ok: 130)
[COLETOR] Ticks:   1,866 | 1.16232 @ 2026-09-03T20:01:38
[BOT] 1.1623 | Aguardando fechamento da vela... (candles ok: 130)
[COLETOR] Ticks:   1,867 | 1.16232 @ 2026-09-03T20:01:39
[BOT] 1.1623 | Aguardando fechamento da vela... (candles ok: 130)
[COLETOR] Ticks:   1,868 | 1.1623 @ 2026-09-03T20:01:40
[COLETOR] Ticks:   1,869 | 1.16231 @ 2026-09-03T20:01:41
[BOT] 1.1623 | Aguardando fechamento da vela... (candles ok: 130)
[BOT] 1.1623 | Aguardando fechamento da vela... (candles ok: 130)
[BOT] 1.1623 | Aguardando fechamento da vela... (candles ok: 130)
[COLETOR] Ticks:   1,870 | 1.16231 @ 2026-09-03T20:01:42
[COLETOR] Ticks:   1,871 | 1.16231 @ 2026-09-03T20:01:43
[BOT] 1.1623 | Aguardando fechamento da vela... (candles ok: 130)
[COLETOR] Ticks:   1,872 | 1.16231 @ 2026-09-03T20:01:44
[COLETOR] Ticks:   1,873 | 1.1623 @ 2026-09-03T20:01:45
[BOT] 1.1623 | Aguardando fechamento da vela... (candles ok: 130)
[BOT] 1.1623 | Aguardando fechamento da vela... (candles ok: 130)
[COLETOR] Ticks:   1,874 | 1.1623 @ 2026-09-03T20:01:46
[COLETOR] Ticks:   1,875 | 1.1623 @ 2026-09-03T20:01:47
[BOT] 1.1623 | Aguardando fechamento da vela... (candles ok: 130)
[BOT] 1.1623 | Aguardando fechamento da vela... (candles ok: 130)
[COLETOR] Ticks:   1,876 | 1.1623 @ 2026-09-03T20:01:48
[COLETOR] Ticks:   1,877 | 1.1623 @ 2026-09-03T20:01:49
[BOT] 1.1623 | Aguardando fechamento da vela... (candles ok: 130)
[BOT] 1.1623 | Aguardando fechamento da vela... (candles ok: 130)
[COLETOR] Ticks:   1,878 | 1.16231 @ 2026-09-03T20:01:50
[COLETOR] Ticks:   1,879 | 1.16231 @ 2026-09-03T20:01:51
[BOT] 1.1623 | Aguardando fechamento da vela... (candles ok: 130)
[BOT] 1.1623 | Aguardando fechamento da vela... (candles ok: 130)
[COLETOR] Ticks:   1,880 | 1.16231 @ 2026-09-03T20:01:52
[BOT] 1.1623 | Aguardando fechamento da vela... (candles ok: 130)
[COLETOR] Ticks:   1,881 | 1.16231 @ 2026-09-03T20:01:53
[BOT] 1.1623 | Aguardando fechamento da vela... (candles ok: 130)
[COLETOR] Ticks:   1,882 | 1.16231 @ 2026-09-03T20:01:54
[COLETOR] Ticks:   1,883 | 1.16231 @ 2026-09-03T20:01:55
[BOT] 1.1623 | Aguardando fechamento da vela... (candles ok: 130)
[BOT] 1.1623 | Aguardando fechamento da vela... (candles ok: 130)
[COLETOR] Ticks:   1,884 | 1.16231 @ 2026-09-03T20:01:56
[COLETOR] Ticks:   1,885 | 1.16231 @ 2026-09-03T20:01:57
[BOT] 1.1623 | Aguardando fechamento da vela... (candles ok: 130)
[BOT] 1.1623 | Aguardando fechamento da vela... (candles ok: 130)
[COLETOR] Ticks:   1,886 | 1.16231 @ 2026-09-03T20:01:58
[BOT] 1.1623 | Aguardando fechamento da vela... (candles ok: 130)
[COLETOR] Ticks:   1,887 | 1.16232 @ 2026-09-03T20:01:59
[VELA] ━━━━━━━━━━━━━━━━━━━━━━━━━━━━━━━━
  🔴 Three Black Crows (força: 0.96)
  Preço: 1.1623 | Contexto: Demand Zone + Supply Zone + Suporte próximo + FVG Bullish
  Ação sugerida: SELL favorecido
[VELA] ━━━━━━━━━━━━━━━━━━━━━━━━━━━━━━━━
[TICK] 1.1623 | EMA9:1.1623 EMA21:1.1624 | RSI:25.6 ADX:47.1 MACD_H:-0.00000 [→ SELL]
[BOT] → SELL | Stake: 10.00 USD | Duração: 15m | ADX:47.1 RSI:25.6
[BOT] Erro API: Trading on forex contracts with duration less than 5 hours is not available from 21:00:00 to 23:59:59
[COLETOR] Ticks:   1,888 | 1.16231 @ 2026-09-03T20:02:00
[COLETOR] Ticks:   1,889 | 1.16231 @ 2026-09-03T20:02:01
[BOT] 1.1623 | Aguardando fechamento da vela... (candles ok: 131)
[BOT] 1.1623 | Aguardando fechamento da vela... (candles ok: 131)
[COLETOR] Ticks:   1,890 | 1.16232 @ 2026-09-03T20:02:02
[BOT] 1.1623 | Aguardando fechamento da vela... (candles ok: 131)
[COLETOR] Ticks:   1,891 | 1.16232 @ 2026-09-03T20:02:03
[BOT] 1.1623 | Aguardando fechamento da vela... (candles ok: 131)
[COLETOR] Ticks:   1,892 | 1.16231 @ 2026-09-03T20:02:04
[BOT] 1.1623 | Aguardando fechamento da vela... (candles ok: 131)
[COLETOR] Ticks:   1,893 | 1.16231 @ 2026-09-03T20:02:05
[BOT] 1.1623 | Aguardando fechamento da vela... (candles ok: 131)
[COLETOR] Ticks:   1,894 | 1.1623 @ 2026-09-03T20:02:06
[BOT] 1.1623 | Aguardando fechamento da vela... (candles ok: 131)
[COLETOR] Ticks:   1,895 | 1.1623 @ 2026-09-03T20:02:07
[COLETOR] Ticks:   1,896 | 1.16231 @ 2026-09-03T20:02:08
[BOT] 1.1623 | Aguardando fechamento da vela... (candles ok: 131)
[BOT] 1.1623 | Aguardando fechamento da vela... (candles ok: 131)
[COLETOR] Ticks:   1,897 | 1.1623 @ 2026-09-03T20:02:09
[BOT] 1.1623 | Aguardando fechamento da vela... (candles ok: 131)
[COLETOR] Ticks:   1,898 | 1.1623 @ 2026-09-03T20:02:10
[BOT] 1.1623 | Aguardando fechamento da vela... (candles ok: 131)
[COLETOR] Ticks:   1,899 | 1.16231 @ 2026-09-03T20:02:11
[BOT] 1.1623 | Aguardando fechamento da vela... (candles ok: 131)
[BOT] 1.1623 | Aguardando fechamento da vela... (candles ok: 131)
[COLETOR] Ticks:   1,900 | 1.1623 @ 2026-09-03T20:02:12
[COLETOR] Ticks:   1,901 | 1.1623 @ 2026-09-03T20:02:13
[BOT] 1.1623 | Aguardando fechamento da vela... (candles ok: 131)
[COLETOR] Ticks:   1,902 | 1.16231 @ 2026-09-03T20:02:14
[COLETOR] Ticks:   1,903 | 1.16231 @ 2026-09-03T20:02:15
[BOT] 1.1623 | Aguardando fechamento da vela... (candles ok: 131)
[BOT] 1.1623 | Aguardando fechamento da vela... (candles ok: 131)
[COLETOR] Ticks:   1,904 | 1.1623 @ 2026-09-03T20:02:16
[COLETOR] Ticks:   1,905 | 1.1623 @ 2026-09-03T20:02:17
[BOT] 1.1623 | Aguardando fechamento da vela... (candles ok: 131)
[BOT] 1.1623 | Aguardando fechamento da vela... (candles ok: 131)
[COLETOR] Ticks:   1,906 | 1.16231 @ 2026-09-03T20:02:18
[BOT] 1.1623 | Aguardando fechamento da vela... (candles ok: 131)
[COLETOR] Ticks:   1,907 | 1.16231 @ 2026-09-03T20:02:19
[BOT] 1.1623 | Aguardando fechamento da vela... (candles ok: 131)
[COLETOR] Ticks:   1,908 | 1.1623 @ 2026-09-03T20:02:20
[BOT] 1.1623 | Aguardando fechamento da vela... (candles ok: 131)
[COLETOR] Ticks:   1,909 | 1.16231 @ 2026-09-03T20:02:21
[BOT] 1.1623 | Aguardando fechamento da vela... (candles ok: 131)
[COLETOR] Ticks:   1,910 | 1.16231 @ 2026-09-03T20:02:22
[BOT] 1.1623 | Aguardando fechamento da vela... (candles ok: 131)
[COLETOR] Ticks:   1,911 | 1.16231 @ 2026-09-03T20:02:23
[BOT] 1.1623 | Aguardando fechamento da vela... (candles ok: 131)
[COLETOR] Ticks:   1,912 | 1.1623 @ 2026-09-03T20:02:24
[BOT] 1.1623 | Aguardando fechamento da vela... (candles ok: 131)
[COLETOR] Ticks:   1,913 | 1.16231 @ 2026-09-03T20:02:25
[BOT] 1.1623 | Aguardando fechamento da vela... (candles ok: 131)
[COLETOR] Ticks:   1,914 | 1.16231 @ 2026-09-03T20:02:26
[BOT] 1.1623 | Aguardando fechamento da vela... (candles ok: 131)
[COLETOR] Ticks:   1,915 | 1.16231 @ 2026-09-03T20:02:27
[BOT] 1.1623 | Aguardando fechamento da vela... (candles ok: 131)
[COLETOR] Ticks:   1,916 | 1.16232 @ 2026-09-03T20:02:28
[BOT] 1.1623 | Aguardando fechamento da vela... (candles ok: 131)
[COLETOR] Ticks:   1,917 | 1.16232 @ 2026-09-03T20:02:29
[BOT] 1.1623 | Aguardando fechamento da vela... (candles ok: 131)
[COLETOR] Ticks:   1,918 | 1.16232 @ 2026-09-03T20:02:30
[BOT] 1.1623 | Aguardando fechamento da vela... (candles ok: 131)
[COLETOR] Ticks:   1,919 | 1.16232 @ 2026-09-03T20:02:31
[BOT] 1.1623 | Aguardando fechamento da vela... (candles ok: 131)
[COLETOR] Ticks:   1,920 | 1.16232 @ 2026-09-03T20:02:32
[BOT] 1.1623 | Aguardando fechamento da vela... (candles ok: 131)
[COLETOR] Ticks:   1,921 | 1.16232 @ 2026-09-03T20:02:33
[BOT] 1.1623 | Aguardando fechamento da vela... (candles ok: 131)
[COLETOR] Ticks:   1,922 | 1.16232 @ 2026-09-03T20:02:34
[BOT] 1.1623 | Aguardando fechamento da vela... (candles ok: 131)
[COLETOR] Ticks:   1,923 | 1.16234 @ 2026-09-03T20:02:35
[BOT] 1.1623 | Aguardando fechamento da vela... (candles ok: 131)
[COLETOR] Ticks:   1,924 | 1.16234 @ 2026-09-03T20:02:36
[COLETOR] Ticks:   1,925 | 1.16234 @ 2026-09-03T20:02:37
[BOT] 1.1623 | Aguardando fechamento da vela... (candles ok: 131)
[BOT] 1.1623 | Aguardando fechamento da vela... (candles ok: 131)
[COLETOR] Ticks:   1,926 | 1.16233 @ 2026-09-03T20:02:38
[BOT] 1.1623 | Aguardando fechamento da vela... (candles ok: 131)
[COLETOR] Ticks:   1,927 | 1.16234 @ 2026-09-03T20:02:39
[BOT] 1.1623 | Aguardando fechamento da vela... (candles ok: 131)
[COLETOR] Ticks:   1,928 | 1.16234 @ 2026-09-03T20:02:40
[BOT] 1.1623 | Aguardando fechamento da vela... (candles ok: 131)
[COLETOR] Ticks:   1,929 | 1.16234 @ 2026-09-03T20:02:41
[BOT] 1.1623 | Aguardando fechamento da vela... (candles ok: 131)
[COLETOR] Ticks:   1,930 | 1.16234 @ 2026-09-03T20:02:42
[BOT] 1.1623 | Aguardando fechamento da vela... (candles ok: 131)
[COLETOR] Ticks:   1,931 | 1.16234 @ 2026-09-03T20:02:43
[BOT] 1.1623 | Aguardando fechamento da vela... (candles ok: 131)
[COLETOR] Ticks:   1,932 | 1.16234 @ 2026-09-03T20:02:44
[BOT] 1.1623 | Aguardando fechamento da vela... (candles ok: 131)
[COLETOR] Ticks:   1,933 | 1.16234 @ 2026-09-03T20:02:45
[BOT] 1.1623 | Aguardando fechamento da vela... (candles ok: 131)
[COLETOR] Ticks:   1,934 | 1.16234 @ 2026-09-03T20:02:46
[BOT] 1.1623 | Aguardando fechamento da vela... (candles ok: 131)
[COLETOR] Ticks:   1,935 | 1.16234 @ 2026-09-03T20:02:47
[BOT] 1.1623 | Aguardando fechamento da vela... (candles ok: 131)
[COLETOR] Ticks:   1,936 | 1.16235 @ 2026-09-03T20:02:48
[COLETOR] Ticks:   1,937 | 1.16235 @ 2026-09-03T20:02:49
[BOT] 1.1623 | Aguardando fechamento da vela... (candles ok: 131)
[BOT] 1.1623 | Aguardando fechamento da vela... (candles ok: 131)
[COLETOR] Ticks:   1,938 | 1.16235 @ 2026-09-03T20:02:50
[COLETOR] Ticks:   1,939 | 1.16235 @ 2026-09-03T20:02:51
[BOT] 1.1623 | Aguardando fechamento da vela... (candles ok: 131)
[BOT] 1.1624 | Aguardando fechamento da vela... (candles ok: 131)
[COLETOR] Ticks:   1,940 | 1.16237 @ 2026-09-03T20:02:52
[BOT] 1.1624 | Aguardando fechamento da vela... (candles ok: 131)
[COLETOR] Ticks:   1,941 | 1.16237 @ 2026-09-03T20:02:53
[BOT] 1.1624 | Aguardando fechamento da vela... (candles ok: 131)
[COLETOR] Ticks:   1,942 | 1.16238 @ 2026-09-03T20:02:54
[BOT] 1.1624 | Aguardando fechamento da vela... (candles ok: 131)
[COLETOR] Ticks:   1,943 | 1.16237 @ 2026-09-03T20:02:55
[BOT] 1.1624 | Aguardando fechamento da vela... (candles ok: 131)
[COLETOR] Ticks:   1,944 | 1.16237 @ 2026-09-03T20:02:56
[COLETOR] Ticks:   1,945 | 1.16237 @ 2026-09-03T20:02:57
[BOT] 1.1624 | Aguardando fechamento da vela... (candles ok: 131)
[BOT] 1.1624 | Aguardando fechamento da vela... (candles ok: 131)
[COLETOR] Ticks:   1,946 | 1.16237 @ 2026-09-03T20:02:58
[BOT] 1.1624 | Aguardando fechamento da vela... (candles ok: 131)
[COLETOR] Ticks:   1,947 | 1.16237 @ 2026-09-03T20:02:59
[TICK] 1.1624 | EMA9:1.1623 EMA21:1.1624 | RSI:39.1 ADX:46.4 MACD_H:+0.00000
[COLETOR] Ticks:   1,948 | 1.16237 @ 2026-09-03T20:03:00
[BOT] 1.1624 | Aguardando fechamento da vela... (candles ok: 132)
[COLETOR] Ticks:   1,949 | 1.16237 @ 2026-09-03T20:03:01
[BOT] 1.1624 | Aguardando fechamento da vela... (candles ok: 132)
[COLETOR] Ticks:   1,950 | 1.16237 @ 2026-09-03T20:03:02
[BOT] 1.1624 | Aguardando fechamento da vela... (candles ok: 132)
[COLETOR] Ticks:   1,951 | 1.16237 @ 2026-09-03T20:03:03
[BOT] 1.1624 | Aguardando fechamento da vela... (candles ok: 132)
[COLETOR] Ticks:   1,952 | 1.16237 @ 2026-09-03T20:03:04
[BOT] 1.1623 | Aguardando fechamento da vela... (candles ok: 132)
[COLETOR] Ticks:   1,953 | 1.16234 @ 2026-09-03T20:03:05
[BOT] 1.1623 | Aguardando fechamento da vela... (candles ok: 132)
[COLETOR] Ticks:   1,954 | 1.16234 @ 2026-09-03T20:03:06
[COLETOR] Ticks:   1,955 | 1.16235 @ 2026-09-03T20:03:07
[BOT] 1.1623 | Aguardando fechamento da vela... (candles ok: 132)
[BOT] 1.1623 | Aguardando fechamento da vela... (candles ok: 132)
[COLETOR] Ticks:   1,956 | 1.16235 @ 2026-09-03T20:03:08
[BOT] 1.1623 | Aguardando fechamento da vela... (candles ok: 132)
[COLETOR] Ticks:   1,957 | 1.16235 @ 2026-09-03T20:03:09
[BOT] 1.1623 | Aguardando fechamento da vela... (candles ok: 132)
[COLETOR] Ticks:   1,958 | 1.16234 @ 2026-09-03T20:03:10
[BOT] 1.1623 | Aguardando fechamento da vela... (candles ok: 132)
[COLETOR] Ticks:   1,959 | 1.16234 @ 2026-09-03T20:03:11
[BOT] 1.1623 | Aguardando fechamento da vela... (candles ok: 132)
[COLETOR] Ticks:   1,960 | 1.16234 @ 2026-09-03T20:03:12
[BOT] 1.1623 | Aguardando fechamento da vela... (candles ok: 132)
[COLETOR] Ticks:   1,961 | 1.16234 @ 2026-09-03T20:03:13
[BOT] 1.1623 | Aguardando fechamento da vela... (candles ok: 132)
[COLETOR] Ticks:   1,962 | 1.16234 @ 2026-09-03T20:03:14
[BOT] 1.1623 | Aguardando fechamento da vela... (candles ok: 132)
[COLETOR] Ticks:   1,963 | 1.16234 @ 2026-09-03T20:03:15
[BOT] 1.1623 | Aguardando fechamento da vela... (candles ok: 132)
[COLETOR] Ticks:   1,964 | 1.16234 @ 2026-09-03T20:03:16
[BOT] 1.1623 | Aguardando fechamento da vela... (candles ok: 132)
[COLETOR] Ticks:   1,965 | 1.16234 @ 2026-09-03T20:03:17
[BOT] 1.1623 | Aguardando fechamento da vela... (candles ok: 132)
[COLETOR] Ticks:   1,966 | 1.16234 @ 2026-09-03T20:03:18
[BOT] 1.1623 | Aguardando fechamento da vela... (candles ok: 132)
[COLETOR] Ticks:   1,967 | 1.16234 @ 2026-09-03T20:03:19
[BOT] 1.1623 | Aguardando fechamento da vela... (candles ok: 132)
[COLETOR] Ticks:   1,968 | 1.16234 @ 2026-09-03T20:03:20
[BOT] 1.1623 | Aguardando fechamento da vela... (candles ok: 132)
[COLETOR] Ticks:   1,969 | 1.16234 @ 2026-09-03T20:03:21
[BOT] 1.1623 | Aguardando fechamento da vela... (candles ok: 132)
[COLETOR] Ticks:   1,970 | 1.16234 @ 2026-09-03T20:03:22
[BOT] 1.1623 | Aguardando fechamento da vela... (candles ok: 132)
[COLETOR] Ticks:   1,971 | 1.16234 @ 2026-09-03T20:03:23
[COLETOR] Ticks:   1,972 | 1.16234 @ 2026-09-03T20:03:24
[BOT] 1.1623 | Aguardando fechamento da vela... (candles ok: 132)
[BOT] 1.1623 | Aguardando fechamento da vela... (candles ok: 132)
[COLETOR] Ticks:   1,973 | 1.16234 @ 2026-09-03T20:03:25
[BOT] 1.1623 | Aguardando fechamento da vela... (candles ok: 132)
[COLETOR] Ticks:   1,974 | 1.16234 @ 2026-09-03T20:03:26
[COLETOR] Ticks:   1,975 | 1.16234 @ 2026-09-03T20:03:27
[BOT] 1.1623 | Aguardando fechamento da vela... (candles ok: 132)
[BOT] 1.1623 | Aguardando fechamento da vela... (candles ok: 132)
[COLETOR] Ticks:   1,976 | 1.16234 @ 2026-09-03T20:03:28
[COLETOR] Ticks:   1,977 | 1.16234 @ 2026-09-03T20:03:29
[BOT] 1.1623 | Aguardando fechamento da vela... (candles ok: 132)
[BOT] 1.1623 | Aguardando fechamento da vela... (candles ok: 132)
[BOT] 1.1623 | Aguardando fechamento da vela... (candles ok: 132)
[COLETOR] Ticks:   1,978 | 1.16234 @ 2026-09-03T20:03:30
[COLETOR] Ticks:   1,979 | 1.16234 @ 2026-09-03T20:03:31
[BOT] 1.1623 | Aguardando fechamento da vela... (candles ok: 132)
[COLETOR] Ticks:   1,980 | 1.16234 @ 2026-09-03T20:03:32
[BOT] 1.1623 | Aguardando fechamento da vela... (candles ok: 132)
[COLETOR] Ticks:   1,981 | 1.16235 @ 2026-09-03T20:03:33
[COLETOR] Ticks:   1,982 | 1.16234 @ 2026-09-03T20:03:34
[BOT] 1.1623 | Aguardando fechamento da vela... (candles ok: 132)
[COLETOR] Ticks:   1,983 | 1.16237 @ 2026-09-03T20:03:35
[BOT] 1.1624 | Aguardando fechamento da vela... (candles ok: 132)
[BOT] 1.1624 | Aguardando fechamento da vela... (candles ok: 132)
[COLETOR] Ticks:   1,984 | 1.16237 @ 2026-09-03T20:03:36
[COLETOR] Ticks:   1,985 | 1.16237 @ 2026-09-03T20:03:37
[BOT] 1.1624 | Aguardando fechamento da vela... (candles ok: 132)
[COLETOR] Ticks:   1,986 | 1.16237 @ 2026-09-03T20:03:38
[BOT] 1.1624 | Aguardando fechamento da vela... (candles ok: 132)
[BOT] 1.1624 | Aguardando fechamento da vela... (candles ok: 132)
[COLETOR] Ticks:   1,987 | 1.16237 @ 2026-09-03T20:03:39
[BOT] 1.1624 | Aguardando fechamento da vela... (candles ok: 132)
[COLETOR] Ticks:   1,988 | 1.16237 @ 2026-09-03T20:03:40
[COLETOR] Ticks:   1,989 | 1.16237 @ 2026-09-03T20:03:41
[BOT] 1.1624 | Aguardando fechamento da vela... (candles ok: 132)
[BOT] 1.1624 | Aguardando fechamento da vela... (candles ok: 132)
[COLETOR] Ticks:   1,990 | 1.16237 @ 2026-09-03T20:03:42
[COLETOR] Ticks:   1,991 | 1.16237 @ 2026-09-03T20:03:43
[BOT] 1.1624 | Aguardando fechamento da vela... (candles ok: 132)
[BOT] 1.1624 | Aguardando fechamento da vela... (candles ok: 132)
[COLETOR] Ticks:   1,992 | 1.16237 @ 2026-09-03T20:03:44
[COLETOR] Ticks:   1,993 | 1.16237 @ 2026-09-03T20:03:45
[BOT] 1.1624 | Aguardando fechamento da vela... (candles ok: 132)
[BOT] 1.1624 | Aguardando fechamento da vela... (candles ok: 132)
[COLETOR] Ticks:   1,994 | 1.16237 @ 2026-09-03T20:03:46
[BOT] 1.1624 | Aguardando fechamento da vela... (candles ok: 132)
[COLETOR] Ticks:   1,995 | 1.16237 @ 2026-09-03T20:03:47
[COLETOR] Ticks:   1,996 | 1.16237 @ 2026-09-03T20:03:48
[BOT] 1.1624 | Aguardando fechamento da vela... (candles ok: 132)
[COLETOR] Ticks:   1,997 | 1.16237 @ 2026-09-03T20:03:49
[BOT] 1.1624 | Aguardando fechamento da vela... (candles ok: 132)
[COLETOR] Ticks:   1,998 | 1.16237 @ 2026-09-03T20:03:50
[BOT] 1.1624 | Aguardando fechamento da vela... (candles ok: 132)
[COLETOR] Ticks:   1,999 | 1.16237 @ 2026-09-03T20:03:51
[BOT] 1.1624 | Aguardando fechamento da vela... (candles ok: 132)
[BOT] 1.1624 | Aguardando fechamento da vela... (candles ok: 132)
[COLETOR] Ticks:   2,000 | 1.16237 @ 2026-09-03T20:03:52
[BOT] 1.1624 | Aguardando fechamento da vela... (candles ok: 132)
[COLETOR] Ticks:   2,001 | 1.16237 @ 2026-09-03T20:03:53
[BOT] 1.1624 | Aguardando fechamento da vela... (candles ok: 132)
[COLETOR] Ticks:   2,002 | 1.16237 @ 2026-09-03T20:03:54
[BOT] 1.1624 | Aguardando fechamento da vela... (candles ok: 132)
[COLETOR] Ticks:   2,003 | 1.16237 @ 2026-09-03T20:03:55
[BOT] 1.1624 | Aguardando fechamento da vela... (candles ok: 132)
[COLETOR] Ticks:   2,004 | 1.16237 @ 2026-09-03T20:03:56
[BOT] 1.1624 | Aguardando fechamento da vela... (candles ok: 132)
[COLETOR] Ticks:   2,005 | 1.16237 @ 2026-09-03T20:03:57
[BOT] 1.1624 | Aguardando fechamento da vela... (candles ok: 132)
[COLETOR] Ticks:   2,006 | 1.16237 @ 2026-09-03T20:03:58
[BOT] 1.1624 | Aguardando fechamento da vela... (candles ok: 132)
[COLETOR] Ticks:   2,007 | 1.16237 @ 2026-09-03T20:03:59
[TICK] 1.1624 | EMA9:1.1624 EMA21:1.1624 | RSI:39.1 ADX:45.6 MACD_H:+0.00000
[COLETOR] Ticks:   2,008 | 1.16237 @ 2026-09-03T20:04:00
[COLETOR] Ticks:   2,009 | 1.16237 @ 2026-09-03T20:04:01
[BOT] 1.1624 | Aguardando fechamento da vela... (candles ok: 133)
[BOT] 1.1624 | Aguardando fechamento da vela... (candles ok: 133)
[COLETOR] Ticks:   2,010 | 1.16237 @ 2026-09-03T20:04:02
[BOT] 1.1624 | Aguardando fechamento da vela... (candles ok: 133)
[COLETOR] Ticks:   2,011 | 1.16237 @ 2026-09-03T20:04:03
[BOT] 1.1624 | Aguardando fechamento da vela... (candles ok: 133)
[COLETOR] Ticks:   2,012 | 1.16237 @ 2026-09-03T20:04:04
[COLETOR] Ticks:   2,013 | 1.16237 @ 2026-09-03T20:04:05
[BOT] 1.1624 | Aguardando fechamento da vela... (candles ok: 133)
[BOT] 1.1624 | Aguardando fechamento da vela... (candles ok: 133)
[COLETOR] Ticks:   2,014 | 1.16237 @ 2026-09-03T20:04:06
[BOT] 1.1624 | Aguardando fechamento da vela... (candles ok: 133)
[COLETOR] Ticks:   2,015 | 1.16237 @ 2026-09-03T20:04:07
[BOT] 1.1624 | Aguardando fechamento da vela... (candles ok: 133)
[COLETOR] Ticks:   2,016 | 1.16237 @ 2026-09-03T20:04:08
[BOT] 1.1624 | Aguardando fechamento da vela... (candles ok: 133)
[COLETOR] Ticks:   2,017 | 1.16237 @ 2026-09-03T20:04:09
[BOT] 1.1624 | Aguardando fechamento da vela... (candles ok: 133)
[COLETOR] Ticks:   2,018 | 1.16238 @ 2026-09-03T20:04:10
[BOT] 1.1624 | Aguardando fechamento da vela... (candles ok: 133)
[COLETOR] Ticks:   2,019 | 1.16237 @ 2026-09-03T20:04:11
[COLETOR] Ticks:   2,020 | 1.16238 @ 2026-09-03T20:04:12
[BOT] 1.1624 | Aguardando fechamento da vela... (candles ok: 133)
[COLETOR] Ticks:   2,021 | 1.16237 @ 2026-09-03T20:04:13
[BOT] 1.1624 | Aguardando fechamento da vela... (candles ok: 133)
[BOT] 1.1624 | Aguardando fechamento da vela... (candles ok: 133)
[COLETOR] Ticks:   2,022 | 1.16238 @ 2026-09-03T20:04:14
[BOT] 1.1624 | Aguardando fechamento da vela... (candles ok: 133)
[COLETOR] Ticks:   2,023 | 1.16237 @ 2026-09-03T20:04:15
[BOT] 1.1624 | Aguardando fechamento da vela... (candles ok: 133)
[COLETOR] Ticks:   2,024 | 1.16237 @ 2026-09-03T20:04:16
[BOT] 1.1624 | Aguardando fechamento da vela... (candles ok: 133)
[COLETOR] Ticks:   2,025 | 1.16237 @ 2026-09-03T20:04:17
[BOT] 1.1624 | Aguardando fechamento da vela... (candles ok: 133)
[COLETOR] Ticks:   2,026 | 1.16237 @ 2026-09-03T20:04:18
[BOT] 1.1624 | Aguardando fechamento da vela... (candles ok: 133)
[COLETOR] Ticks:   2,027 | 1.16237 @ 2026-09-03T20:04:19
[BOT] 1.1624 | Aguardando fechamento da vela... (candles ok: 133)
[COLETOR] Ticks:   2,028 | 1.16237 @ 2026-09-03T20:04:20
[BOT] 1.1624 | Aguardando fechamento da vela... (candles ok: 133)
[COLETOR] Ticks:   2,029 | 1.16237 @ 2026-09-03T20:04:21
[BOT] 1.1624 | Aguardando fechamento da vela... (candles ok: 133)
[COLETOR] Ticks:   2,030 | 1.16237 @ 2026-09-03T20:04:22
[COLETOR] Ticks:   2,031 | 1.16237 @ 2026-09-03T20:04:23
[BOT] 1.1624 | Aguardando fechamento da vela... (candles ok: 133)
[BOT] 1.1624 | Aguardando fechamento da vela... (candles ok: 133)
[COLETOR] Ticks:   2,032 | 1.16237 @ 2026-09-03T20:04:24
[BOT] 1.1624 | Aguardando fechamento da vela... (candles ok: 133)
[COLETOR] Ticks:   2,033 | 1.16237 @ 2026-09-03T20:04:25
[BOT] 1.1624 | Aguardando fechamento da vela... (candles ok: 133)
[COLETOR] Ticks:   2,034 | 1.16237 @ 2026-09-03T20:04:26
[BOT] 1.1624 | Aguardando fechamento da vela... (candles ok: 133)
[COLETOR] Ticks:   2,035 | 1.16237 @ 2026-09-03T20:04:27
[BOT] 1.1624 | Aguardando fechamento da vela... (candles ok: 133)
[COLETOR] Ticks:   2,036 | 1.16237 @ 2026-09-03T20:04:28
[BOT] 1.1624 | Aguardando fechamento da vela... (candles ok: 133)
[COLETOR] Ticks:   2,037 | 1.16237 @ 2026-09-03T20:04:29
[BOT] 1.1624 | Aguardando fechamento da vela... (candles ok: 133)
[COLETOR] Ticks:   2,038 | 1.16237 @ 2026-09-03T20:04:30
[BOT] 1.1624 | Aguardando fechamento da vela... (candles ok: 133)
[COLETOR] Ticks:   2,039 | 1.16237 @ 2026-09-03T20:04:31
[BOT] 1.1624 | Aguardando fechamento da vela... (candles ok: 133)
[COLETOR] Ticks:   2,040 | 1.16237 @ 2026-09-03T20:04:32
[BOT] 1.1624 | Aguardando fechamento da vela... (candles ok: 133)
[COLETOR] Ticks:   2,041 | 1.16237 @ 2026-09-03T20:04:33
[BOT] 1.1624 | Aguardando fechamento da vela... (candles ok: 133)
[COLETOR] Ticks:   2,042 | 1.16237 @ 2026-09-03T20:04:34
[BOT] 1.1624 | Aguardando fechamento da vela... (candles ok: 133)
[COLETOR] Ticks:   2,043 | 1.16237 @ 2026-09-03T20:04:35
[BOT] 1.1624 | Aguardando fechamento da vela... (candles ok: 133)
[COLETOR] Ticks:   2,044 | 1.16237 @ 2026-09-03T20:04:36
[COLETOR] Ticks:   2,045 | 1.16237 @ 2026-09-03T20:04:37
[BOT] 1.1624 | Aguardando fechamento da vela... (candles ok: 133)
[BOT] 1.1624 | Aguardando fechamento da vela... (candles ok: 133)
[COLETOR] Ticks:   2,046 | 1.16237 @ 2026-09-03T20:04:38
[BOT] 1.1624 | Aguardando fechamento da vela... (candles ok: 133)
[COLETOR] Ticks:   2,047 | 1.16236 @ 2026-09-03T20:04:39
[BOT] 1.1624 | Aguardando fechamento da vela... (candles ok: 133)
[COLETOR] Ticks:   2,048 | 1.16237 @ 2026-09-03T20:04:40
[BOT] 1.1624 | Aguardando fechamento da vela... (candles ok: 133)
[COLETOR] Ticks:   2,049 | 1.16237 @ 2026-09-03T20:04:41
[BOT] 1.1624 | Aguardando fechamento da vela... (candles ok: 133)
[COLETOR] Ticks:   2,050 | 1.16237 @ 2026-09-03T20:04:42
[BOT] 1.1624 | Aguardando fechamento da vela... (candles ok: 133)
[COLETOR] Ticks:   2,051 | 1.16237 @ 2026-09-03T20:04:43
[BOT] 1.1624 | Aguardando fechamento da vela... (candles ok: 133)
[COLETOR] Ticks:   2,052 | 1.16237 @ 2026-09-03T20:04:44
[BOT] 1.1624 | Aguardando fechamento da vela... (candles ok: 133)
[COLETOR] Ticks:   2,053 | 1.16237 @ 2026-09-03T20:04:45
[BOT] 1.1624 | Aguardando fechamento da vela... (candles ok: 133)
[COLETOR] Ticks:   2,054 | 1.16237 @ 2026-09-03T20:04:46
[BOT] 1.1624 | Aguardando fechamento da vela... (candles ok: 133)
[COLETOR] Ticks:   2,055 | 1.16237 @ 2026-09-03T20:04:47
[BOT] 1.1624 | Aguardando fechamento da vela... (candles ok: 133)
[COLETOR] Ticks:   2,056 | 1.16236 @ 2026-09-03T20:04:48
[BOT] 1.1624 | Aguardando fechamento da vela... (candles ok: 133)
[COLETOR] Ticks:   2,057 | 1.16236 @ 2026-09-03T20:04:49
[BOT] 1.1624 | Aguardando fechamento da vela... (candles ok: 133)
[COLETOR] Ticks:   2,058 | 1.16237 @ 2026-09-03T20:04:50
[BOT] 1.1624 | Aguardando fechamento da vela... (candles ok: 133)
[COLETOR] Ticks:   2,059 | 1.16237 @ 2026-09-03T20:04:51
[BOT] 1.1624 | Aguardando fechamento da vela... (candles ok: 133)
[COLETOR] Ticks:   2,060 | 1.16237 @ 2026-09-03T20:04:52
[BOT] 1.1624 | Aguardando fechamento da vela... (candles ok: 133)
[COLETOR] Ticks:   2,061 | 1.16237 @ 2026-09-03T20:04:53
[BOT] 1.1624 | Aguardando fechamento da vela... (candles ok: 133)
[COLETOR] Ticks:   2,062 | 1.16237 @ 2026-09-03T20:04:54
[BOT] 1.1624 | Aguardando fechamento da vela... (candles ok: 133)
[COLETOR] Ticks:   2,063 | 1.16236 @ 2026-09-03T20:04:55
[BOT] 1.1624 | Aguardando fechamento da vela... (candles ok: 133)
[COLETOR] Ticks:   2,064 | 1.16237 @ 2026-09-03T20:04:56
[COLETOR] Ticks:   2,065 | 1.16237 @ 2026-09-03T20:04:57
[BOT] 1.1624 | Aguardando fechamento da vela... (candles ok: 133)
[COLETOR] Ticks:   2,066 | 1.16236 @ 2026-09-03T20:04:58
[BOT] 1.1624 | Aguardando fechamento da vela... (candles ok: 133)
[BOT] 1.1624 | Aguardando fechamento da vela... (candles ok: 133)
[COLETOR] Ticks:   2,067 | 1.16237 @ 2026-09-03T20:04:59
[TICK] 1.1624 | EMA9:1.1624 EMA21:1.1624 | RSI:39.1 ADX:45.0 MACD_H:+0.00001
[COLETOR] Ticks:   2,068 | 1.16237 @ 2026-09-03T20:05:00
[BOT] 1.1624 | Aguardando fechamento da vela... (candles ok: 134)
[COLETOR] Ticks:   2,069 | 1.16237 @ 2026-09-03T20:05:01
[BOT] 1.1624 | Aguardando fechamento da vela... (candles ok: 134)
[COLETOR] Ticks:   2,070 | 1.16236 @ 2026-09-03T20:05:02
[COLETOR] Ticks:   2,071 | 1.16237 @ 2026-09-03T20:05:03
[BOT] 1.1624 | Aguardando fechamento da vela... (candles ok: 134)
[BOT] 1.1624 | Aguardando fechamento da vela... (candles ok: 134)
[COLETOR] Ticks:   2,072 | 1.16236 @ 2026-09-03T20:05:04
[BOT] 1.1624 | Aguardando fechamento da vela... (candles ok: 134)
[COLETOR] Ticks:   2,073 | 1.16236 @ 2026-09-03T20:05:05
[BOT] 1.1624 | Aguardando fechamento da vela... (candles ok: 134)
[COLETOR] Ticks:   2,074 | 1.16236 @ 2026-09-03T20:05:06
[COLETOR] Ticks:   2,075 | 1.16236 @ 2026-09-03T20:05:07
[BOT] 1.1624 | Aguardando fechamento da vela... (candles ok: 134)
[BOT] 1.1624 | Aguardando fechamento da vela... (candles ok: 134)
[COLETOR] Ticks:   2,076 | 1.16236 @ 2026-09-03T20:05:08
[COLETOR] Ticks:   2,077 | 1.16236 @ 2026-09-03T20:05:09
[BOT] 1.1624 | Aguardando fechamento da vela... (candles ok: 134)
[BOT] 1.1624 | Aguardando fechamento da vela... (candles ok: 134)
[COLETOR] Ticks:   2,078 | 1.16236 @ 2026-09-03T20:05:10
[BOT] 1.1624 | Aguardando fechamento da vela... (candles ok: 134)
[COLETOR] Ticks:   2,079 | 1.16237 @ 2026-09-03T20:05:11
[BOT] 1.1624 | Aguardando fechamento da vela... (candles ok: 134)
[COLETOR] Ticks:   2,080 | 1.16237 @ 2026-09-03T20:05:12
[BOT] 1.1624 | Aguardando fechamento da vela... (candles ok: 134)
[COLETOR] Ticks:   2,081 | 1.16237 @ 2026-09-03T20:05:13
[BOT] 1.1624 | Aguardando fechamento da vela... (candles ok: 134)
[COLETOR] Ticks:   2,082 | 1.16237 @ 2026-09-03T20:05:14
[BOT] 1.1624 | Aguardando fechamento da vela... (candles ok: 134)
[COLETOR] Ticks:   2,083 | 1.16237 @ 2026-09-03T20:05:15
[BOT] 1.1624 | Aguardando fechamento da vela... (candles ok: 134)
[COLETOR] Ticks:   2,084 | 1.16237 @ 2026-09-03T20:05:16
[BOT] 1.1624 | Aguardando fechamento da vela... (candles ok: 134)
[COLETOR] Ticks:   2,085 | 1.16237 @ 2026-09-03T20:05:17
[BOT] 1.1624 | Aguardando fechamento da vela... (candles ok: 134)
[COLETOR] Ticks:   2,086 | 1.16237 @ 2026-09-03T20:05:18
[BOT] 1.1624 | Aguardando fechamento da vela... (candles ok: 134)
[COLETOR] Ticks:   2,087 | 1.16237 @ 2026-09-03T20:05:19
[BOT] 1.1624 | Aguardando fechamento da vela... (candles ok: 134)
[COLETOR] Ticks:   2,088 | 1.16237 @ 2026-09-03T20:05:20
[BOT] 1.1624 | Aguardando fechamento da vela... (candles ok: 134)
[COLETOR] Ticks:   2,089 | 1.16237 @ 2026-09-03T20:05:21
[BOT] 1.1624 | Aguardando fechamento da vela... (candles ok: 134)
[COLETOR] Ticks:   2,090 | 1.16237 @ 2026-09-03T20:05:22
[BOT] 1.1624 | Aguardando fechamento da vela... (candles ok: 134)
[COLETOR] Ticks:   2,091 | 1.16237 @ 2026-09-03T20:05:23
[BOT] 1.1624 | Aguardando fechamento da vela... (candles ok: 134)
[COLETOR] Ticks:   2,092 | 1.16237 @ 2026-09-03T20:05:24
[BOT] 1.1624 | Aguardando fechamento da vela... (candles ok: 134)
[COLETOR] Ticks:   2,093 | 1.16237 @ 2026-09-03T20:05:25
[BOT] 1.1624 | Aguardando fechamento da vela... (candles ok: 134)
[COLETOR] Ticks:   2,094 | 1.16237 @ 2026-09-03T20:05:26
[BOT] 1.1624 | Aguardando fechamento da vela... (candles ok: 134)
[COLETOR] Ticks:   2,095 | 1.16237 @ 2026-09-03T20:05:27
[BOT] 1.1624 | Aguardando fechamento da vela... (candles ok: 134)
[COLETOR] Ticks:   2,096 | 1.16237 @ 2026-09-03T20:05:28
[BOT] 1.1624 | Aguardando fechamento da vela... (candles ok: 134)
[COLETOR] Ticks:   2,097 | 1.16237 @ 2026-09-03T20:05:29
[BOT] 1.1624 | Aguardando fechamento da vela... (candles ok: 134)
[COLETOR] Ticks:   2,098 | 1.16237 @ 2026-09-03T20:05:30
[BOT] 1.1624 | Aguardando fechamento da vela... (candles ok: 134)
[COLETOR] Ticks:   2,099 | 1.16237 @ 2026-09-03T20:05:31
[BOT] 1.1624 | Aguardando fechamento da vela... (candles ok: 134)
[COLETOR] Ticks:   2,100 | 1.16237 @ 2026-09-03T20:05:32
[COLETOR] Ticks:   2,101 | 1.16237 @ 2026-09-03T20:05:33
[BOT] 1.1624 | Aguardando fechamento da vela... (candles ok: 134)
[BOT] 1.1624 | Aguardando fechamento da vela... (candles ok: 134)
[COLETOR] Ticks:   2,102 | 1.16237 @ 2026-09-03T20:05:34
[BOT] 1.1624 | Aguardando fechamento da vela... (candles ok: 134)
[COLETOR] Ticks:   2,103 | 1.16237 @ 2026-09-03T20:05:35
[BOT] 1.1624 | Aguardando fechamento da vela... (candles ok: 134)
[COLETOR] Ticks:   2,104 | 1.16237 @ 2026-09-03T20:05:36
[BOT] 1.1624 | Aguardando fechamento da vela... (candles ok: 134)
[COLETOR] Ticks:   2,105 | 1.16237 @ 2026-09-03T20:05:37
[BOT] 1.1624 | Aguardando fechamento da vela... (candles ok: 134)
[COLETOR] Ticks:   2,106 | 1.16237 @ 2026-09-03T20:05:38
[BOT] 1.1624 | Aguardando fechamento da vela... (candles ok: 134)
[COLETOR] Ticks:   2,107 | 1.16237 @ 2026-09-03T20:05:39
[BOT] 1.1624 | Aguardando fechamento da vela... (candles ok: 134)
[COLETOR] Ticks:   2,108 | 1.16237 @ 2026-09-03T20:05:40
[BOT] 1.1624 | Aguardando fechamento da vela... (candles ok: 134)
[COLETOR] Ticks:   2,109 | 1.16236 @ 2026-09-03T20:05:41
[BOT] 1.1624 | Aguardando fechamento da vela... (candles ok: 134)
[COLETOR] Ticks:   2,110 | 1.16236 @ 2026-09-03T20:05:42
[BOT] 1.1624 | Aguardando fechamento da vela... (candles ok: 134)
[COLETOR] Ticks:   2,111 | 1.16236 @ 2026-09-03T20:05:43
[BOT] 1.1624 | Aguardando fechamento da vela... (candles ok: 134)
[COLETOR] Ticks:   2,112 | 1.16237 @ 2026-09-03T20:05:44
[BOT] 1.1624 | Aguardando fechamento da vela... (candles ok: 134)
[COLETOR] Ticks:   2,113 | 1.16237 @ 2026-09-03T20:05:45
[BOT] 1.1624 | Aguardando fechamento da vela... (candles ok: 134)
[COLETOR] Ticks:   2,114 | 1.16237 @ 2026-09-03T20:05:46
[BOT] 1.1624 | Aguardando fechamento da vela... (candles ok: 134)
[COLETOR] Ticks:   2,115 | 1.16237 @ 2026-09-03T20:05:47
[BOT] 1.1624 | Aguardando fechamento da vela... (candles ok: 134)
[COLETOR] Ticks:   2,116 | 1.16237 @ 2026-09-03T20:05:48
[BOT] 1.1624 | Aguardando fechamento da vela... (candles ok: 134)
[COLETOR] Ticks:   2,117 | 1.16237 @ 2026-09-03T20:05:49
[BOT] 1.1624 | Aguardando fechamento da vela... (candles ok: 134)
[COLETOR] Ticks:   2,118 | 1.16238 @ 2026-09-03T20:05:50
[BOT] 1.1624 | Aguardando fechamento da vela... (candles ok: 134)
[COLETOR] Ticks:   2,119 | 1.16238 @ 2026-09-03T20:05:51
[BOT] 1.1624 | Aguardando fechamento da vela... (candles ok: 134)
[COLETOR] Ticks:   2,120 | 1.16238 @ 2026-09-03T20:05:52
[BOT] 1.1624 | Aguardando fechamento da vela... (candles ok: 134)
[COLETOR] Ticks:   2,121 | 1.16238 @ 2026-09-03T20:05:53
[BOT] 1.1624 | Aguardando fechamento da vela... (candles ok: 134)
[COLETOR] Ticks:   2,122 | 1.16239 @ 2026-09-03T20:05:54
[BOT] 1.1624 | Aguardando fechamento da vela... (candles ok: 134)
[COLETOR] Ticks:   2,123 | 1.16241 @ 2026-09-03T20:05:55
[BOT] 1.1624 | Aguardando fechamento da vela... (candles ok: 134)
[COLETOR] Ticks:   2,124 | 1.16241 @ 2026-09-03T20:05:56
[BOT] 1.1624 | Aguardando fechamento da vela... (candles ok: 134)
[COLETOR] Ticks:   2,125 | 1.16241 @ 2026-09-03T20:05:57
[BOT] 1.1624 | Aguardando fechamento da vela... (candles ok: 134)
[COLETOR] Ticks:   2,126 | 1.16241 @ 2026-09-03T20:05:58
[BOT] 1.1624 | Aguardando fechamento da vela... (candles ok: 134)
[COLETOR] Ticks:   2,127 | 1.16241 @ 2026-09-03T20:05:59
[TICK] 1.1624 | EMA9:1.1624 EMA21:1.1624 | RSI:48.5 ADX:42.3 MACD_H:+0.00001
[COLETOR] Ticks:   2,128 | 1.16241 @ 2026-09-03T20:06:00
[COLETOR] Ticks:   2,129 | 1.1624 @ 2026-09-03T20:06:01
[BOT] 1.1624 | Aguardando fechamento da vela... (candles ok: 135)
[BOT] 1.1624 | Aguardando fechamento da vela... (candles ok: 135)
[COLETOR] Ticks:   2,130 | 1.1624 @ 2026-09-03T20:06:02
[COLETOR] Ticks:   2,131 | 1.1624 @ 2026-09-03T20:06:03
[BOT] 1.1624 | Aguardando fechamento da vela... (candles ok: 135)
[BOT] 1.1624 | Aguardando fechamento da vela... (candles ok: 135)
[COLETOR] Ticks:   2,132 | 1.1624 @ 2026-09-03T20:06:04
[BOT] 1.1624 | Aguardando fechamento da vela... (candles ok: 135)
[COLETOR] Ticks:   2,133 | 1.1624 @ 2026-09-03T20:06:05
[BOT] 1.1624 | Aguardando fechamento da vela... (candles ok: 135)
[COLETOR] Ticks:   2,134 | 1.1624 @ 2026-09-03T20:06:06
[COLETOR] Ticks:   2,135 | 1.1624 @ 2026-09-03T20:06:07
[BOT] 1.1624 | Aguardando fechamento da vela... (candles ok: 135)
[BOT] 1.1624 | Aguardando fechamento da vela... (candles ok: 135)
[COLETOR] Ticks:   2,136 | 1.1624 @ 2026-09-03T20:06:08
[BOT] 1.1624 | Aguardando fechamento da vela... (candles ok: 135)
[COLETOR] Ticks:   2,137 | 1.1624 @ 2026-09-03T20:06:09
[BOT] 1.1624 | Aguardando fechamento da vela... (candles ok: 135)
[COLETOR] Ticks:   2,138 | 1.1624 @ 2026-09-03T20:06:10
[BOT] 1.1624 | Aguardando fechamento da vela... (candles ok: 135)
[COLETOR] Ticks:   2,139 | 1.16239 @ 2026-09-03T20:06:11
[BOT] 1.1624 | Aguardando fechamento da vela... (candles ok: 135)
[COLETOR] Ticks:   2,140 | 1.1624 @ 2026-09-03T20:06:12
[BOT] 1.1624 | Aguardando fechamento da vela... (candles ok: 135)
[COLETOR] Ticks:   2,141 | 1.16239 @ 2026-09-03T20:06:13
[BOT] 1.1624 | Aguardando fechamento da vela... (candles ok: 135)
[COLETOR] Ticks:   2,142 | 1.16239 @ 2026-09-03T20:06:14
[BOT] 1.1624 | Aguardando fechamento da vela... (candles ok: 135)
[COLETOR] Ticks:   2,143 | 1.1624 @ 2026-09-03T20:06:15
[BOT] 1.1624 | Aguardando fechamento da vela... (candles ok: 135)
[COLETOR] Ticks:   2,144 | 1.1624 @ 2026-09-03T20:06:16
[BOT] 1.1624 | Aguardando fechamento da vela... (candles ok: 135)
[COLETOR] Ticks:   2,145 | 1.16239 @ 2026-09-03T20:06:17
[BOT] 1.1624 | Aguardando fechamento da vela... (candles ok: 135)
[COLETOR] Ticks:   2,146 | 1.1624 @ 2026-09-03T20:06:18
[BOT] 1.1624 | Aguardando fechamento da vela... (candles ok: 135)
[COLETOR] Ticks:   2,147 | 1.1624 @ 2026-09-03T20:06:19
[BOT] 1.1624 | Aguardando fechamento da vela... (candles ok: 135)
[COLETOR] Ticks:   2,148 | 1.16239 @ 2026-09-03T20:06:20
[BOT] 1.1624 | Aguardando fechamento da vela... (candles ok: 135)
[COLETOR] Ticks:   2,149 | 1.16239 @ 2026-09-03T20:06:21
[BOT] 1.1624 | Aguardando fechamento da vela... (candles ok: 135)
[COLETOR] Ticks:   2,150 | 1.16239 @ 2026-09-03T20:06:22
[BOT] 1.1624 | Aguardando fechamento da vela... (candles ok: 135)
[COLETOR] Ticks:   2,151 | 1.16239 @ 2026-09-03T20:06:23
[BOT] 1.1624 | Aguardando fechamento da vela... (candles ok: 135)
[COLETOR] Ticks:   2,152 | 1.16239 @ 2026-09-03T20:06:24
[BOT] 1.1624 | Aguardando fechamento da vela... (candles ok: 135)
[COLETOR] Ticks:   2,153 | 1.16239 @ 2026-09-03T20:06:25
[BOT] 1.1624 | Aguardando fechamento da vela... (candles ok: 135)
[COLETOR] Ticks:   2,154 | 1.16239 @ 2026-09-03T20:06:26
[BOT] 1.1624 | Aguardando fechamento da vela... (candles ok: 135)
[COLETOR] Ticks:   2,155 | 1.16239 @ 2026-09-03T20:06:27
[BOT] 1.1624 | Aguardando fechamento da vela... (candles ok: 135)
[COLETOR] Ticks:   2,156 | 1.16239 @ 2026-09-03T20:06:28
[BOT] 1.1624 | Aguardando fechamento da vela... (candles ok: 135)
[COLETOR] Ticks:   2,157 | 1.16239 @ 2026-09-03T20:06:29
[COLETOR] Ticks:   2,158 | 1.16239 @ 2026-09-03T20:06:30
[BOT] 1.1624 | Aguardando fechamento da vela... (candles ok: 135)
[COLETOR] Ticks:   2,159 | 1.16239 @ 2026-09-03T20:06:31
[BOT] 1.1624 | Aguardando fechamento da vela... (candles ok: 135)
[BOT] 1.1624 | Aguardando fechamento da vela... (candles ok: 135)
[COLETOR] Ticks:   2,160 | 1.16239 @ 2026-09-03T20:06:32
[COLETOR] Ticks:   2,161 | 1.16239 @ 2026-09-03T20:06:33
[BOT] 1.1624 | Aguardando fechamento da vela... (candles ok: 135)
[BOT] 1.1624 | Aguardando fechamento da vela... (candles ok: 135)
[COLETOR] Ticks:   2,162 | 1.16239 @ 2026-09-03T20:06:34
[BOT] 1.1624 | Aguardando fechamento da vela... (candles ok: 135)
[COLETOR] Ticks:   2,163 | 1.16237 @ 2026-09-03T20:06:35
[COLETOR] Ticks:   2,164 | 1.16236 @ 2026-09-03T20:06:36
[BOT] 1.1624 | Aguardando fechamento da vela... (candles ok: 135)
[BOT] 1.1624 | Aguardando fechamento da vela... (candles ok: 135)
[COLETOR] Ticks:   2,165 | 1.16236 @ 2026-09-03T20:06:37
[BOT] 1.1624 | Aguardando fechamento da vela... (candles ok: 135)
[COLETOR] Ticks:   2,166 | 1.16236 @ 2026-09-03T20:06:38
[COLETOR] Ticks:   2,167 | 1.16236 @ 2026-09-03T20:06:39
[BOT] 1.1624 | Aguardando fechamento da vela... (candles ok: 135)
[BOT] 1.1624 | Aguardando fechamento da vela... (candles ok: 135)
[COLETOR] Ticks:   2,168 | 1.16236 @ 2026-09-03T20:06:40
[COLETOR] Ticks:   2,169 | 1.16236 @ 2026-09-03T20:06:41
[BOT] 1.1624 | Aguardando fechamento da vela... (candles ok: 135)
[COLETOR] Ticks:   2,170 | 1.16236 @ 2026-09-03T20:06:42
[BOT] 1.1624 | Aguardando fechamento da vela... (candles ok: 135)
[BOT] 1.1624 | Aguardando fechamento da vela... (candles ok: 135)
[COLETOR] Ticks:   2,171 | 1.16236 @ 2026-09-03T20:06:43
[BOT] 1.1624 | Aguardando fechamento da vela... (candles ok: 135)
[COLETOR] Ticks:   2,172 | 1.16236 @ 2026-09-03T20:06:44
[BOT] 1.1624 | Aguardando fechamento da vela... (candles ok: 135)
[COLETOR] Ticks:   2,173 | 1.16236 @ 2026-09-03T20:06:45
[BOT] 1.1624 | Aguardando fechamento da vela... (candles ok: 135)
[COLETOR] Ticks:   2,174 | 1.16236 @ 2026-09-03T20:06:46
[BOT] 1.1623 | Aguardando fechamento da vela... (candles ok: 135)
[COLETOR] Ticks:   2,175 | 1.16235 @ 2026-09-03T20:06:47
[BOT] 1.1623 | Aguardando fechamento da vela... (candles ok: 135)
[COLETOR] Ticks:   2,176 | 1.16235 @ 2026-09-03T20:06:48
[BOT] 1.1624 | Aguardando fechamento da vela... (candles ok: 135)
[COLETOR] Ticks:   2,177 | 1.16236 @ 2026-09-03T20:06:49
[BOT] 1.1624 | Aguardando fechamento da vela... (candles ok: 135)
[COLETOR] Ticks:   2,178 | 1.16236 @ 2026-09-03T20:06:50
[COLETOR] Ticks:   2,179 | 1.16236 @ 2026-09-03T20:06:51
[BOT] 1.1624 | Aguardando fechamento da vela... (candles ok: 135)
[BOT] 1.1624 | Aguardando fechamento da vela... (candles ok: 135)
[COLETOR] Ticks:   2,180 | 1.16236 @ 2026-09-03T20:06:52
[BOT] 1.1623 | Aguardando fechamento da vela... (candles ok: 135)
[COLETOR] Ticks:   2,181 | 1.16235 @ 2026-09-03T20:06:53
[BOT] 1.1623 | Aguardando fechamento da vela... (candles ok: 135)
[COLETOR] Ticks:   2,182 | 1.16235 @ 2026-09-03T20:06:54
[BOT] 1.1623 | Aguardando fechamento da vela... (candles ok: 135)
[COLETOR] Ticks:   2,183 | 1.16235 @ 2026-09-03T20:06:55
[BOT] 1.1623 | Aguardando fechamento da vela... (candles ok: 135)
[COLETOR] Ticks:   2,184 | 1.16235 @ 2026-09-03T20:06:56
[BOT] 1.1623 | Aguardando fechamento da vela... (candles ok: 135)
[COLETOR] Ticks:   2,185 | 1.16235 @ 2026-09-03T20:06:57
[BOT] 1.1624 | Aguardando fechamento da vela... (candles ok: 135)
[COLETOR] Ticks:   2,186 | 1.16236 @ 2026-09-03T20:06:58
[BOT] 1.1623 | Aguardando fechamento da vela... (candles ok: 135)
[COLETOR] Ticks:   2,187 | 1.16235 @ 2026-09-03T20:06:59
[TICK] 1.1623 | EMA9:1.1624 EMA21:1.1624 | RSI:38.8 ADX:40.5 MACD_H:+0.00001
[COLETOR] Ticks:   2,188 | 1.16235 @ 2026-09-03T20:07:00
[BOT] 1.1623 | Aguardando fechamento da vela... (candles ok: 136)
[COLETOR] Ticks:   2,189 | 1.16235 @ 2026-09-03T20:07:01
[BOT] 1.1623 | Aguardando fechamento da vela... (candles ok: 136)
[COLETOR] Ticks:   2,190 | 1.16235 @ 2026-09-03T20:07:02
[COLETOR] Ticks:   2,191 | 1.16236 @ 2026-09-03T20:07:03
[BOT] 1.1624 | Aguardando fechamento da vela... (candles ok: 136)
[COLETOR] Ticks:   2,192 | 1.16236 @ 2026-09-03T20:07:04
[BOT] 1.1624 | Aguardando fechamento da vela... (candles ok: 136)
[BOT] 1.1624 | Aguardando fechamento da vela... (candles ok: 136)
[COLETOR] Ticks:   2,193 | 1.16236 @ 2026-09-03T20:07:05
[COLETOR] Ticks:   2,194 | 1.16236 @ 2026-09-03T20:07:06
[BOT] 1.1624 | Aguardando fechamento da vela... (candles ok: 136)
[BOT] 1.1624 | Aguardando fechamento da vela... (candles ok: 136)
[COLETOR] Ticks:   2,195 | 1.16236 @ 2026-09-03T20:07:07
[BOT] 1.1624 | Aguardando fechamento da vela... (candles ok: 136)
[COLETOR] Ticks:   2,196 | 1.16236 @ 2026-09-03T20:07:08
[BOT] 1.1623 | Aguardando fechamento da vela... (candles ok: 136)
[COLETOR] Ticks:   2,197 | 1.16235 @ 2026-09-03T20:07:09
[BOT] 1.1623 | Aguardando fechamento da vela... (candles ok: 136)
[COLETOR] Ticks:   2,198 | 1.16235 @ 2026-09-03T20:07:10
[COLETOR] Ticks:   2,199 | 1.16236 @ 2026-09-03T20:07:11
[BOT] 1.1624 | Aguardando fechamento da vela... (candles ok: 136)
[BOT] 1.1624 | Aguardando fechamento da vela... (candles ok: 136)
[COLETOR] Ticks:   2,200 | 1.16236 @ 2026-09-03T20:07:12
[COLETOR] Ticks:   2,201 | 1.16238 @ 2026-09-03T20:07:13
[BOT] 1.1624 | Aguardando fechamento da vela... (candles ok: 136)
[BOT] 1.1624 | Aguardando fechamento da vela... (candles ok: 136)
[COLETOR] Ticks:   2,202 | 1.16239 @ 2026-09-03T20:07:14
[COLETOR] Ticks:   2,203 | 1.16239 @ 2026-09-03T20:07:15
[BOT] 1.1624 | Aguardando fechamento da vela... (candles ok: 136)
[COLETOR] Ticks:   2,204 | 1.16239 @ 2026-09-03T20:07:16
[BOT] 1.1624 | Aguardando fechamento da vela... (candles ok: 136)
[BOT] 1.1624 | Aguardando fechamento da vela... (candles ok: 136)
[COLETOR] Ticks:   2,205 | 1.16239 @ 2026-09-03T20:07:17
[BOT] 1.1624 | Aguardando fechamento da vela... (candles ok: 136)
[COLETOR] Ticks:   2,206 | 1.16239 @ 2026-09-03T20:07:18
[BOT] 1.1624 | Aguardando fechamento da vela... (candles ok: 136)
[COLETOR] Ticks:   2,207 | 1.16239 @ 2026-09-03T20:07:19
[COLETOR] Ticks:   2,208 | 1.16239 @ 2026-09-03T20:07:20
[BOT] 1.1624 | Aguardando fechamento da vela... (candles ok: 136)
[COLETOR] Ticks:   2,209 | 1.16239 @ 2026-09-03T20:07:21
[BOT] 1.1624 | Aguardando fechamento da vela... (candles ok: 136)
[COLETOR] Ticks:   2,210 | 1.16239 @ 2026-09-03T20:07:22
[BOT] 1.1624 | Aguardando fechamento da vela... (candles ok: 136)
[COLETOR] Ticks:   2,211 | 1.16239 @ 2026-09-03T20:07:23
[BOT] 1.1624 | Aguardando fechamento da vela... (candles ok: 136)
[BOT] 1.1624 | Aguardando fechamento da vela... (candles ok: 136)
[COLETOR] Ticks:   2,212 | 1.16239 @ 2026-09-03T20:07:24
[COLETOR] Ticks:   2,213 | 1.16239 @ 2026-09-03T20:07:25
[BOT] 1.1624 | Aguardando fechamento da vela... (candles ok: 136)
[BOT] 1.1624 | Aguardando fechamento da vela... (candles ok: 136)
[COLETOR] Ticks:   2,214 | 1.16239 @ 2026-09-03T20:07:26
[BOT] 1.1624 | Aguardando fechamento da vela... (candles ok: 136)
[COLETOR] Ticks:   2,215 | 1.16239 @ 2026-09-03T20:07:27
[BOT] 1.1624 | Aguardando fechamento da vela... (candles ok: 136)
[COLETOR] Ticks:   2,216 | 1.1624 @ 2026-09-03T20:07:28
[BOT] 1.1624 | Aguardando fechamento da vela... (candles ok: 136)
[COLETOR] Ticks:   2,217 | 1.1624 @ 2026-09-03T20:07:29
[BOT] 1.1624 | Aguardando fechamento da vela... (candles ok: 136)
[COLETOR] Ticks:   2,218 | 1.1624 @ 2026-09-03T20:07:30
[BOT] 1.1624 | Aguardando fechamento da vela... (candles ok: 136)
[COLETOR] Ticks:   2,219 | 1.1624 @ 2026-09-03T20:07:31
[BOT] 1.1624 | Aguardando fechamento da vela... (candles ok: 136)
[COLETOR] Ticks:   2,220 | 1.16239 @ 2026-09-03T20:07:32
[BOT] 1.1624 | Aguardando fechamento da vela... (candles ok: 136)
[COLETOR] Ticks:   2,221 | 1.16239 @ 2026-09-03T20:07:33
[BOT] 1.1624 | Aguardando fechamento da vela... (candles ok: 136)
[COLETOR] Ticks:   2,222 | 1.16239 @ 2026-09-03T20:07:34
[COLETOR] Ticks:   2,223 | 1.16239 @ 2026-09-03T20:07:35
[BOT] 1.1624 | Aguardando fechamento da vela... (candles ok: 136)
[BOT] 1.1624 | Aguardando fechamento da vela... (candles ok: 136)
[COLETOR] Ticks:   2,224 | 1.16239 @ 2026-09-03T20:07:36
[BOT] 1.1624 | Aguardando fechamento da vela... (candles ok: 136)
[COLETOR] Ticks:   2,225 | 1.16239 @ 2026-09-03T20:07:37
[BOT] 1.1624 | Aguardando fechamento da vela... (candles ok: 136)
[COLETOR] Ticks:   2,226 | 1.16239 @ 2026-09-03T20:07:38
[BOT] 1.1624 | Aguardando fechamento da vela... (candles ok: 136)
[COLETOR] Ticks:   2,227 | 1.16239 @ 2026-09-03T20:07:39
[BOT] 1.1624 | Aguardando fechamento da vela... (candles ok: 136)
[COLETOR] Ticks:   2,228 | 1.16239 @ 2026-09-03T20:07:40
[BOT] 1.1624 | Aguardando fechamento da vela... (candles ok: 136)
[COLETOR] Ticks:   2,229 | 1.16239 @ 2026-09-03T20:07:41
[BOT] 1.1624 | Aguardando fechamento da vela... (candles ok: 136)
[COLETOR] Ticks:   2,230 | 1.16239 @ 2026-09-03T20:07:42
[BOT] 1.1624 | Aguardando fechamento da vela... (candles ok: 136)
[COLETOR] Ticks:   2,231 | 1.16239 @ 2026-09-03T20:07:43
[BOT] 1.1624 | Aguardando fechamento da vela... (candles ok: 136)
[COLETOR] Ticks:   2,232 | 1.16239 @ 2026-09-03T20:07:44
[COLETOR] Ticks:   2,233 | 1.1624 @ 2026-09-03T20:07:45
[BOT] 1.1624 | Aguardando fechamento da vela... (candles ok: 136)
[BOT] 1.1624 | Aguardando fechamento da vela... (candles ok: 136)
[COLETOR] Ticks:   2,234 | 1.1624 @ 2026-09-03T20:07:46
[COLETOR] Ticks:   2,235 | 1.1624 @ 2026-09-03T20:07:47
[BOT] 1.1624 | Aguardando fechamento da vela... (candles ok: 136)
[BOT] 1.1624 | Aguardando fechamento da vela... (candles ok: 136)
[COLETOR] Ticks:   2,236 | 1.16244 @ 2026-09-03T20:07:48
[BOT] 1.1625 | Aguardando fechamento da vela... (candles ok: 136)
[COLETOR] Ticks:   2,237 | 1.16247 @ 2026-09-03T20:07:49
[BOT] 1.1625 | Aguardando fechamento da vela... (candles ok: 136)
[COLETOR] Ticks:   2,238 | 1.16247 @ 2026-09-03T20:07:50
[BOT] 1.1625 | Aguardando fechamento da vela... (candles ok: 136)
[COLETOR] Ticks:   2,239 | 1.16249 @ 2026-09-03T20:07:51
[BOT] 1.1625 | Aguardando fechamento da vela... (candles ok: 136)
[COLETOR] Ticks:   2,240 | 1.16249 @ 2026-09-03T20:07:52
[BOT] 1.1625 | Aguardando fechamento da vela... (candles ok: 136)
[COLETOR] Ticks:   2,241 | 1.16249 @ 2026-09-03T20:07:53
[BOT] 1.1625 | Aguardando fechamento da vela... (candles ok: 136)
[COLETOR] Ticks:   2,242 | 1.16248 @ 2026-09-03T20:07:54
[BOT] 1.1625 | Aguardando fechamento da vela... (candles ok: 136)
[COLETOR] Ticks:   2,243 | 1.16248 @ 2026-09-03T20:07:55
[BOT] 1.1625 | Aguardando fechamento da vela... (candles ok: 136)
[COLETOR] Ticks:   2,244 | 1.16249 @ 2026-09-03T20:07:56
[BOT] 1.1625 | Aguardando fechamento da vela... (candles ok: 136)
[COLETOR] Ticks:   2,245 | 1.16249 @ 2026-09-03T20:07:57
[BOT] 1.1625 | Aguardando fechamento da vela... (candles ok: 136)
[COLETOR] Ticks:   2,246 | 1.16248 @ 2026-09-03T20:07:58
[COLETOR] Ticks:   2,247 | 1.16248 @ 2026-09-03T20:07:59
[BOT] 1.1625 | Aguardando fechamento da vela... (candles ok: 136)
[TICK] 1.1625 | EMA9:1.1624 EMA21:1.1624 | RSI:58.2 ADX:38.7 MACD_H:+0.00002 [→ BUY]
[COLETOR] Ticks:   2,248 | 1.16248 @ 2026-09-03T20:08:00
[BOT] → BUY | Stake: 10.00 USD | Duração: 15m | ADX:38.7 RSI:58.2
[BOT] Erro API: Trading on forex contracts with duration less than 5 hours is not available from 21:00:00 to 23:59:59
[BOT] 1.1625 | Aguardando fechamento da vela... (candles ok: 137)
[COLETOR] Ticks:   2,249 | 1.16248 @ 2026-09-03T20:08:01
[BOT] 1.1625 | Aguardando fechamento da vela... (candles ok: 137)
[COLETOR] Ticks:   2,250 | 1.16248 @ 2026-09-03T20:08:02
[BOT] 1.1625 | Aguardando fechamento da vela... (candles ok: 137)
[COLETOR] Ticks:   2,251 | 1.16248 @ 2026-09-03T20:08:03
[BOT] 1.1625 | Aguardando fechamento da vela... (candles ok: 137)
[COLETOR] Ticks:   2,252 | 1.16248 @ 2026-09-03T20:08:04
[BOT] 1.1625 | Aguardando fechamento da vela... (candles ok: 137)
[COLETOR] Ticks:   2,253 | 1.16248 @ 2026-09-03T20:08:05
[BOT] 1.1625 | Aguardando fechamento da vela... (candles ok: 137)
[COLETOR] Ticks:   2,254 | 1.16248 @ 2026-09-03T20:08:06
[BOT] 1.1625 | Aguardando fechamento da vela... (candles ok: 137)
[COLETOR] Ticks:   2,255 | 1.16248 @ 2026-09-03T20:08:07
[BOT] 1.1625 | Aguardando fechamento da vela... (candles ok: 137)
[COLETOR] Ticks:   2,256 | 1.16248 @ 2026-09-03T20:08:08
[COLETOR] Ticks:   2,257 | 1.16248 @ 2026-09-03T20:08:09
[BOT] 1.1625 | Aguardando fechamento da vela... (candles ok: 137)
[BOT] 1.1625 | Aguardando fechamento da vela... (candles ok: 137)
[COLETOR] Ticks:   2,258 | 1.16248 @ 2026-09-03T20:08:10
[BOT] 1.1625 | Aguardando fechamento da vela... (candles ok: 137)
[COLETOR] Ticks:   2,259 | 1.16248 @ 2026-09-03T20:08:11
[BOT] 1.1625 | Aguardando fechamento da vela... (candles ok: 137)
[COLETOR] Ticks:   2,260 | 1.16249 @ 2026-09-03T20:08:12
[BOT] 1.1625 | Aguardando fechamento da vela... (candles ok: 137)
[COLETOR] Ticks:   2,261 | 1.16249 @ 2026-09-03T20:08:13
[BOT] 1.1625 | Aguardando fechamento da vela... (candles ok: 137)
[COLETOR] Ticks:   2,262 | 1.16249 @ 2026-09-03T20:08:14
[BOT] 1.1625 | Aguardando fechamento da vela... (candles ok: 137)
[COLETOR] Ticks:   2,263 | 1.16249 @ 2026-09-03T20:08:15
[BOT] 1.1625 | Aguardando fechamento da vela... (candles ok: 137)
[COLETOR] Ticks:   2,264 | 1.16249 @ 2026-09-03T20:08:16
[COLETOR] Ticks:   2,265 | 1.16249 @ 2026-09-03T20:08:17
[BOT] 1.1625 | Aguardando fechamento da vela... (candles ok: 137)
[BOT] 1.1625 | Aguardando fechamento da vela... (candles ok: 137)
[COLETOR] Ticks:   2,266 | 1.16249 @ 2026-09-03T20:08:18
[BOT] 1.1625 | Aguardando fechamento da vela... (candles ok: 137)
[COLETOR] Ticks:   2,267 | 1.16249 @ 2026-09-03T20:08:19
[BOT] 1.1625 | Aguardando fechamento da vela... (candles ok: 137)
[COLETOR] Ticks:   2,268 | 1.16249 @ 2026-09-03T20:08:20
[COLETOR] Ticks:   2,269 | 1.16249 @ 2026-09-03T20:08:21
[BOT] 1.1625 | Aguardando fechamento da vela... (candles ok: 137)
[COLETOR] Ticks:   2,270 | 1.16249 @ 2026-09-03T20:08:22
[BOT] 1.1625 | Aguardando fechamento da vela... (candles ok: 137)
[COLETOR] Ticks:   2,271 | 1.16249 @ 2026-09-03T20:08:23
[BOT] 1.1625 | Aguardando fechamento da vela... (candles ok: 137)
[BOT] 1.1625 | Aguardando fechamento da vela... (candles ok: 137)
[COLETOR] Ticks:   2,272 | 1.16249 @ 2026-09-03T20:08:24
[BOT] 1.1625 | Aguardando fechamento da vela... (candles ok: 137)
[COLETOR] Ticks:   2,273 | 1.16249 @ 2026-09-03T20:08:25
[BOT] 1.1625 | Aguardando fechamento da vela... (candles ok: 137)
[COLETOR] Ticks:   2,274 | 1.16248 @ 2026-09-03T20:08:26
[BOT] 1.1625 | Aguardando fechamento da vela... (candles ok: 137)
[COLETOR] Ticks:   2,275 | 1.16249 @ 2026-09-03T20:08:27
[BOT] 1.1625 | Aguardando fechamento da vela... (candles ok: 137)
[COLETOR] Ticks:   2,276 | 1.16249 @ 2026-09-03T20:08:28
[COLETOR] Ticks:   2,277 | 1.16248 @ 2026-09-03T20:08:29
[BOT] 1.1625 | Aguardando fechamento da vela... (candles ok: 137)
[BOT] 1.1625 | Aguardando fechamento da vela... (candles ok: 137)
[COLETOR] Ticks:   2,278 | 1.16248 @ 2026-09-03T20:08:30
[BOT] 1.1625 | Aguardando fechamento da vela... (candles ok: 137)
[COLETOR] Ticks:   2,279 | 1.16248 @ 2026-09-03T20:08:31
[BOT] 1.1625 | Aguardando fechamento da vela... (candles ok: 137)
[COLETOR] Ticks:   2,280 | 1.16248 @ 2026-09-03T20:08:32
[COLETOR] Ticks:   2,281 | 1.16248 @ 2026-09-03T20:08:33
[BOT] 1.1625 | Aguardando fechamento da vela... (candles ok: 137)
[BOT] 1.1625 | Aguardando fechamento da vela... (candles ok: 137)
[COLETOR] Ticks:   2,282 | 1.16249 @ 2026-09-03T20:08:34
[COLETOR] Ticks:   2,283 | 1.16248 @ 2026-09-03T20:08:35
[BOT] 1.1625 | Aguardando fechamento da vela... (candles ok: 137)
[BOT] 1.1625 | Aguardando fechamento da vela... (candles ok: 137)
[COLETOR] Ticks:   2,284 | 1.16248 @ 2026-09-03T20:08:36
[BOT] 1.1625 | Aguardando fechamento da vela... (candles ok: 137)
[COLETOR] Ticks:   2,285 | 1.16249 @ 2026-09-03T20:08:37
[BOT] 1.1625 | Aguardando fechamento da vela... (candles ok: 137)
[COLETOR] Ticks:   2,286 | 1.16249 @ 2026-09-03T20:08:38
[BOT] 1.1625 | Aguardando fechamento da vela... (candles ok: 137)
[COLETOR] Ticks:   2,287 | 1.16249 @ 2026-09-03T20:08:39
[BOT] 1.1625 | Aguardando fechamento da vela... (candles ok: 137)
[COLETOR] Ticks:   2,288 | 1.16248 @ 2026-09-03T20:08:40
[BOT] 1.1625 | Aguardando fechamento da vela... (candles ok: 137)
[COLETOR] Ticks:   2,289 | 1.16249 @ 2026-09-03T20:08:41
[BOT] 1.1625 | Aguardando fechamento da vela... (candles ok: 137)
[COLETOR] Ticks:   2,290 | 1.16248 @ 2026-09-03T20:08:42
[BOT] 1.1625 | Aguardando fechamento da vela... (candles ok: 137)
[COLETOR] Ticks:   2,291 | 1.16248 @ 2026-09-03T20:08:43
[BOT] 1.1625 | Aguardando fechamento da vela... (candles ok: 137)
[COLETOR] Ticks:   2,292 | 1.16248 @ 2026-09-03T20:08:44
[COLETOR] Ticks:   2,293 | 1.16248 @ 2026-09-03T20:08:45
[BOT] 1.1625 | Aguardando fechamento da vela... (candles ok: 137)
[BOT] 1.1625 | Aguardando fechamento da vela... (candles ok: 137)
[COLETOR] Ticks:   2,294 | 1.16248 @ 2026-09-03T20:08:46
[BOT] 1.1625 | Aguardando fechamento da vela... (candles ok: 137)
[COLETOR] Ticks:   2,295 | 1.1625 @ 2026-09-03T20:08:47
[BOT] 1.1625 | Aguardando fechamento da vela... (candles ok: 137)
[COLETOR] Ticks:   2,296 | 1.1625 @ 2026-09-03T20:08:48
[COLETOR] Ticks:   2,297 | 1.1625 @ 2026-09-03T20:08:49
[BOT] 1.1625 | Aguardando fechamento da vela... (candles ok: 137)
[BOT] 1.1625 | Aguardando fechamento da vela... (candles ok: 137)
[COLETOR] Ticks:   2,298 | 1.1625 @ 2026-09-03T20:08:50
[COLETOR] Ticks:   2,299 | 1.1625 @ 2026-09-03T20:08:51
[BOT] 1.1625 | Aguardando fechamento da vela... (candles ok: 137)
[BOT] 1.1625 | Aguardando fechamento da vela... (candles ok: 137)
[COLETOR] Ticks:   2,300 | 1.1625 @ 2026-09-03T20:08:52
[COLETOR] Ticks:   2,301 | 1.1625 @ 2026-09-03T20:08:53
[BOT] 1.1625 | Aguardando fechamento da vela... (candles ok: 137)
[BOT] 1.1625 | Aguardando fechamento da vela... (candles ok: 137)
[COLETOR] Ticks:   2,302 | 1.1625 @ 2026-09-03T20:08:54
[BOT] 1.1625 | Aguardando fechamento da vela... (candles ok: 137)
[COLETOR] Ticks:   2,303 | 1.1625 @ 2026-09-03T20:08:55
[BOT] 1.1625 | Aguardando fechamento da vela... (candles ok: 137)
[COLETOR] Ticks:   2,304 | 1.1625 @ 2026-09-03T20:08:56
[BOT] 1.1625 | Aguardando fechamento da vela... (candles ok: 137)
[COLETOR] Ticks:   2,305 | 1.1625 @ 2026-09-03T20:08:57
[COLETOR] Ticks:   2,306 | 1.1625 @ 2026-09-03T20:08:58
[BOT] 1.1625 | Aguardando fechamento da vela... (candles ok: 137)
[BOT] 1.1625 | Aguardando fechamento da vela... (candles ok: 137)
[COLETOR] Ticks:   2,307 | 1.1625 @ 2026-09-03T20:08:59
[TICK] 1.1625 | EMA9:1.1624 EMA21:1.1624 | RSI:60.3 ADX:37.5 MACD_H:+0.00002 [→ BUY]
[COLETOR] Ticks:   2,308 | 1.1625 @ 2026-09-03T20:09:00
[BOT] → BUY | Stake: 10.00 USD | Duração: 15m | ADX:37.5 RSI:60.3
[BOT] Erro API: Trading on forex contracts with duration less than 5 hours is not available from 21:00:00 to 23:59:59
[BOT] 1.1625 | Aguardando fechamento da vela... (candles ok: 138)
[COLETOR] Ticks:   2,309 | 1.1625 @ 2026-09-03T20:09:01
[BOT] 1.1625 | Aguardando fechamento da vela... (candles ok: 138)
[COLETOR] Ticks:   2,310 | 1.1625 @ 2026-09-03T20:09:02
[COLETOR] Ticks:   2,311 | 1.1625 @ 2026-09-03T20:09:03
[BOT] 1.1625 | Aguardando fechamento da vela... (candles ok: 138)
[BOT] 1.1625 | Aguardando fechamento da vela... (candles ok: 138)
[COLETOR] Ticks:   2,312 | 1.1625 @ 2026-09-03T20:09:04
[BOT] 1.1625 | Aguardando fechamento da vela... (candles ok: 138)
[COLETOR] Ticks:   2,313 | 1.1625 @ 2026-09-03T20:09:05
[COLETOR] Ticks:   2,314 | 1.1625 @ 2026-09-03T20:09:06
[BOT] 1.1625 | Aguardando fechamento da vela... (candles ok: 138)
[COLETOR] Ticks:   2,315 | 1.1625 @ 2026-09-03T20:09:07
[BOT] 1.1625 | Aguardando fechamento da vela... (candles ok: 138)
[COLETOR] Ticks:   2,316 | 1.16249 @ 2026-09-03T20:09:08
[BOT] 1.1625 | Aguardando fechamento da vela... (candles ok: 138)
[BOT] 1.1625 | Aguardando fechamento da vela... (candles ok: 138)
[COLETOR] Ticks:   2,317 | 1.1625 @ 2026-09-03T20:09:09
[COLETOR] Ticks:   2,318 | 1.16249 @ 2026-09-03T20:09:10
[BOT] 1.1625 | Aguardando fechamento da vela... (candles ok: 138)
[BOT] 1.1625 | Aguardando fechamento da vela... (candles ok: 138)
[COLETOR] Ticks:   2,319 | 1.16249 @ 2026-09-03T20:09:11
[BOT] 1.1625 | Aguardando fechamento da vela... (candles ok: 138)
[COLETOR] Ticks:   2,320 | 1.16249 @ 2026-09-03T20:09:12
[BOT] 1.1625 | Aguardando fechamento da vela... (candles ok: 138)
[COLETOR] Ticks:   2,321 | 1.16249 @ 2026-09-03T20:09:13
[COLETOR] Ticks:   2,322 | 1.1625 @ 2026-09-03T20:09:14
[BOT] 1.1625 | Aguardando fechamento da vela... (candles ok: 138)
[COLETOR] Ticks:   2,323 | 1.1625 @ 2026-09-03T20:09:15
[BOT] 1.1625 | Aguardando fechamento da vela... (candles ok: 138)
[BOT] 1.1625 | Aguardando fechamento da vela... (candles ok: 138)
[COLETOR] Ticks:   2,324 | 1.1625 @ 2026-09-03T20:09:16
[BOT] 1.1625 | Aguardando fechamento da vela... (candles ok: 138)
[COLETOR] Ticks:   2,325 | 1.16251 @ 2026-09-03T20:09:17
[COLETOR] Ticks:   2,326 | 1.16251 @ 2026-09-03T20:09:18
[BOT] 1.1625 | Aguardando fechamento da vela... (candles ok: 138)
[BOT] 1.1625 | Aguardando fechamento da vela... (candles ok: 138)
[COLETOR] Ticks:   2,327 | 1.16251 @ 2026-09-03T20:09:19
[BOT] 1.1625 | Aguardando fechamento da vela... (candles ok: 138)
[COLETOR] Ticks:   2,328 | 1.16251 @ 2026-09-03T20:09:20
[COLETOR] Ticks:   2,329 | 1.16251 @ 2026-09-03T20:09:21
[BOT] 1.1625 | Aguardando fechamento da vela... (candles ok: 138)
[COLETOR] Ticks:   2,330 | 1.16251 @ 2026-09-03T20:09:22
[BOT] 1.1625 | Aguardando fechamento da vela... (candles ok: 138)
[COLETOR] Ticks:   2,331 | 1.16251 @ 2026-09-03T20:09:23
[BOT] 1.1625 | Aguardando fechamento da vela... (candles ok: 138)
[BOT] 1.1625 | Aguardando fechamento da vela... (candles ok: 138)
[COLETOR] Ticks:   2,332 | 1.16251 @ 2026-09-03T20:09:24
[COLETOR] Ticks:   2,333 | 1.16251 @ 2026-09-03T20:09:25
[BOT] 1.1625 | Aguardando fechamento da vela... (candles ok: 138)
[BOT] 1.1625 | Aguardando fechamento da vela... (candles ok: 138)
[COLETOR] Ticks:   2,334 | 1.16251 @ 2026-09-03T20:09:26
[BOT] 1.1625 | Aguardando fechamento da vela... (candles ok: 138)
[COLETOR] Ticks:   2,335 | 1.16251 @ 2026-09-03T20:09:27
[BOT] 1.1625 | Aguardando fechamento da vela... (candles ok: 138)
[COLETOR] Ticks:   2,336 | 1.16251 @ 2026-09-03T20:09:28
[COLETOR] Ticks:   2,337 | 1.16251 @ 2026-09-03T20:09:29
[BOT] 1.1625 | Aguardando fechamento da vela... (candles ok: 138)
[BOT] 1.1625 | Aguardando fechamento da vela... (candles ok: 138)
[COLETOR] Ticks:   2,338 | 1.16251 @ 2026-09-03T20:09:30
[BOT] 1.1625 | Aguardando fechamento da vela... (candles ok: 138)
[COLETOR] Ticks:   2,339 | 1.16251 @ 2026-09-03T20:09:31
[BOT] 1.1625 | Aguardando fechamento da vela... (candles ok: 138)
[COLETOR] Ticks:   2,340 | 1.16251 @ 2026-09-03T20:09:32
[BOT] 1.1625 | Aguardando fechamento da vela... (candles ok: 138)
[COLETOR] Ticks:   2,341 | 1.1625 @ 2026-09-03T20:09:33
[BOT] 1.1625 | Aguardando fechamento da vela... (candles ok: 138)
[COLETOR] Ticks:   2,342 | 1.1625 @ 2026-09-03T20:09:34
[BOT] 1.1625 | Aguardando fechamento da vela... (candles ok: 138)
[COLETOR] Ticks:   2,343 | 1.1625 @ 2026-09-03T20:09:35
[BOT] 1.1625 | Aguardando fechamento da vela... (candles ok: 138)
[COLETOR] Ticks:   2,344 | 1.1625 @ 2026-09-03T20:09:36
[BOT] 1.1625 | Aguardando fechamento da vela... (candles ok: 138)
[COLETOR] Ticks:   2,345 | 1.16251 @ 2026-09-03T20:09:37
[COLETOR] Ticks:   2,346 | 1.16251 @ 2026-09-03T20:09:38
[BOT] 1.1625 | Aguardando fechamento da vela... (candles ok: 138)
[BOT] 1.1625 | Aguardando fechamento da vela... (candles ok: 138)
[COLETOR] Ticks:   2,347 | 1.16251 @ 2026-09-03T20:09:39
[BOT] 1.1625 | Aguardando fechamento da vela... (candles ok: 138)
[COLETOR] Ticks:   2,348 | 1.1625 @ 2026-09-03T20:09:40
[COLETOR] Ticks:   2,349 | 1.1625 @ 2026-09-03T20:09:41
[BOT] 1.1625 | Aguardando fechamento da vela... (candles ok: 138)
[COLETOR] Ticks:   2,350 | 1.1625 @ 2026-09-03T20:09:42
[BOT] 1.1625 | Aguardando fechamento da vela... (candles ok: 138)
[BOT] 1.1625 | Aguardando fechamento da vela... (candles ok: 138)
[COLETOR] Ticks:   2,351 | 1.1625 @ 2026-09-03T20:09:43
[BOT] 1.1625 | Aguardando fechamento da vela... (candles ok: 138)
[COLETOR] Ticks:   2,352 | 1.1625 @ 2026-09-03T20:09:44
[BOT] 1.1625 | Aguardando fechamento da vela... (candles ok: 138)
[COLETOR] Ticks:   2,353 | 1.1625 @ 2026-09-03T20:09:45
[BOT] 1.1625 | Aguardando fechamento da vela... (candles ok: 138)
[COLETOR] Ticks:   2,354 | 1.1625 @ 2026-09-03T20:09:46
[BOT] 1.1625 | Aguardando fechamento da vela... (candles ok: 138)
[COLETOR] Ticks:   2,355 | 1.1625 @ 2026-09-03T20:09:47
[BOT] 1.1625 | Aguardando fechamento da vela... (candles ok: 138)
[COLETOR] Ticks:   2,356 | 1.1625 @ 2026-09-03T20:09:48
[COLETOR] Ticks:   2,357 | 1.1625 @ 2026-09-03T20:09:49
[BOT] 1.1625 | Aguardando fechamento da vela... (candles ok: 138)
[BOT] 1.1625 | Aguardando fechamento da vela... (candles ok: 138)
[COLETOR] Ticks:   2,358 | 1.1625 @ 2026-09-03T20:09:50
[COLETOR] Ticks:   2,359 | 1.1625 @ 2026-09-03T20:09:51
[BOT] 1.1625 | Aguardando fechamento da vela... (candles ok: 138)
[COLETOR] Ticks:   2,360 | 1.1625 @ 2026-09-03T20:09:52
[BOT] 1.1625 | Aguardando fechamento da vela... (candles ok: 138)
[BOT] 1.1625 | Aguardando fechamento da vela... (candles ok: 138)
[COLETOR] Ticks:   2,361 | 1.1625 @ 2026-09-03T20:09:53
[BOT] 1.1625 | Aguardando fechamento da vela... (candles ok: 138)
[COLETOR] Ticks:   2,362 | 1.1625 @ 2026-09-03T20:09:54
[BOT] 1.1625 | Aguardando fechamento da vela... (candles ok: 138)
[COLETOR] Ticks:   2,363 | 1.1625 @ 2026-09-03T20:09:55
[BOT] 1.1625 | Aguardando fechamento da vela... (candles ok: 138)
[COLETOR] Ticks:   2,364 | 1.1625 @ 2026-09-03T20:09:56
[COLETOR] Ticks:   2,365 | 1.1625 @ 2026-09-03T20:09:57
[BOT] 1.1625 | Aguardando fechamento da vela... (candles ok: 138)
[BOT] 1.1625 | Aguardando fechamento da vela... (candles ok: 138)
[COLETOR] Ticks:   2,366 | 1.16249 @ 2026-09-03T20:09:58
[BOT] 1.1625 | Aguardando fechamento da vela... (candles ok: 138)
[COLETOR] Ticks:   2,367 | 1.16249 @ 2026-09-03T20:09:59
[COLETOR] Ticks:   2,368 | 1.16249 @ 2026-09-03T20:10:00
[TICK] 1.1625 | EMA9:1.1624 EMA21:1.1624 | RSI:58.7 ADX:36.4 MACD_H:+0.00002 [→ BUY]
[BOT] → BUY | Stake: 10.00 USD | Duração: 15m | ADX:36.4 RSI:58.7
[BOT] Erro API: Trading on forex contracts with duration less than 5 hours is not available from 21:00:00 to 23:59:59
[COLETOR] Ticks:   2,369 | 1.16249 @ 2026-09-03T20:10:01
[BOT] 1.1625 | Aguardando fechamento da vela... (candles ok: 139)
[BOT] 1.1625 | Aguardando fechamento da vela... (candles ok: 139)
[COLETOR] Ticks:   2,370 | 1.1625 @ 2026-09-03T20:10:02
[BOT] 1.1625 | Aguardando fechamento da vela... (candles ok: 139)
[COLETOR] Ticks:   2,371 | 1.16249 @ 2026-09-03T20:10:03
[COLETOR] Ticks:   2,372 | 1.16249 @ 2026-09-03T20:10:04
[BOT] 1.1625 | Aguardando fechamento da vela... (candles ok: 139)
[BOT] 1.1625 | Aguardando fechamento da vela... (candles ok: 139)
[COLETOR] Ticks:   2,373 | 1.16249 @ 2026-09-03T20:10:05
[BOT] 1.1625 | Aguardando fechamento da vela... (candles ok: 139)
[COLETOR] Ticks:   2,374 | 1.16249 @ 2026-09-03T20:10:06
[BOT] 1.1625 | Aguardando fechamento da vela... (candles ok: 139)
[COLETOR] Ticks:   2,375 | 1.16249 @ 2026-09-03T20:10:07
[BOT] 1.1625 | Aguardando fechamento da vela... (candles ok: 139)
[COLETOR] Ticks:   2,376 | 1.16249 @ 2026-09-03T20:10:08
[BOT] 1.1625 | Aguardando fechamento da vela... (candles ok: 139)
[COLETOR] Ticks:   2,377 | 1.16249 @ 2026-09-03T20:10:09
[BOT] 1.1625 | Aguardando fechamento da vela... (candles ok: 139)
[COLETOR] Ticks:   2,378 | 1.16248 @ 2026-09-03T20:10:10
[COLETOR] Ticks:   2,379 | 1.16248 @ 2026-09-03T20:10:11
[BOT] 1.1625 | Aguardando fechamento da vela... (candles ok: 139)
[BOT] 1.1625 | Aguardando fechamento da vela... (candles ok: 139)
[COLETOR] Ticks:   2,380 | 1.16249 @ 2026-09-03T20:10:12
[COLETOR] Ticks:   2,381 | 1.16249 @ 2026-09-03T20:10:13
[BOT] 1.1625 | Aguardando fechamento da vela... (candles ok: 139)
[BOT] 1.1625 | Aguardando fechamento da vela... (candles ok: 139)
[COLETOR] Ticks:   2,382 | 1.16248 @ 2026-09-03T20:10:14
[COLETOR] Ticks:   2,383 | 1.16249 @ 2026-09-03T20:10:15
[BOT] 1.1625 | Aguardando fechamento da vela... (candles ok: 139)
[BOT] 1.1625 | Aguardando fechamento da vela... (candles ok: 139)
[COLETOR] Ticks:   2,384 | 1.16248 @ 2026-09-03T20:10:16
[BOT] 1.1625 | Aguardando fechamento da vela... (candles ok: 139)
[COLETOR] Ticks:   2,385 | 1.16249 @ 2026-09-03T20:10:17
[COLETOR] Ticks:   2,386 | 1.16248 @ 2026-09-03T20:10:18
[BOT] 1.1625 | Aguardando fechamento da vela... (candles ok: 139)
[BOT] 1.1625 | Aguardando fechamento da vela... (candles ok: 139)
[COLETOR] Ticks:   2,387 | 1.16248 @ 2026-09-03T20:10:19
[BOT] 1.1625 | Aguardando fechamento da vela... (candles ok: 139)
[COLETOR] Ticks:   2,388 | 1.16248 @ 2026-09-03T20:10:20
[COLETOR] Ticks:   2,389 | 1.16248 @ 2026-09-03T20:10:21
[BOT] 1.1625 | Aguardando fechamento da vela... (candles ok: 139)
[COLETOR] Ticks:   2,390 | 1.16248 @ 2026-09-03T20:10:22
[BOT] 1.1625 | Aguardando fechamento da vela... (candles ok: 139)
[BOT] 1.1625 | Aguardando fechamento da vela... (candles ok: 139)
[COLETOR] Ticks:   2,391 | 1.16248 @ 2026-09-03T20:10:23
[BOT] 1.1625 | Aguardando fechamento da vela... (candles ok: 139)
[COLETOR] Ticks:   2,392 | 1.16248 @ 2026-09-03T20:10:24
[COLETOR] Ticks:   2,393 | 1.16248 @ 2026-09-03T20:10:25
[BOT] 1.1625 | Aguardando fechamento da vela... (candles ok: 139)
[BOT] 1.1625 | Aguardando fechamento da vela... (candles ok: 139)
[COLETOR] Ticks:   2,394 | 1.16248 @ 2026-09-03T20:10:26
[COLETOR] Ticks:   2,395 | 1.16248 @ 2026-09-03T20:10:27
[BOT] 1.1625 | Aguardando fechamento da vela... (candles ok: 139)
[BOT] 1.1625 | Aguardando fechamento da vela... (candles ok: 139)
[COLETOR] Ticks:   2,396 | 1.16248 @ 2026-09-03T20:10:28
[BOT] 1.1625 | Aguardando fechamento da vela... (candles ok: 139)
[COLETOR] Ticks:   2,397 | 1.16248 @ 2026-09-03T20:10:29
[BOT] 1.1625 | Aguardando fechamento da vela... (candles ok: 139)
[COLETOR] Ticks:   2,398 | 1.16248 @ 2026-09-03T20:10:30
[COLETOR] Ticks:   2,399 | 1.16248 @ 2026-09-03T20:10:31
[BOT] 1.1625 | Aguardando fechamento da vela... (candles ok: 139)
[COLETOR] Ticks:   2,400 | 1.16248 @ 2026-09-03T20:10:32
[BOT] 1.1625 | Aguardando fechamento da vela... (candles ok: 139)
[COLETOR] Ticks:   2,401 | 1.16248 @ 2026-09-03T20:10:33
[BOT] 1.1625 | Aguardando fechamento da vela... (candles ok: 139)
[COLETOR] Ticks:   2,402 | 1.16248 @ 2026-09-03T20:10:34
[BOT] 1.1625 | Aguardando fechamento da vela... (candles ok: 139)
[COLETOR] Ticks:   2,403 | 1.16248 @ 2026-09-03T20:10:35
[BOT] 1.1625 | Aguardando fechamento da vela... (candles ok: 139)
[BOT] 1.1625 | Aguardando fechamento da vela... (candles ok: 139)
[COLETOR] Ticks:   2,404 | 1.16249 @ 2026-09-03T20:10:36
[COLETOR] Ticks:   2,405 | 1.16249 @ 2026-09-03T20:10:37
[BOT] 1.1625 | Aguardando fechamento da vela... (candles ok: 139)
[BOT] 1.1625 | Aguardando fechamento da vela... (candles ok: 139)
[COLETOR] Ticks:   2,406 | 1.16248 @ 2026-09-03T20:10:38
[COLETOR] Ticks:   2,407 | 1.16247 @ 2026-09-03T20:10:39
[BOT] 1.1625 | Aguardando fechamento da vela... (candles ok: 139)
[BOT] 1.1625 | Aguardando fechamento da vela... (candles ok: 139)
[COLETOR] Ticks:   2,408 | 1.16247 @ 2026-09-03T20:10:40
[COLETOR] Ticks:   2,409 | 1.16247 @ 2026-09-03T20:10:41
[BOT] 1.1625 | Aguardando fechamento da vela... (candles ok: 139)
[BOT] 1.1625 | Aguardando fechamento da vela... (candles ok: 139)
[COLETOR] Ticks:   2,410 | 1.16247 @ 2026-09-03T20:10:42
[COLETOR] Ticks:   2,411 | 1.16247 @ 2026-09-03T20:10:43
[BOT] 1.1625 | Aguardando fechamento da vela... (candles ok: 139)
[BOT] 1.1625 | Aguardando fechamento da vela... (candles ok: 139)
[COLETOR] Ticks:   2,412 | 1.16247 @ 2026-09-03T20:10:44
[COLETOR] Ticks:   2,413 | 1.16247 @ 2026-09-03T20:10:45
[BOT] 1.1625 | Aguardando fechamento da vela... (candles ok: 139)
[BOT] 1.1625 | Aguardando fechamento da vela... (candles ok: 139)
[COLETOR] Ticks:   2,414 | 1.16247 @ 2026-09-03T20:10:46
[COLETOR] Ticks:   2,415 | 1.16247 @ 2026-09-03T20:10:47
[BOT] 1.1625 | Aguardando fechamento da vela... (candles ok: 139)
[BOT] 1.1625 | Aguardando fechamento da vela... (candles ok: 139)
[COLETOR] Ticks:   2,416 | 1.16247 @ 2026-09-03T20:10:48
[COLETOR] Ticks:   2,417 | 1.16247 @ 2026-09-03T20:10:49
[BOT] 1.1625 | Aguardando fechamento da vela... (candles ok: 139)
[BOT] 1.1625 | Aguardando fechamento da vela... (candles ok: 139)
[COLETOR] Ticks:   2,418 | 1.16247 @ 2026-09-03T20:10:50
[COLETOR] Ticks:   2,419 | 1.16247 @ 2026-09-03T20:10:51
[BOT] 1.1625 | Aguardando fechamento da vela... (candles ok: 139)
[COLETOR] Ticks:   2,420 | 1.16247 @ 2026-09-03T20:10:52
[BOT] 1.1625 | Aguardando fechamento da vela... (candles ok: 139)
[BOT] 1.1625 | Aguardando fechamento da vela... (candles ok: 139)
[COLETOR] Ticks:   2,421 | 1.16247 @ 2026-09-03T20:10:53
[BOT] 1.1625 | Aguardando fechamento da vela... (candles ok: 139)
[COLETOR] Ticks:   2,422 | 1.16247 @ 2026-09-03T20:10:54
[COLETOR] Ticks:   2,423 | 1.16247 @ 2026-09-03T20:10:55
[BOT] 1.1625 | Aguardando fechamento da vela... (candles ok: 139)
[BOT] 1.1625 | Aguardando fechamento da vela... (candles ok: 139)
[COLETOR] Ticks:   2,424 | 1.16247 @ 2026-09-03T20:10:56
[BOT] 1.1625 | Aguardando fechamento da vela... (candles ok: 139)
[COLETOR] Ticks:   2,425 | 1.16247 @ 2026-09-03T20:10:57
[COLETOR] Ticks:   2,426 | 1.16247 @ 2026-09-03T20:10:58
[BOT] 1.1625 | Aguardando fechamento da vela... (candles ok: 139)
[BOT] 1.1625 | Aguardando fechamento da vela... (candles ok: 139)
[COLETOR] Ticks:   2,427 | 1.16247 @ 2026-09-03T20:10:59
[COLETOR] Ticks:   2,428 | 1.16247 @ 2026-09-03T20:11:00
[TICK] 1.1625 | EMA9:1.1624 EMA21:1.1624 | RSI:55.6 ADX:34.6 MACD_H:+0.00002
[COLETOR] Ticks:   2,429 | 1.16247 @ 2026-09-03T20:11:01
[BOT] 1.1625 | Aguardando fechamento da vela... (candles ok: 140)
[BOT] 1.1625 | Aguardando fechamento da vela... (candles ok: 140)
[COLETOR] Ticks:   2,430 | 1.16247 @ 2026-09-03T20:11:02
[COLETOR] Ticks:   2,431 | 1.16247 @ 2026-09-03T20:11:03
[BOT] 1.1625 | Aguardando fechamento da vela... (candles ok: 140)
[BOT] 1.1625 | Aguardando fechamento da vela... (candles ok: 140)
[COLETOR] Ticks:   2,432 | 1.16247 @ 2026-09-03T20:11:04
[COLETOR] Ticks:   2,433 | 1.16247 @ 2026-09-03T20:11:05
[BOT] 1.1625 | Aguardando fechamento da vela... (candles ok: 140)
[COLETOR] Ticks:   2,434 | 1.16246 @ 2026-09-03T20:11:06
[BOT] 1.1625 | Aguardando fechamento da vela... (candles ok: 140)
[BOT] 1.1624 | Aguardando fechamento da vela... (candles ok: 140)
[COLETOR] Ticks:   2,435 | 1.16245 @ 2026-09-03T20:11:07
[BOT] 1.1624 | Aguardando fechamento da vela... (candles ok: 140)
[COLETOR] Ticks:   2,436 | 1.16245 @ 2026-09-03T20:11:08
[COLETOR] Ticks:   2,437 | 1.16245 @ 2026-09-03T20:11:09
[BOT] 1.1624 | Aguardando fechamento da vela... (candles ok: 140)
[BOT] 1.1624 | Aguardando fechamento da vela... (candles ok: 140)
[COLETOR] Ticks:   2,438 | 1.16244 @ 2026-09-03T20:11:10
[BOT] 1.1624 | Aguardando fechamento da vela... (candles ok: 140)
[COLETOR] Ticks:   2,439 | 1.16244 @ 2026-09-03T20:11:11
[COLETOR] Ticks:   2,440 | 1.16244 @ 2026-09-03T20:11:12
[BOT] 1.1624 | Aguardando fechamento da vela... (candles ok: 140)
[COLETOR] Ticks:   2,441 | 1.16244 @ 2026-09-03T20:11:13
[BOT] 1.1624 | Aguardando fechamento da vela... (candles ok: 140)
[COLETOR] Ticks:   2,442 | 1.16244 @ 2026-09-03T20:11:14
[BOT] 1.1624 | Aguardando fechamento da vela... (candles ok: 140)
[BOT] 1.1624 | Aguardando fechamento da vela... (candles ok: 140)
[COLETOR] Ticks:   2,443 | 1.16244 @ 2026-09-03T20:11:15
[COLETOR] Ticks:   2,444 | 1.16244 @ 2026-09-03T20:11:16
[BOT] 1.1624 | Aguardando fechamento da vela... (candles ok: 140)
[COLETOR] Ticks:   2,445 | 1.16244 @ 2026-09-03T20:11:17
[BOT] 1.1624 | Aguardando fechamento da vela... (candles ok: 140)
[BOT] 1.1624 | Aguardando fechamento da vela... (candles ok: 140)
[COLETOR] Ticks:   2,446 | 1.16244 @ 2026-09-03T20:11:18
[BOT] 1.1624 | Aguardando fechamento da vela... (candles ok: 140)
[COLETOR] Ticks:   2,447 | 1.16244 @ 2026-09-03T20:11:19
[BOT] 1.1624 | Aguardando fechamento da vela... (candles ok: 140)
[COLETOR] Ticks:   2,448 | 1.16244 @ 2026-09-03T20:11:20
[BOT] 1.1624 | Aguardando fechamento da vela... (candles ok: 140)
[COLETOR] Ticks:   2,449 | 1.16244 @ 2026-09-03T20:11:21
[BOT] 1.1624 | Aguardando fechamento da vela... (candles ok: 140)
[COLETOR] Ticks:   2,450 | 1.16244 @ 2026-09-03T20:11:22
[COLETOR] Ticks:   2,451 | 1.16244 @ 2026-09-03T20:11:23
[BOT] 1.1624 | Aguardando fechamento da vela... (candles ok: 140)
[BOT] 1.1624 | Aguardando fechamento da vela... (candles ok: 140)
[COLETOR] Ticks:   2,452 | 1.16244 @ 2026-09-03T20:11:24
[COLETOR] Ticks:   2,453 | 1.16244 @ 2026-09-03T20:11:25
[BOT] 1.1624 | Aguardando fechamento da vela... (candles ok: 140)
[BOT] 1.1624 | Aguardando fechamento da vela... (candles ok: 140)
[COLETOR] Ticks:   2,454 | 1.16244 @ 2026-09-03T20:11:26
[BOT] 1.1624 | Aguardando fechamento da vela... (candles ok: 140)
[COLETOR] Ticks:   2,455 | 1.16244 @ 2026-09-03T20:11:27
[COLETOR] Ticks:   2,456 | 1.16244 @ 2026-09-03T20:11:28
[BOT] 1.1624 | Aguardando fechamento da vela... (candles ok: 140)
[BOT] 1.1624 | Aguardando fechamento da vela... (candles ok: 140)
[COLETOR] Ticks:   2,457 | 1.16244 @ 2026-09-03T20:11:29
[BOT] 1.1624 | Aguardando fechamento da vela... (candles ok: 140)
[COLETOR] Ticks:   2,458 | 1.16245 @ 2026-09-03T20:11:30
[BOT] 1.1624 | Aguardando fechamento da vela... (candles ok: 140)
[COLETOR] Ticks:   2,459 | 1.16244 @ 2026-09-03T20:11:31
[BOT] 1.1624 | Aguardando fechamento da vela... (candles ok: 140)
[COLETOR] Ticks:   2,460 | 1.16245 @ 2026-09-03T20:11:32
[COLETOR] Ticks:   2,461 | 1.16245 @ 2026-09-03T20:11:33
[BOT] 1.1624 | Aguardando fechamento da vela... (candles ok: 140)
[BOT] 1.1624 | Aguardando fechamento da vela... (candles ok: 140)
[COLETOR] Ticks:   2,462 | 1.16245 @ 2026-09-03T20:11:34
[BOT] 1.1624 | Aguardando fechamento da vela... (candles ok: 140)
[COLETOR] Ticks:   2,463 | 1.16245 @ 2026-09-03T20:11:35
[BOT] 1.1624 | Aguardando fechamento da vela... (candles ok: 140)
[COLETOR] Ticks:   2,464 | 1.16245 @ 2026-09-03T20:11:36
[COLETOR] Ticks:   2,465 | 1.16245 @ 2026-09-03T20:11:37
[BOT] 1.1624 | Aguardando fechamento da vela... (candles ok: 140)
[COLETOR] Ticks:   2,466 | 1.16245 @ 2026-09-03T20:11:38
[BOT] 1.1624 | Aguardando fechamento da vela... (candles ok: 140)
[BOT] 1.1624 | Aguardando fechamento da vela... (candles ok: 140)
[COLETOR] Ticks:   2,467 | 1.16245 @ 2026-09-03T20:11:39
[BOT] 1.1624 | Aguardando fechamento da vela... (candles ok: 140)
[COLETOR] Ticks:   2,468 | 1.16245 @ 2026-09-03T20:11:40
[COLETOR] Ticks:   2,469 | 1.16245 @ 2026-09-03T20:11:41
[BOT] 1.1624 | Aguardando fechamento da vela... (candles ok: 140)
[COLETOR] Ticks:   2,470 | 1.16245 @ 2026-09-03T20:11:42
[BOT] 1.1624 | Aguardando fechamento da vela... (candles ok: 140)
[BOT] 1.1624 | Aguardando fechamento da vela... (candles ok: 140)
[COLETOR] Ticks:   2,471 | 1.16245 @ 2026-09-03T20:11:43
[BOT] 1.1624 | Aguardando fechamento da vela... (candles ok: 140)
[COLETOR] Ticks:   2,472 | 1.16245 @ 2026-09-03T20:11:44
[COLETOR] Ticks:   2,473 | 1.16245 @ 2026-09-03T20:11:45
[BOT] 1.1624 | Aguardando fechamento da vela... (candles ok: 140)
[BOT] 1.1624 | Aguardando fechamento da vela... (candles ok: 140)
[COLETOR] Ticks:   2,474 | 1.16245 @ 2026-09-03T20:11:46
[COLETOR] Ticks:   2,475 | 1.16245 @ 2026-09-03T20:11:47
[BOT] 1.1624 | Aguardando fechamento da vela... (candles ok: 140)
[BOT] 1.1624 | Aguardando fechamento da vela... (candles ok: 140)
[COLETOR] Ticks:   2,476 | 1.16245 @ 2026-09-03T20:11:48
[COLETOR] Ticks:   2,477 | 1.16245 @ 2026-09-03T20:11:49
[BOT] 1.1624 | Aguardando fechamento da vela... (candles ok: 140)
[BOT] 1.1624 | Aguardando fechamento da vela... (candles ok: 140)
[COLETOR] Ticks:   2,478 | 1.16245 @ 2026-09-03T20:11:50
[COLETOR] Ticks:   2,479 | 1.16245 @ 2026-09-03T20:11:51
[BOT] 1.1624 | Aguardando fechamento da vela... (candles ok: 140)
[COLETOR] Ticks:   2,480 | 1.16245 @ 2026-09-03T20:11:52
[BOT] 1.1624 | Aguardando fechamento da vela... (candles ok: 140)
[BOT] 1.1624 | Aguardando fechamento da vela... (candles ok: 140)
[COLETOR] Ticks:   2,481 | 1.16245 @ 2026-09-03T20:11:53
[BOT] 1.1625 | Aguardando fechamento da vela... (candles ok: 140)
[COLETOR] Ticks:   2,482 | 1.16246 @ 2026-09-03T20:11:54
[BOT] 1.1624 | Aguardando fechamento da vela... (candles ok: 140)
[COLETOR] Ticks:   2,483 | 1.16245 @ 2026-09-03T20:11:55
[BOT] 1.1624 | Aguardando fechamento da vela... (candles ok: 140)
[COLETOR] Ticks:   2,484 | 1.16245 @ 2026-09-03T20:11:56
[COLETOR] Ticks:   2,485 | 1.16245 @ 2026-09-03T20:11:57
[BOT] 1.1624 | Aguardando fechamento da vela... (candles ok: 140)
[COLETOR] Ticks:   2,486 | 1.16245 @ 2026-09-03T20:11:58
[BOT] 1.1624 | Aguardando fechamento da vela... (candles ok: 140)
[COLETOR] Ticks:   2,487 | 1.16245 @ 2026-09-03T20:11:59
[BOT] 1.1624 | Aguardando fechamento da vela... (candles ok: 140)
[TICK] 1.1625 | EMA9:1.1624 EMA21:1.1624 | RSI:52.6 ADX:32.4 MACD_H:+0.00002
[COLETOR] Ticks:   2,488 | 1.16246 @ 2026-09-03T20:12:00
[COLETOR] Ticks:   2,489 | 1.16245 @ 2026-09-03T20:12:01
[BOT] 1.1624 | Aguardando fechamento da vela... (candles ok: 141)
[BOT] 1.1625 | Aguardando fechamento da vela... (candles ok: 141)
[COLETOR] Ticks:   2,490 | 1.16246 @ 2026-09-03T20:12:02
[COLETOR] Ticks:   2,491 | 1.16246 @ 2026-09-03T20:12:03
[BOT] 1.1625 | Aguardando fechamento da vela... (candles ok: 141)
[BOT] 1.1625 | Aguardando fechamento da vela... (candles ok: 141)
[COLETOR] Ticks:   2,492 | 1.16246 @ 2026-09-03T20:12:04
[BOT] 1.1624 | Aguardando fechamento da vela... (candles ok: 141)
[COLETOR] Ticks:   2,493 | 1.16243 @ 2026-09-03T20:12:05
[COLETOR] Ticks:   2,494 | 1.1624 @ 2026-09-03T20:12:06
[BOT] 1.1624 | Aguardando fechamento da vela... (candles ok: 141)
[COLETOR] Ticks:   2,495 | 1.1624 @ 2026-09-03T20:12:07
[BOT] 1.1624 | Aguardando fechamento da vela... (candles ok: 141)
[COLETOR] Ticks:   2,496 | 1.1624 @ 2026-09-03T20:12:08
[BOT] 1.1624 | Aguardando fechamento da vela... (candles ok: 141)
[COLETOR] Ticks:   2,497 | 1.16241 @ 2026-09-03T20:12:09
[BOT] 1.1624 | Aguardando fechamento da vela... (candles ok: 141)
[BOT] 1.1624 | Aguardando fechamento da vela... (candles ok: 141)
[COLETOR] Ticks:   2,498 | 1.1624 @ 2026-09-03T20:12:10
[BOT] 1.1624 | Aguardando fechamento da vela... (candles ok: 141)
[COLETOR] Ticks:   2,499 | 1.1624 @ 2026-09-03T20:12:11
[BOT] 1.1624 | Aguardando fechamento da vela... (candles ok: 141)
[COLETOR] Ticks:   2,500 | 1.1624 @ 2026-09-03T20:12:12
[COLETOR] Ticks:   2,501 | 1.1624 @ 2026-09-03T20:12:13
[BOT] 1.1624 | Aguardando fechamento da vela... (candles ok: 141)
[BOT] 1.1624 | Aguardando fechamento da vela... (candles ok: 141)
[COLETOR] Ticks:   2,502 | 1.1624 @ 2026-09-03T20:12:14
[COLETOR] Ticks:   2,503 | 1.1624 @ 2026-09-03T20:12:15
[BOT] 1.1624 | Aguardando fechamento da vela... (candles ok: 141)
[COLETOR] Ticks:   2,504 | 1.1624 @ 2026-09-03T20:12:16
[BOT] 1.1624 | Aguardando fechamento da vela... (candles ok: 141)
[COLETOR] Ticks:   2,505 | 1.1624 @ 2026-09-03T20:12:17
[BOT] 1.1624 | Aguardando fechamento da vela... (candles ok: 141)
[BOT] 1.1624 | Aguardando fechamento da vela... (candles ok: 141)
[COLETOR] Ticks:   2,506 | 1.1624 @ 2026-09-03T20:12:18
[BOT] 1.1624 | Aguardando fechamento da vela... (candles ok: 141)
[COLETOR] Ticks:   2,507 | 1.1624 @ 2026-09-03T20:12:19
[COLETOR] Ticks:   2,508 | 1.1624 @ 2026-09-03T20:12:20
[BOT] 1.1624 | Aguardando fechamento da vela... (candles ok: 141)
[BOT] 1.1624 | Aguardando fechamento da vela... (candles ok: 141)
[COLETOR] Ticks:   2,509 | 1.1624 @ 2026-09-03T20:12:21
[BOT] 1.1624 | Aguardando fechamento da vela... (candles ok: 141)
[COLETOR] Ticks:   2,510 | 1.1624 @ 2026-09-03T20:12:22
[COLETOR] Ticks:   2,511 | 1.1624 @ 2026-09-03T20:12:23
[BOT] 1.1624 | Aguardando fechamento da vela... (candles ok: 141)
[BOT] 1.1624 | Aguardando fechamento da vela... (candles ok: 141)
[COLETOR] Ticks:   2,512 | 1.1624 @ 2026-09-03T20:12:24
[BOT] 1.1624 | Aguardando fechamento da vela... (candles ok: 141)
[COLETOR] Ticks:   2,513 | 1.1624 @ 2026-09-03T20:12:25
[BOT] 1.1624 | Aguardando fechamento da vela... (candles ok: 141)
[COLETOR] Ticks:   2,514 | 1.1624 @ 2026-09-03T20:12:26
[COLETOR] Ticks:   2,515 | 1.1624 @ 2026-09-03T20:12:27
[BOT] 1.1624 | Aguardando fechamento da vela... (candles ok: 141)
[BOT] 1.1624 | Aguardando fechamento da vela... (candles ok: 141)
[COLETOR] Ticks:   2,516 | 1.1624 @ 2026-09-03T20:12:28
[COLETOR] Ticks:   2,517 | 1.1624 @ 2026-09-03T20:12:29
[BOT] 1.1624 | Aguardando fechamento da vela... (candles ok: 141)
[BOT] 1.1624 | Aguardando fechamento da vela... (candles ok: 141)
[COLETOR] Ticks:   2,518 | 1.16239 @ 2026-09-03T20:12:30
[BOT] 1.1624 | Aguardando fechamento da vela... (candles ok: 141)
[COLETOR] Ticks:   2,519 | 1.16238 @ 2026-09-03T20:12:31
[BOT] 1.1624 | Aguardando fechamento da vela... (candles ok: 141)
[COLETOR] Ticks:   2,520 | 1.16238 @ 2026-09-03T20:12:32
[BOT] 1.1624 | Aguardando fechamento da vela... (candles ok: 141)
[COLETOR] Ticks:   2,521 | 1.16238 @ 2026-09-03T20:12:33
[BOT] 1.1624 | Aguardando fechamento da vela... (candles ok: 141)
[COLETOR] Ticks:   2,522 | 1.16238 @ 2026-09-03T20:12:34
[BOT] 1.1624 | Aguardando fechamento da vela... (candles ok: 141)
[COLETOR] Ticks:   2,523 | 1.16238 @ 2026-09-03T20:12:35
[BOT] 1.1624 | Aguardando fechamento da vela... (candles ok: 141)
[COLETOR] Ticks:   2,524 | 1.16237 @ 2026-09-03T20:12:36
[BOT] 1.1624 | Aguardando fechamento da vela... (candles ok: 141)
[COLETOR] Ticks:   2,525 | 1.16237 @ 2026-09-03T20:12:37
[BOT] 1.1624 | Aguardando fechamento da vela... (candles ok: 141)
[COLETOR] Ticks:   2,526 | 1.16237 @ 2026-09-03T20:12:38
[BOT] 1.1624 | Aguardando fechamento da vela... (candles ok: 141)
[COLETOR] Ticks:   2,527 | 1.16237 @ 2026-09-03T20:12:39
[BOT] 1.1624 | Aguardando fechamento da vela... (candles ok: 141)
[COLETOR] Ticks:   2,528 | 1.16237 @ 2026-09-03T20:12:40
[COLETOR] Ticks:   2,529 | 1.16237 @ 2026-09-03T20:12:41
[BOT] 1.1624 | Aguardando fechamento da vela... (candles ok: 141)
[COLETOR] Ticks:   2,530 | 1.16237 @ 2026-09-03T20:12:42
[BOT] 1.1624 | Aguardando fechamento da vela... (candles ok: 141)
[BOT] 1.1624 | Aguardando fechamento da vela... (candles ok: 141)
[COLETOR] Ticks:   2,531 | 1.16237 @ 2026-09-03T20:12:43
[COLETOR] Ticks:   2,532 | 1.16237 @ 2026-09-03T20:12:44
[BOT] 1.1624 | Aguardando fechamento da vela... (candles ok: 141)
[BOT] 1.1624 | Aguardando fechamento da vela... (candles ok: 141)
[COLETOR] Ticks:   2,533 | 1.16237 @ 2026-09-03T20:12:45
[BOT] 1.1624 | Aguardando fechamento da vela... (candles ok: 141)
[COLETOR] Ticks:   2,534 | 1.16237 @ 2026-09-03T20:12:46
[BOT] 1.1624 | Aguardando fechamento da vela... (candles ok: 141)
[COLETOR] Ticks:   2,535 | 1.16237 @ 2026-09-03T20:12:47
[BOT] 1.1624 | Aguardando fechamento da vela... (candles ok: 141)
[COLETOR] Ticks:   2,536 | 1.16236 @ 2026-09-03T20:12:48
[BOT] 1.1624 | Aguardando fechamento da vela... (candles ok: 141)
[COLETOR] Ticks:   2,537 | 1.16236 @ 2026-09-03T20:12:49
[BOT] 1.1624 | Aguardando fechamento da vela... (candles ok: 141)
[COLETOR] Ticks:   2,538 | 1.16237 @ 2026-09-03T20:12:50
[COLETOR] Ticks:   2,539 | 1.16237 @ 2026-09-03T20:12:51
[BOT] 1.1624 | Aguardando fechamento da vela... (candles ok: 141)
[BOT] 1.1624 | Aguardando fechamento da vela... (candles ok: 141)
[COLETOR] Ticks:   2,540 | 1.16237 @ 2026-09-03T20:12:52
[COLETOR] Ticks:   2,541 | 1.16237 @ 2026-09-03T20:12:53
[BOT] 1.1624 | Aguardando fechamento da vela... (candles ok: 141)
[BOT] 1.1624 | Aguardando fechamento da vela... (candles ok: 141)
[COLETOR] Ticks:   2,542 | 1.16237 @ 2026-09-03T20:12:54
[BOT] 1.1624 | Aguardando fechamento da vela... (candles ok: 141)
[COLETOR] Ticks:   2,543 | 1.16237 @ 2026-09-03T20:12:55
[BOT] 1.1624 | Aguardando fechamento da vela... (candles ok: 141)
[COLETOR] Ticks:   2,544 | 1.16236 @ 2026-09-03T20:12:56
[BOT] 1.1624 | Aguardando fechamento da vela... (candles ok: 141)
[COLETOR] Ticks:   2,545 | 1.16236 @ 2026-09-03T20:12:57
[BOT] 1.1624 | Aguardando fechamento da vela... (candles ok: 141)
[COLETOR] Ticks:   2,546 | 1.16236 @ 2026-09-03T20:12:58
[COLETOR] Ticks:   2,547 | 1.16236 @ 2026-09-03T20:12:59
[BOT] 1.1624 | Aguardando fechamento da vela... (candles ok: 141)
[TICK] 1.1624 | EMA9:1.1624 EMA21:1.1624 | RSI:41.6 ADX:31.9 MACD_H:+0.00001
[COLETOR] Ticks:   2,548 | 1.16236 @ 2026-09-03T20:13:00
[BOT] 1.1624 | Aguardando fechamento da vela... (candles ok: 142)
[COLETOR] Ticks:   2,549 | 1.16236 @ 2026-09-03T20:13:01
[BOT] 1.1624 | Aguardando fechamento da vela... (candles ok: 142)
[COLETOR] Ticks:   2,550 | 1.16237 @ 2026-09-03T20:13:02
[COLETOR] Ticks:   2,551 | 1.16236 @ 2026-09-03T20:13:03
[BOT] 1.1624 | Aguardando fechamento da vela... (candles ok: 142)
[BOT] 1.1624 | Aguardando fechamento da vela... (candles ok: 142)
[COLETOR] Ticks:   2,552 | 1.16237 @ 2026-09-03T20:13:04
[COLETOR] Ticks:   2,553 | 1.16237 @ 2026-09-03T20:13:05
[BOT] 1.1624 | Aguardando fechamento da vela... (candles ok: 142)
[BOT] 1.1624 | Aguardando fechamento da vela... (candles ok: 142)
[COLETOR] Ticks:   2,554 | 1.16237 @ 2026-09-03T20:13:06
[BOT] 1.1624 | Aguardando fechamento da vela... (candles ok: 142)
[COLETOR] Ticks:   2,555 | 1.16237 @ 2026-09-03T20:13:07
[BOT] 1.1624 | Aguardando fechamento da vela... (candles ok: 142)
[COLETOR] Ticks:   2,556 | 1.16237 @ 2026-09-03T20:13:08
[COLETOR] Ticks:   2,557 | 1.16237 @ 2026-09-03T20:13:09
[BOT] 1.1624 | Aguardando fechamento da vela... (candles ok: 142)
[COLETOR] Ticks:   2,558 | 1.16237 @ 2026-09-03T20:13:10
[BOT] 1.1624 | Aguardando fechamento da vela... (candles ok: 142)
[BOT] 1.1624 | Aguardando fechamento da vela... (candles ok: 142)
[COLETOR] Ticks:   2,559 | 1.16237 @ 2026-09-03T20:13:11
[BOT] 1.1624 | Aguardando fechamento da vela... (candles ok: 142)
[COLETOR] Ticks:   2,560 | 1.16237 @ 2026-09-03T20:13:12
[BOT] 1.1624 | Aguardando fechamento da vela... (candles ok: 142)
[COLETOR] Ticks:   2,561 | 1.16237 @ 2026-09-03T20:13:13
[BOT] 1.1624 | Aguardando fechamento da vela... (candles ok: 142)
[COLETOR] Ticks:   2,562 | 1.16237 @ 2026-09-03T20:13:14
[BOT] 1.1624 | Aguardando fechamento da vela... (candles ok: 142)
[COLETOR] Ticks:   2,563 | 1.16237 @ 2026-09-03T20:13:15
[COLETOR] Ticks:   2,564 | 1.16237 @ 2026-09-03T20:13:16
[BOT] 1.1624 | Aguardando fechamento da vela... (candles ok: 142)
[BOT] 1.1624 | Aguardando fechamento da vela... (candles ok: 142)
[COLETOR] Ticks:   2,565 | 1.16236 @ 2026-09-03T20:13:17
[BOT] 1.1624 | Aguardando fechamento da vela... (candles ok: 142)
[COLETOR] Ticks:   2,566 | 1.16236 @ 2026-09-03T20:13:18
[BOT] 1.1624 | Aguardando fechamento da vela... (candles ok: 142)
[COLETOR] Ticks:   2,567 | 1.16236 @ 2026-09-03T20:13:19
[BOT] 1.1624 | Aguardando fechamento da vela... (candles ok: 142)
[COLETOR] Ticks:   2,568 | 1.16236 @ 2026-09-03T20:13:20
[BOT] 1.1624 | Aguardando fechamento da vela... (candles ok: 142)
[COLETOR] Ticks:   2,569 | 1.16236 @ 2026-09-03T20:13:21
[BOT] 1.1624 | Aguardando fechamento da vela... (candles ok: 142)
[COLETOR] Ticks:   2,570 | 1.16236 @ 2026-09-03T20:13:22
[COLETOR] Ticks:   2,571 | 1.16236 @ 2026-09-03T20:13:23
[BOT] 1.1624 | Aguardando fechamento da vela... (candles ok: 142)
[BOT] 1.1624 | Aguardando fechamento da vela... (candles ok: 142)
[COLETOR] Ticks:   2,572 | 1.16236 @ 2026-09-03T20:13:24
[COLETOR] Ticks:   2,573 | 1.16238 @ 2026-09-03T20:13:25
[BOT] 1.1624 | Aguardando fechamento da vela... (candles ok: 142)
[BOT] 1.1624 | Aguardando fechamento da vela... (candles ok: 142)
[COLETOR] Ticks:   2,574 | 1.16238 @ 2026-09-03T20:13:26
[BOT] 1.1624 | Aguardando fechamento da vela... (candles ok: 142)
[COLETOR] Ticks:   2,575 | 1.16238 @ 2026-09-03T20:13:27
[COLETOR] Ticks:   2,576 | 1.16238 @ 2026-09-03T20:13:28
[BOT] 1.1624 | Aguardando fechamento da vela... (candles ok: 142)
[COLETOR] Ticks:   2,577 | 1.16238 @ 2026-09-03T20:13:29
[BOT] 1.1624 | Aguardando fechamento da vela... (candles ok: 142)
[BOT] 1.1624 | Aguardando fechamento da vela... (candles ok: 142)
[COLETOR] Ticks:   2,578 | 1.16238 @ 2026-09-03T20:13:30
[BOT] 1.1624 | Aguardando fechamento da vela... (candles ok: 142)
[COLETOR] Ticks:   2,579 | 1.1624 @ 2026-09-03T20:13:31
[BOT] 1.1624 | Aguardando fechamento da vela... (candles ok: 142)
[COLETOR] Ticks:   2,580 | 1.1624 @ 2026-09-03T20:13:32
[BOT] 1.1624 | Aguardando fechamento da vela... (candles ok: 142)
[COLETOR] Ticks:   2,581 | 1.1624 @ 2026-09-03T20:13:33
[BOT] 1.1624 | Aguardando fechamento da vela... (candles ok: 142)
[COLETOR] Ticks:   2,582 | 1.16241 @ 2026-09-03T20:13:34
[BOT] 1.1624 | Aguardando fechamento da vela... (candles ok: 142)
[COLETOR] Ticks:   2,583 | 1.1624 @ 2026-09-03T20:13:35
[BOT] 1.1624 | Aguardando fechamento da vela... (candles ok: 142)
[COLETOR] Ticks:   2,584 | 1.16241 @ 2026-09-03T20:13:36
[BOT] 1.1624 | Aguardando fechamento da vela... (candles ok: 142)
[COLETOR] Ticks:   2,585 | 1.1624 @ 2026-09-03T20:13:37
[BOT] 1.1624 | Aguardando fechamento da vela... (candles ok: 142)
[COLETOR] Ticks:   2,586 | 1.1624 @ 2026-09-03T20:13:38
[BOT] 1.1624 | Aguardando fechamento da vela... (candles ok: 142)
[COLETOR] Ticks:   2,587 | 1.1624 @ 2026-09-03T20:13:39
[BOT] 1.1624 | Aguardando fechamento da vela... (candles ok: 142)
[COLETOR] Ticks:   2,588 | 1.16239 @ 2026-09-03T20:13:40
[BOT] 1.1624 | Aguardando fechamento da vela... (candles ok: 142)
[COLETOR] Ticks:   2,589 | 1.16239 @ 2026-09-03T20:13:41
[BOT] 1.1624 | Aguardando fechamento da vela... (candles ok: 142)
[COLETOR] Ticks:   2,590 | 1.16239 @ 2026-09-03T20:13:42
[BOT] 1.1624 | Aguardando fechamento da vela... (candles ok: 142)
[COLETOR] Ticks:   2,591 | 1.16239 @ 2026-09-03T20:13:43
[BOT] 1.1624 | Aguardando fechamento da vela... (candles ok: 142)
[COLETOR] Ticks:   2,592 | 1.16239 @ 2026-09-03T20:13:44
[COLETOR] Ticks:   2,593 | 1.16239 @ 2026-09-03T20:13:45
[BOT] 1.1624 | Aguardando fechamento da vela... (candles ok: 142)
[BOT] 1.1624 | Aguardando fechamento da vela... (candles ok: 142)
[COLETOR] Ticks:   2,594 | 1.16238 @ 2026-09-03T20:13:46
[BOT] 1.1624 | Aguardando fechamento da vela... (candles ok: 142)
[COLETOR] Ticks:   2,595 | 1.16238 @ 2026-09-03T20:13:47
[BOT] 1.1624 | Aguardando fechamento da vela... (candles ok: 142)
[COLETOR] Ticks:   2,596 | 1.16238 @ 2026-09-03T20:13:48
[COLETOR] Ticks:   2,597 | 1.16238 @ 2026-09-03T20:13:49
[BOT] 1.1624 | Aguardando fechamento da vela... (candles ok: 142)
[BOT] 1.1624 | Aguardando fechamento da vela... (candles ok: 142)
[COLETOR] Ticks:   2,598 | 1.16238 @ 2026-09-03T20:13:50
[BOT] 1.1624 | Aguardando fechamento da vela... (candles ok: 142)
[COLETOR] Ticks:   2,599 | 1.16238 @ 2026-09-03T20:13:51
[COLETOR] Ticks:   2,600 | 1.16238 @ 2026-09-03T20:13:52
[BOT] 1.1624 | Aguardando fechamento da vela... (candles ok: 142)
[COLETOR] Ticks:   2,601 | 1.16238 @ 2026-09-03T20:13:53
[BOT] 1.1624 | Aguardando fechamento da vela... (candles ok: 142)
[BOT] 1.1624 | Aguardando fechamento da vela... (candles ok: 142)
[COLETOR] Ticks:   2,602 | 1.16238 @ 2026-09-03T20:13:54
[BOT] 1.1624 | Aguardando fechamento da vela... (candles ok: 142)
[COLETOR] Ticks:   2,603 | 1.16238 @ 2026-09-03T20:13:55
[BOT] 1.1624 | Aguardando fechamento da vela... (candles ok: 142)
[COLETOR] Ticks:   2,604 | 1.16238 @ 2026-09-03T20:13:56
[BOT] 1.1624 | Aguardando fechamento da vela... (candles ok: 142)
[COLETOR] Ticks:   2,605 | 1.16238 @ 2026-09-03T20:13:57
[BOT] 1.1624 | Aguardando fechamento da vela... (candles ok: 142)
[COLETOR] Ticks:   2,606 | 1.16238 @ 2026-09-03T20:13:58
[COLETOR] Ticks:   2,607 | 1.16238 @ 2026-09-03T20:13:59
[BOT] 1.1624 | Aguardando fechamento da vela... (candles ok: 142)
[COLETOR] Ticks:   2,608 | 1.16238 @ 2026-09-03T20:14:00
[TICK] 1.1624 | EMA9:1.1624 EMA21:1.1624 | RSI:44.4 ADX:31.6 MACD_H:+0.00001
[BOT] 1.1624 | Aguardando fechamento da vela... (candles ok: 143)
[COLETOR] Ticks:   2,609 | 1.16239 @ 2026-09-03T20:14:01
[BOT] 1.1624 | Aguardando fechamento da vela... (candles ok: 143)
[COLETOR] Ticks:   2,610 | 1.16239 @ 2026-09-03T20:14:02
[BOT] 1.1624 | Aguardando fechamento da vela... (candles ok: 143)
[COLETOR] Ticks:   2,611 | 1.16239 @ 2026-09-03T20:14:03
[COLETOR] Ticks:   2,612 | 1.16239 @ 2026-09-03T20:14:04
[BOT] 1.1624 | Aguardando fechamento da vela... (candles ok: 143)
[COLETOR] Ticks:   2,613 | 1.16239 @ 2026-09-03T20:14:05
[BOT] 1.1624 | Aguardando fechamento da vela... (candles ok: 143)
[COLETOR] Ticks:   2,614 | 1.16239 @ 2026-09-03T20:14:06
[BOT] 1.1624 | Aguardando fechamento da vela... (candles ok: 143)
[BOT] 1.1624 | Aguardando fechamento da vela... (candles ok: 143)
[COLETOR] Ticks:   2,615 | 1.16239 @ 2026-09-03T20:14:07
[BOT] 1.1624 | Aguardando fechamento da vela... (candles ok: 143)
[COLETOR] Ticks:   2,616 | 1.16239 @ 2026-09-03T20:14:08
[COLETOR] Ticks:   2,617 | 1.16239 @ 2026-09-03T20:14:09
[BOT] 1.1624 | Aguardando fechamento da vela... (candles ok: 143)
[BOT] 1.1624 | Aguardando fechamento da vela... (candles ok: 143)
[COLETOR] Ticks:   2,618 | 1.16239 @ 2026-09-03T20:14:10
[COLETOR] Ticks:   2,619 | 1.1624 @ 2026-09-03T20:14:11
[BOT] 1.1624 | Aguardando fechamento da vela... (candles ok: 143)
[BOT] 1.1624 | Aguardando fechamento da vela... (candles ok: 143)
[COLETOR] Ticks:   2,620 | 1.16239 @ 2026-09-03T20:14:12
[COLETOR] Ticks:   2,621 | 1.16239 @ 2026-09-03T20:14:13
[BOT] 1.1624 | Aguardando fechamento da vela... (candles ok: 143)
[BOT] 1.1624 | Aguardando fechamento da vela... (candles ok: 143)
[COLETOR] Ticks:   2,622 | 1.16239 @ 2026-09-03T20:14:14
[COLETOR] Ticks:   2,623 | 1.16239 @ 2026-09-03T20:14:15
[BOT] 1.1624 | Aguardando fechamento da vela... (candles ok: 143)
[BOT] 1.1624 | Aguardando fechamento da vela... (candles ok: 143)
[COLETOR] Ticks:   2,624 | 1.16239 @ 2026-09-03T20:14:16
[COLETOR] Ticks:   2,625 | 1.16239 @ 2026-09-03T20:14:17
[BOT] 1.1624 | Aguardando fechamento da vela... (candles ok: 143)
[BOT] 1.1624 | Aguardando fechamento da vela... (candles ok: 143)
[COLETOR] Ticks:   2,626 | 1.16239 @ 2026-09-03T20:14:18
[BOT] 1.1624 | Aguardando fechamento da vela... (candles ok: 143)
[COLETOR] Ticks:   2,627 | 1.16239 @ 2026-09-03T20:14:19
[BOT] 1.1624 | Aguardando fechamento da vela... (candles ok: 143)
[COLETOR] Ticks:   2,628 | 1.1624 @ 2026-09-03T20:14:20
[COLETOR] Ticks:   2,629 | 1.16239 @ 2026-09-03T20:14:21
[BOT] 1.1624 | Aguardando fechamento da vela... (candles ok: 143)
[BOT] 1.1624 | Aguardando fechamento da vela... (candles ok: 143)
[COLETOR] Ticks:   2,630 | 1.16239 @ 2026-09-03T20:14:22
[COLETOR] Ticks:   2,631 | 1.16239 @ 2026-09-03T20:14:23
[BOT] 1.1624 | Aguardando fechamento da vela... (candles ok: 143)
[BOT] 1.1624 | Aguardando fechamento da vela... (candles ok: 143)
[COLETOR] Ticks:   2,632 | 1.1624 @ 2026-09-03T20:14:24
[COLETOR] Ticks:   2,633 | 1.1624 @ 2026-09-03T20:14:25
[BOT] 1.1624 | Aguardando fechamento da vela... (candles ok: 143)
[BOT] 1.1624 | Aguardando fechamento da vela... (candles ok: 143)
[COLETOR] Ticks:   2,634 | 1.1624 @ 2026-09-03T20:14:26
[BOT] 1.1624 | Aguardando fechamento da vela... (candles ok: 143)
[COLETOR] Ticks:   2,635 | 1.1624 @ 2026-09-03T20:14:27
[BOT] 1.1624 | Aguardando fechamento da vela... (candles ok: 143)
[COLETOR] Ticks:   2,636 | 1.1624 @ 2026-09-03T20:14:28
[BOT] 1.1624 | Aguardando fechamento da vela... (candles ok: 143)
[COLETOR] Ticks:   2,637 | 1.1624 @ 2026-09-03T20:14:29
[BOT] 1.1624 | Aguardando fechamento da vela... (candles ok: 143)
[COLETOR] Ticks:   2,638 | 1.1624 @ 2026-09-03T20:14:30
[COLETOR] Ticks:   2,639 | 1.1624 @ 2026-09-03T20:14:31
[BOT] 1.1624 | Aguardando fechamento da vela... (candles ok: 143)
[BOT] 1.1624 | Aguardando fechamento da vela... (candles ok: 143)
[COLETOR] Ticks:   2,640 | 1.1624 @ 2026-09-03T20:14:32
[BOT] 1.1624 | Aguardando fechamento da vela... (candles ok: 143)
[COLETOR] Ticks:   2,641 | 1.1624 @ 2026-09-03T20:14:33
[COLETOR] Ticks:   2,642 | 1.1624 @ 2026-09-03T20:14:34
[BOT] 1.1624 | Aguardando fechamento da vela... (candles ok: 143)
[COLETOR] Ticks:   2,643 | 1.16239 @ 2026-09-03T20:14:35
[BOT] 1.1624 | Aguardando fechamento da vela... (candles ok: 143)
[COLETOR] Ticks:   2,644 | 1.16239 @ 2026-09-03T20:14:36
[BOT] 1.1624 | Aguardando fechamento da vela... (candles ok: 143)
[COLETOR] Ticks:   2,645 | 1.16239 @ 2026-09-03T20:14:37
[BOT] 1.1624 | Aguardando fechamento da vela... (candles ok: 143)
[BOT] 1.1624 | Aguardando fechamento da vela... (candles ok: 143)
[COLETOR] Ticks:   2,646 | 1.16239 @ 2026-09-03T20:14:38
[BOT] 1.1624 | Aguardando fechamento da vela... (candles ok: 143)
[COLETOR] Ticks:   2,647 | 1.16239 @ 2026-09-03T20:14:39
[COLETOR] Ticks:   2,648 | 1.16239 @ 2026-09-03T20:14:40
[BOT] 1.1624 | Aguardando fechamento da vela... (candles ok: 143)
[BOT] 1.1624 | Aguardando fechamento da vela... (candles ok: 143)
[COLETOR] Ticks:   2,649 | 1.1624 @ 2026-09-03T20:14:41
[BOT] 1.1624 | Aguardando fechamento da vela... (candles ok: 143)
[COLETOR] Ticks:   2,650 | 1.1624 @ 2026-09-03T20:14:42
[BOT] 1.1624 | Aguardando fechamento da vela... (candles ok: 143)
[COLETOR] Ticks:   2,651 | 1.1624 @ 2026-09-03T20:14:43
[BOT] 1.1624 | Aguardando fechamento da vela... (candles ok: 143)
[COLETOR] Ticks:   2,652 | 1.1624 @ 2026-09-03T20:14:44
[BOT] 1.1624 | Aguardando fechamento da vela... (candles ok: 143)
[COLETOR] Ticks:   2,653 | 1.1624 @ 2026-09-03T20:14:45
[BOT] 1.1624 | Aguardando fechamento da vela... (candles ok: 143)
[COLETOR] Ticks:   2,654 | 1.1624 @ 2026-09-03T20:14:46
[BOT] 1.1624 | Aguardando fechamento da vela... (candles ok: 143)
[COLETOR] Ticks:   2,655 | 1.1624 @ 2026-09-03T20:14:47
[BOT] 1.1624 | Aguardando fechamento da vela... (candles ok: 143)
[COLETOR] Ticks:   2,656 | 1.1624 @ 2026-09-03T20:14:48
[COLETOR] Ticks:   2,657 | 1.16241 @ 2026-09-03T20:14:49
[BOT] 1.1624 | Aguardando fechamento da vela... (candles ok: 143)
[BOT] 1.1624 | Aguardando fechamento da vela... (candles ok: 143)
[COLETOR] Ticks:   2,658 | 1.1624 @ 2026-09-03T20:14:50
[COLETOR] Ticks:   2,659 | 1.1624 @ 2026-09-03T20:14:51
[BOT] 1.1624 | Aguardando fechamento da vela... (candles ok: 143)
[BOT] 1.1624 | Aguardando fechamento da vela... (candles ok: 143)
[COLETOR] Ticks:   2,660 | 1.1624 @ 2026-09-03T20:14:52
[BOT] 1.1624 | Aguardando fechamento da vela... (candles ok: 143)
[COLETOR] Ticks:   2,661 | 1.1624 @ 2026-09-03T20:14:53
[BOT] 1.1624 | Aguardando fechamento da vela... (candles ok: 143)
[COLETOR] Ticks:   2,662 | 1.1624 @ 2026-09-03T20:14:54
[COLETOR] Ticks:   2,663 | 1.1624 @ 2026-09-03T20:14:55
[BOT] 1.1624 | Aguardando fechamento da vela... (candles ok: 143)
[BOT] 1.1624 | Aguardando fechamento da vela... (candles ok: 143)
[COLETOR] Ticks:   2,664 | 1.1624 @ 2026-09-03T20:14:56
[BOT] 1.1624 | Aguardando fechamento da vela... (candles ok: 143)
[COLETOR] Ticks:   2,665 | 1.1624 @ 2026-09-03T20:14:57
[BOT] 1.1624 | Aguardando fechamento da vela... (candles ok: 143)
[COLETOR] Ticks:   2,666 | 1.16241 @ 2026-09-03T20:14:58
[BOT] 1.1624 | Aguardando fechamento da vela... (candles ok: 143)
[COLETOR] Ticks:   2,667 | 1.1624 @ 2026-09-03T20:14:59
[TICK] 1.1624 | EMA9:1.1624 EMA21:1.1624 | RSI:47.1 ADX:30.6 MACD_H:+0.00001
[COLETOR] Ticks:   2,668 | 1.16239 @ 2026-09-03T20:15:00
[COLETOR] Ticks:   2,669 | 1.16239 @ 2026-09-03T20:15:01
[BOT] 1.1624 | Aguardando fechamento da vela... (candles ok: 144)
[BOT] 1.1624 | Aguardando fechamento da vela... (candles ok: 144)
[COLETOR] Ticks:   2,670 | 1.16239 @ 2026-09-03T20:15:02
[BOT] 1.1624 | Aguardando fechamento da vela... (candles ok: 144)
[COLETOR] Ticks:   2,671 | 1.16239 @ 2026-09-03T20:15:03
[BOT] 1.1624 | Aguardando fechamento da vela... (candles ok: 144)
[COLETOR] Ticks:   2,672 | 1.16239 @ 2026-09-03T20:15:04
[BOT] 1.1624 | Aguardando fechamento da vela... (candles ok: 144)
[COLETOR] Ticks:   2,673 | 1.16239 @ 2026-09-03T20:15:05
[BOT] 1.1624 | Aguardando fechamento da vela... (candles ok: 144)
[COLETOR] Ticks:   2,674 | 1.16239 @ 2026-09-03T20:15:06
[BOT] 1.1624 | Aguardando fechamento da vela... (candles ok: 144)
[COLETOR] Ticks:   2,675 | 1.1624 @ 2026-09-03T20:15:07
[COLETOR] Ticks:   2,676 | 1.1624 @ 2026-09-03T20:15:08
[BOT] 1.1624 | Aguardando fechamento da vela... (candles ok: 144)
[BOT] 1.1624 | Aguardando fechamento da vela... (candles ok: 144)
[COLETOR] Ticks:   2,677 | 1.16239 @ 2026-09-03T20:15:09
[BOT] 1.1624 | Aguardando fechamento da vela... (candles ok: 144)
[COLETOR] Ticks:   2,678 | 1.16239 @ 2026-09-03T20:15:10
[BOT] 1.1624 | Aguardando fechamento da vela... (candles ok: 144)
[COLETOR] Ticks:   2,679 | 1.16239 @ 2026-09-03T20:15:11
[BOT] 1.1624 | Aguardando fechamento da vela... (candles ok: 144)
[COLETOR] Ticks:   2,680 | 1.1624 @ 2026-09-03T20:15:12
[BOT] 1.1624 | Aguardando fechamento da vela... (candles ok: 144)
[COLETOR] Ticks:   2,681 | 1.1624 @ 2026-09-03T20:15:13
[BOT] 1.1624 | Aguardando fechamento da vela... (candles ok: 144)
[COLETOR] Ticks:   2,682 | 1.1624 @ 2026-09-03T20:15:14
[BOT] 1.1624 | Aguardando fechamento da vela... (candles ok: 144)
[COLETOR] Ticks:   2,683 | 1.1624 @ 2026-09-03T20:15:15
[BOT] 1.1624 | Aguardando fechamento da vela... (candles ok: 144)
[COLETOR] Ticks:   2,684 | 1.1624 @ 2026-09-03T20:15:16
[BOT] 1.1624 | Aguardando fechamento da vela... (candles ok: 144)
[COLETOR] Ticks:   2,685 | 1.1624 @ 2026-09-03T20:15:17
[BOT] 1.1624 | Aguardando fechamento da vela... (candles ok: 144)
[COLETOR] Ticks:   2,686 | 1.16241 @ 2026-09-03T20:15:18
[BOT] 1.1624 | Aguardando fechamento da vela... (candles ok: 144)
[COLETOR] Ticks:   2,687 | 1.1624 @ 2026-09-03T20:15:19
[BOT] 1.1624 | Aguardando fechamento da vela... (candles ok: 144)
[COLETOR] Ticks:   2,688 | 1.1624 @ 2026-09-03T20:15:20
[COLETOR] Ticks:   2,689 | 1.16241 @ 2026-09-03T20:15:21
[BOT] 1.1624 | Aguardando fechamento da vela... (candles ok: 144)
[BOT] 1.1624 | Aguardando fechamento da vela... (candles ok: 144)
[COLETOR] Ticks:   2,690 | 1.16241 @ 2026-09-03T20:15:22
[BOT] 1.1624 | Aguardando fechamento da vela... (candles ok: 144)
[COLETOR] Ticks:   2,691 | 1.16241 @ 2026-09-03T20:15:23
[BOT] 1.1624 | Aguardando fechamento da vela... (candles ok: 144)
[COLETOR] Ticks:   2,692 | 1.1624 @ 2026-09-03T20:15:24
[BOT] 1.1624 | Aguardando fechamento da vela... (candles ok: 144)
[COLETOR] Ticks:   2,693 | 1.16241 @ 2026-09-03T20:15:25
[BOT] 1.1624 | Aguardando fechamento da vela... (candles ok: 144)
[COLETOR] Ticks:   2,694 | 1.16241 @ 2026-09-03T20:15:26
[BOT] 1.1624 | Aguardando fechamento da vela... (candles ok: 144)
[COLETOR] Ticks:   2,695 | 1.16241 @ 2026-09-03T20:15:27
[BOT] 1.1624 | Aguardando fechamento da vela... (candles ok: 144)
[COLETOR] Ticks:   2,696 | 1.16241 @ 2026-09-03T20:15:28
[BOT] 1.1624 | Aguardando fechamento da vela... (candles ok: 144)
[COLETOR] Ticks:   2,697 | 1.16241 @ 2026-09-03T20:15:29
[BOT] 1.1624 | Aguardando fechamento da vela... (candles ok: 144)
[COLETOR] Ticks:   2,698 | 1.16241 @ 2026-09-03T20:15:30
[BOT] 1.1624 | Aguardando fechamento da vela... (candles ok: 144)
[COLETOR] Ticks:   2,699 | 1.16241 @ 2026-09-03T20:15:31
[BOT] 1.1624 | Aguardando fechamento da vela... (candles ok: 144)
[COLETOR] Ticks:   2,700 | 1.16241 @ 2026-09-03T20:15:32
[BOT] 1.1624 | Aguardando fechamento da vela... (candles ok: 144)
[COLETOR] Ticks:   2,701 | 1.16241 @ 2026-09-03T20:15:33
[BOT] 1.1624 | Aguardando fechamento da vela... (candles ok: 144)
[COLETOR] Ticks:   2,702 | 1.16241 @ 2026-09-03T20:15:34
[BOT] 1.1624 | Aguardando fechamento da vela... (candles ok: 144)
[COLETOR] Ticks:   2,703 | 1.16241 @ 2026-09-03T20:15:35
[BOT] 1.1624 | Aguardando fechamento da vela... (candles ok: 144)
[COLETOR] Ticks:   2,704 | 1.16241 @ 2026-09-03T20:15:36
[BOT] 1.1624 | Aguardando fechamento da vela... (candles ok: 144)
[COLETOR] Ticks:   2,705 | 1.16241 @ 2026-09-03T20:15:37
[COLETOR] Ticks:   2,706 | 1.16241 @ 2026-09-03T20:15:38
[BOT] 1.1624 | Aguardando fechamento da vela... (candles ok: 144)
[BOT] 1.1624 | Aguardando fechamento da vela... (candles ok: 144)
[COLETOR] Ticks:   2,707 | 1.16241 @ 2026-09-03T20:15:39
[BOT] 1.1624 | Aguardando fechamento da vela... (candles ok: 144)
[COLETOR] Ticks:   2,708 | 1.16241 @ 2026-09-03T20:15:40
[BOT] 1.1624 | Aguardando fechamento da vela... (candles ok: 144)
[COLETOR] Ticks:   2,709 | 1.16241 @ 2026-09-03T20:15:41
[BOT] 1.1624 | Aguardando fechamento da vela... (candles ok: 144)
[COLETOR] Ticks:   2,710 | 1.16241 @ 2026-09-03T20:15:42
[BOT] 1.1624 | Aguardando fechamento da vela... (candles ok: 144)
[COLETOR] Ticks:   2,711 | 1.16241 @ 2026-09-03T20:15:43
[BOT] 1.1624 | Aguardando fechamento da vela... (candles ok: 144)
[COLETOR] Ticks:   2,712 | 1.16241 @ 2026-09-03T20:15:44
[BOT] 1.1624 | Aguardando fechamento da vela... (candles ok: 144)
[COLETOR] Ticks:   2,713 | 1.16241 @ 2026-09-03T20:15:45
[BOT] 1.1624 | Aguardando fechamento da vela... (candles ok: 144)
[COLETOR] Ticks:   2,714 | 1.16241 @ 2026-09-03T20:15:46
[BOT] 1.1624 | Aguardando fechamento da vela... (candles ok: 144)
[COLETOR] Ticks:   2,715 | 1.16241 @ 2026-09-03T20:15:47
[BOT] 1.1624 | Aguardando fechamento da vela... (candles ok: 144)
[COLETOR] Ticks:   2,716 | 1.16241 @ 2026-09-03T20:15:48
[BOT] 1.1624 | Aguardando fechamento da vela... (candles ok: 144)
[COLETOR] Ticks:   2,717 | 1.16241 @ 2026-09-03T20:15:49
[BOT] 1.1624 | Aguardando fechamento da vela... (candles ok: 144)
[COLETOR] Ticks:   2,718 | 1.16241 @ 2026-09-03T20:15:50
[BOT] 1.1624 | Aguardando fechamento da vela... (candles ok: 144)
[COLETOR] Ticks:   2,719 | 1.16241 @ 2026-09-03T20:15:51
[BOT] 1.1624 | Aguardando fechamento da vela... (candles ok: 144)
[COLETOR] Ticks:   2,720 | 1.16241 @ 2026-09-03T20:15:52
[BOT] 1.1624 | Aguardando fechamento da vela... (candles ok: 144)
[COLETOR] Ticks:   2,721 | 1.16241 @ 2026-09-03T20:15:53
[BOT] 1.1624 | Aguardando fechamento da vela... (candles ok: 144)
[COLETOR] Ticks:   2,722 | 1.16241 @ 2026-09-03T20:15:54
[BOT] 1.1624 | Aguardando fechamento da vela... (candles ok: 144)
[COLETOR] Ticks:   2,723 | 1.16241 @ 2026-09-03T20:15:55
[BOT] 1.1624 | Aguardando fechamento da vela... (candles ok: 144)
[COLETOR] Ticks:   2,724 | 1.16241 @ 2026-09-03T20:15:56
[BOT] 1.1624 | Aguardando fechamento da vela... (candles ok: 144)
[COLETOR] Ticks:   2,725 | 1.16241 @ 2026-09-03T20:15:57
[BOT] 1.1624 | Aguardando fechamento da vela... (candles ok: 144)
[COLETOR] Ticks:   2,726 | 1.16241 @ 2026-09-03T20:15:58
[BOT] 1.1624 | Aguardando fechamento da vela... (candles ok: 144)
[COLETOR] Ticks:   2,727 | 1.16241 @ 2026-09-03T20:15:59
[TICK] 1.1624 | EMA9:1.1624 EMA21:1.1624 | RSI:48.5 ADX:29.4 MACD_H:+0.00001
[COLETOR] Ticks:   2,728 | 1.16241 @ 2026-09-03T20:16:00
[BOT] 1.1624 | Aguardando fechamento da vela... (candles ok: 145)
[COLETOR] Ticks:   2,729 | 1.16241 @ 2026-09-03T20:16:01
[BOT] 1.1624 | Aguardando fechamento da vela... (candles ok: 145)
[COLETOR] Ticks:   2,730 | 1.16241 @ 2026-09-03T20:16:02
[BOT] 1.1624 | Aguardando fechamento da vela... (candles ok: 145)
[COLETOR] Ticks:   2,731 | 1.16241 @ 2026-09-03T20:16:03
[BOT] 1.1624 | Aguardando fechamento da vela... (candles ok: 145)
[COLETOR] Ticks:   2,732 | 1.16241 @ 2026-09-03T20:16:04
[COLETOR] Ticks:   2,733 | 1.16241 @ 2026-09-03T20:16:05
[BOT] 1.1624 | Aguardando fechamento da vela... (candles ok: 145)
[BOT] 1.1624 | Aguardando fechamento da vela... (candles ok: 145)
[COLETOR] Ticks:   2,734 | 1.16241 @ 2026-09-03T20:16:06
[BOT] 1.1624 | Aguardando fechamento da vela... (candles ok: 145)
[COLETOR] Ticks:   2,735 | 1.16241 @ 2026-09-03T20:16:07
[BOT] 1.1624 | Aguardando fechamento da vela... (candles ok: 145)
[COLETOR] Ticks:   2,736 | 1.16241 @ 2026-09-03T20:16:08
[BOT] 1.1624 | Aguardando fechamento da vela... (candles ok: 145)
[COLETOR] Ticks:   2,737 | 1.16241 @ 2026-09-03T20:16:09
[BOT] 1.1624 | Aguardando fechamento da vela... (candles ok: 145)
[COLETOR] Ticks:   2,738 | 1.16241 @ 2026-09-03T20:16:10
[BOT] 1.1624 | Aguardando fechamento da vela... (candles ok: 145)
[COLETOR] Ticks:   2,739 | 1.16241 @ 2026-09-03T20:16:11
[BOT] 1.1624 | Aguardando fechamento da vela... (candles ok: 145)
[COLETOR] Ticks:   2,740 | 1.16241 @ 2026-09-03T20:16:12
[BOT] 1.1624 | Aguardando fechamento da vela... (candles ok: 145)
[COLETOR] Ticks:   2,741 | 1.16241 @ 2026-09-03T20:16:13
[BOT] 1.1624 | Aguardando fechamento da vela... (candles ok: 145)
[COLETOR] Ticks:   2,742 | 1.16241 @ 2026-09-03T20:16:14
[BOT] 1.1624 | Aguardando fechamento da vela... (candles ok: 145)
[COLETOR] Ticks:   2,743 | 1.16241 @ 2026-09-03T20:16:15
[BOT] 1.1624 | Aguardando fechamento da vela... (candles ok: 145)
[COLETOR] Ticks:   2,744 | 1.16241 @ 2026-09-03T20:16:16
[BOT] 1.1624 | Aguardando fechamento da vela... (candles ok: 145)
[COLETOR] Ticks:   2,745 | 1.16241 @ 2026-09-03T20:16:17
[BOT] 1.1624 | Aguardando fechamento da vela... (candles ok: 145)
[COLETOR] Ticks:   2,746 | 1.16241 @ 2026-09-03T20:16:18
[BOT] 1.1624 | Aguardando fechamento da vela... (candles ok: 145)
[COLETOR] Ticks:   2,747 | 1.16241 @ 2026-09-03T20:16:19
[BOT] 1.1624 | Aguardando fechamento da vela... (candles ok: 145)
[COLETOR] Ticks:   2,748 | 1.16241 @ 2026-09-03T20:16:20
[BOT] 1.1624 | Aguardando fechamento da vela... (candles ok: 145)
[COLETOR] Ticks:   2,749 | 1.16241 @ 2026-09-03T20:16:21
[BOT] 1.1624 | Aguardando fechamento da vela... (candles ok: 145)
[COLETOR] Ticks:   2,750 | 1.1624 @ 2026-09-03T20:16:22
[BOT] 1.1624 | Aguardando fechamento da vela... (candles ok: 145)
[COLETOR] Ticks:   2,751 | 1.1624 @ 2026-09-03T20:16:23
[BOT] 1.1624 | Aguardando fechamento da vela... (candles ok: 145)
[COLETOR] Ticks:   2,752 | 1.1624 @ 2026-09-03T20:16:24
[BOT] 1.1624 | Aguardando fechamento da vela... (candles ok: 145)
[COLETOR] Ticks:   2,753 | 1.16241 @ 2026-09-03T20:16:25
[BOT] 1.1624 | Aguardando fechamento da vela... (candles ok: 145)
[COLETOR] Ticks:   2,754 | 1.16241 @ 2026-09-03T20:16:26
[BOT] 1.1624 | Aguardando fechamento da vela... (candles ok: 145)
[COLETOR] Ticks:   2,755 | 1.16241 @ 2026-09-03T20:16:27
[BOT] 1.1624 | Aguardando fechamento da vela... (candles ok: 145)
[COLETOR] Ticks:   2,756 | 1.16241 @ 2026-09-03T20:16:28
[BOT] 1.1624 | Aguardando fechamento da vela... (candles ok: 145)
[COLETOR] Ticks:   2,757 | 1.16241 @ 2026-09-03T20:16:29
[BOT] 1.1624 | Aguardando fechamento da vela... (candles ok: 145)
[COLETOR] Ticks:   2,758 | 1.16241 @ 2026-09-03T20:16:30
[BOT] 1.1624 | Aguardando fechamento da vela... (candles ok: 145)
[COLETOR] Ticks:   2,759 | 1.16241 @ 2026-09-03T20:16:31
[COLETOR] Ticks:   2,760 | 1.16241 @ 2026-09-03T20:16:32
[BOT] 1.1624 | Aguardando fechamento da vela... (candles ok: 145)
[COLETOR] Ticks:   2,761 | 1.16241 @ 2026-09-03T20:16:33
[BOT] 1.1624 | Aguardando fechamento da vela... (candles ok: 145)
[BOT] 1.1624 | Aguardando fechamento da vela... (candles ok: 145)
[COLETOR] Ticks:   2,762 | 1.16241 @ 2026-09-03T20:16:34
[BOT] 1.1624 | Aguardando fechamento da vela... (candles ok: 145)
[COLETOR] Ticks:   2,763 | 1.16241 @ 2026-09-03T20:16:35
[BOT] 1.1624 | Aguardando fechamento da vela... (candles ok: 145)
[COLETOR] Ticks:   2,764 | 1.16241 @ 2026-09-03T20:16:36
[BOT] 1.1624 | Aguardando fechamento da vela... (candles ok: 145)
[COLETOR] Ticks:   2,765 | 1.16241 @ 2026-09-03T20:16:37
[BOT] 1.1624 | Aguardando fechamento da vela... (candles ok: 145)
[COLETOR] Ticks:   2,766 | 1.1624 @ 2026-09-03T20:16:38
[BOT] 1.1624 | Aguardando fechamento da vela... (candles ok: 145)
[COLETOR] Ticks:   2,767 | 1.1624 @ 2026-09-03T20:16:39
[BOT] 1.1624 | Aguardando fechamento da vela... (candles ok: 145)
[COLETOR] Ticks:   2,768 | 1.1624 @ 2026-09-03T20:16:40
[BOT] 1.1624 | Aguardando fechamento da vela... (candles ok: 145)
[COLETOR] Ticks:   2,769 | 1.1624 @ 2026-09-03T20:16:41
[BOT] 1.1624 | Aguardando fechamento da vela... (candles ok: 145)
[COLETOR] Ticks:   2,770 | 1.1624 @ 2026-09-03T20:16:42
[COLETOR] Ticks:   2,771 | 1.1624 @ 2026-09-03T20:16:43
[BOT] 1.1624 | Aguardando fechamento da vela... (candles ok: 145)
[BOT] 1.1624 | Aguardando fechamento da vela... (candles ok: 145)
[COLETOR] Ticks:   2,772 | 1.1624 @ 2026-09-03T20:16:44
[BOT] 1.1624 | Aguardando fechamento da vela... (candles ok: 145)
[COLETOR] Ticks:   2,773 | 1.1624 @ 2026-09-03T20:16:45
[BOT] 1.1624 | Aguardando fechamento da vela... (candles ok: 145)
[COLETOR] Ticks:   2,774 | 1.1624 @ 2026-09-03T20:16:46
[BOT] 1.1624 | Aguardando fechamento da vela... (candles ok: 145)
[COLETOR] Ticks:   2,775 | 1.1624 @ 2026-09-03T20:16:47
[BOT] 1.1624 | Aguardando fechamento da vela... (candles ok: 145)
[COLETOR] Ticks:   2,776 | 1.1624 @ 2026-09-03T20:16:48
[COLETOR] Ticks:   2,777 | 1.1624 @ 2026-09-03T20:16:49
[BOT] 1.1624 | Aguardando fechamento da vela... (candles ok: 145)
[BOT] 1.1624 | Aguardando fechamento da vela... (candles ok: 145)
[COLETOR] Ticks:   2,778 | 1.1624 @ 2026-09-03T20:16:50
[COLETOR] Ticks:   2,779 | 1.1624 @ 2026-09-03T20:16:51
[BOT] 1.1624 | Aguardando fechamento da vela... (candles ok: 145)
[BOT] 1.1624 | Aguardando fechamento da vela... (candles ok: 145)
[COLETOR] Ticks:   2,780 | 1.16241 @ 2026-09-03T20:16:52
[BOT] 1.1624 | Aguardando fechamento da vela... (candles ok: 145)
[COLETOR] Ticks:   2,781 | 1.1624 @ 2026-09-03T20:16:53
[BOT] 1.1624 | Aguardando fechamento da vela... (candles ok: 145)
[COLETOR] Ticks:   2,782 | 1.1624 @ 2026-09-03T20:16:54
[BOT] 1.1624 | Aguardando fechamento da vela... (candles ok: 145)
[COLETOR] Ticks:   2,783 | 1.1624 @ 2026-09-03T20:16:55
[BOT] 1.1624 | Aguardando fechamento da vela... (candles ok: 145)
[COLETOR] Ticks:   2,784 | 1.1624 @ 2026-09-03T20:16:56
[BOT] 1.1624 | Aguardando fechamento da vela... (candles ok: 145)
[COLETOR] Ticks:   2,785 | 1.1624 @ 2026-09-03T20:16:57
[BOT] 1.1624 | Aguardando fechamento da vela... (candles ok: 145)
[COLETOR] Ticks:   2,786 | 1.1624 @ 2026-09-03T20:16:58
[BOT] 1.1624 | Aguardando fechamento da vela... (candles ok: 145)
[COLETOR] Ticks:   2,787 | 1.1624 @ 2026-09-03T20:16:59
[TICK] 1.1624 | EMA9:1.1624 EMA21:1.1624 | RSI:47.1 ADX:28.3 MACD_H:+0.00000
[COLETOR] Ticks:   2,788 | 1.1624 @ 2026-09-03T20:17:00
[BOT] 1.1624 | Aguardando fechamento da vela... (candles ok: 146)
[COLETOR] Ticks:   2,789 | 1.1624 @ 2026-09-03T20:17:01
[COLETOR] Ticks:   2,790 | 1.1624 @ 2026-09-03T20:17:02
[BOT] 1.1624 | Aguardando fechamento da vela... (candles ok: 146)
[COLETOR] Ticks:   2,791 | 1.16239 @ 2026-09-03T20:17:03
[BOT] 1.1624 | Aguardando fechamento da vela... (candles ok: 146)
[BOT] 1.1624 | Aguardando fechamento da vela... (candles ok: 146)
[COLETOR] Ticks:   2,792 | 1.1624 @ 2026-09-03T20:17:04
[BOT] 1.1624 | Aguardando fechamento da vela... (candles ok: 146)
[COLETOR] Ticks:   2,793 | 1.16239 @ 2026-09-03T20:17:05
[BOT] 1.1624 | Aguardando fechamento da vela... (candles ok: 146)
[COLETOR] Ticks:   2,794 | 1.1624 @ 2026-09-03T20:17:06
[BOT] 1.1624 | Aguardando fechamento da vela... (candles ok: 146)
[COLETOR] Ticks:   2,795 | 1.16239 @ 2026-09-03T20:17:07
[BOT] 1.1624 | Aguardando fechamento da vela... (candles ok: 146)
[COLETOR] Ticks:   2,796 | 1.16239 @ 2026-09-03T20:17:08
[BOT] 1.1624 | Aguardando fechamento da vela... (candles ok: 146)
[COLETOR] Ticks:   2,797 | 1.16239 @ 2026-09-03T20:17:09
[COLETOR] Ticks:   2,798 | 1.16239 @ 2026-09-03T20:17:10
[BOT] 1.1624 | Aguardando fechamento da vela... (candles ok: 146)
[BOT] 1.1624 | Aguardando fechamento da vela... (candles ok: 146)
[COLETOR] Ticks:   2,799 | 1.16239 @ 2026-09-03T20:17:11
[BOT] 1.1624 | Aguardando fechamento da vela... (candles ok: 146)
[COLETOR] Ticks:   2,800 | 1.1624 @ 2026-09-03T20:17:12
[BOT] 1.1624 | Aguardando fechamento da vela... (candles ok: 146)
[COLETOR] Ticks:   2,801 | 1.16241 @ 2026-09-03T20:17:13
[BOT] 1.1624 | Aguardando fechamento da vela... (candles ok: 146)
[COLETOR] Ticks:   2,802 | 1.16241 @ 2026-09-03T20:17:14
[BOT] 1.1624 | Aguardando fechamento da vela... (candles ok: 146)
[COLETOR] Ticks:   2,803 | 1.16241 @ 2026-09-03T20:17:15
[BOT] 1.1624 | Aguardando fechamento da vela... (candles ok: 146)
[COLETOR] Ticks:   2,804 | 1.16241 @ 2026-09-03T20:17:16
[BOT] 1.1624 | Aguardando fechamento da vela... (candles ok: 146)
[COLETOR] Ticks:   2,805 | 1.16241 @ 2026-09-03T20:17:17
[BOT] 1.1624 | Aguardando fechamento da vela... (candles ok: 146)
[COLETOR] Ticks:   2,806 | 1.16241 @ 2026-09-03T20:17:18
[BOT] 1.1624 | Aguardando fechamento da vela... (candles ok: 146)
[COLETOR] Ticks:   2,807 | 1.1624 @ 2026-09-03T20:17:19
[BOT] 1.1624 | Aguardando fechamento da vela... (candles ok: 146)
[COLETOR] Ticks:   2,808 | 1.16241 @ 2026-09-03T20:17:20
[BOT] 1.1624 | Aguardando fechamento da vela... (candles ok: 146)
[COLETOR] Ticks:   2,809 | 1.16241 @ 2026-09-03T20:17:21
[COLETOR] Ticks:   2,810 | 1.16241 @ 2026-09-03T20:17:22
[BOT] 1.1624 | Aguardando fechamento da vela... (candles ok: 146)
[BOT] 1.1624 | Aguardando fechamento da vela... (candles ok: 146)
[COLETOR] Ticks:   2,811 | 1.16241 @ 2026-09-03T20:17:23
[BOT] 1.1624 | Aguardando fechamento da vela... (candles ok: 146)
[COLETOR] Ticks:   2,812 | 1.16241 @ 2026-09-03T20:17:24
[COLETOR] Ticks:   2,813 | 1.16241 @ 2026-09-03T20:17:25
[BOT] 1.1624 | Aguardando fechamento da vela... (candles ok: 146)
[BOT] 1.1624 | Aguardando fechamento da vela... (candles ok: 146)
[COLETOR] Ticks:   2,814 | 1.16241 @ 2026-09-03T20:17:26
[BOT] 1.1624 | Aguardando fechamento da vela... (candles ok: 146)
[COLETOR] Ticks:   2,815 | 1.16241 @ 2026-09-03T20:17:27
[BOT] 1.1624 | Aguardando fechamento da vela... (candles ok: 146)
[COLETOR] Ticks:   2,816 | 1.16241 @ 2026-09-03T20:17:28
[BOT] 1.1624 | Aguardando fechamento da vela... (candles ok: 146)
[COLETOR] Ticks:   2,817 | 1.16241 @ 2026-09-03T20:17:29
[BOT] 1.1624 | Aguardando fechamento da vela... (candles ok: 146)
[COLETOR] Ticks:   2,818 | 1.16241 @ 2026-09-03T20:17:30
[BOT] 1.1624 | Aguardando fechamento da vela... (candles ok: 146)
[COLETOR] Ticks:   2,819 | 1.16241 @ 2026-09-03T20:17:31
[BOT] 1.1624 | Aguardando fechamento da vela... (candles ok: 146)
[COLETOR] Ticks:   2,820 | 1.16241 @ 2026-09-03T20:17:32
[BOT] 1.1624 | Aguardando fechamento da vela... (candles ok: 146)
[COLETOR] Ticks:   2,821 | 1.16241 @ 2026-09-03T20:17:33
[BOT] 1.1624 | Aguardando fechamento da vela... (candles ok: 146)
[COLETOR] Ticks:   2,822 | 1.16243 @ 2026-09-03T20:17:34
[BOT] 1.1624 | Aguardando fechamento da vela... (candles ok: 146)
[COLETOR] Ticks:   2,823 | 1.16243 @ 2026-09-03T20:17:35
[BOT] 1.1624 | Aguardando fechamento da vela... (candles ok: 146)
[COLETOR] Ticks:   2,824 | 1.16243 @ 2026-09-03T20:17:36
[BOT] 1.1624 | Aguardando fechamento da vela... (candles ok: 146)
[COLETOR] Ticks:   2,825 | 1.16243 @ 2026-09-03T20:17:37
[BOT] 1.1624 | Aguardando fechamento da vela... (candles ok: 146)
[COLETOR] Ticks:   2,826 | 1.16244 @ 2026-09-03T20:17:38
[BOT] 1.1624 | Aguardando fechamento da vela... (candles ok: 146)
[COLETOR] Ticks:   2,827 | 1.16244 @ 2026-09-03T20:17:39
[BOT] 1.1624 | Aguardando fechamento da vela... (candles ok: 146)
[COLETOR] Ticks:   2,828 | 1.16244 @ 2026-09-03T20:17:40
[BOT] 1.1625 | Aguardando fechamento da vela... (candles ok: 146)
[COLETOR] Ticks:   2,829 | 1.16246 @ 2026-09-03T20:17:41
[COLETOR] Ticks:   2,830 | 1.16246 @ 2026-09-03T20:17:42
[BOT] 1.1625 | Aguardando fechamento da vela... (candles ok: 146)
[BOT] 1.1625 | Aguardando fechamento da vela... (candles ok: 146)
[COLETOR] Ticks:   2,831 | 1.16246 @ 2026-09-03T20:17:43
[BOT] 1.1625 | Aguardando fechamento da vela... (candles ok: 146)
[COLETOR] Ticks:   2,832 | 1.16246 @ 2026-09-03T20:17:44
[BOT] 1.1625 | Aguardando fechamento da vela... (candles ok: 146)
[COLETOR] Ticks:   2,833 | 1.16247 @ 2026-09-03T20:17:45
[BOT] 1.1625 | Aguardando fechamento da vela... (candles ok: 146)
[COLETOR] Ticks:   2,834 | 1.16247 @ 2026-09-03T20:17:46
[BOT] 1.1625 | Aguardando fechamento da vela... (candles ok: 146)
[COLETOR] Ticks:   2,835 | 1.16246 @ 2026-09-03T20:17:47
[BOT] 1.1625 | Aguardando fechamento da vela... (candles ok: 146)
[COLETOR] Ticks:   2,836 | 1.16246 @ 2026-09-03T20:17:48
[BOT] 1.1625 | Aguardando fechamento da vela... (candles ok: 146)
[COLETOR] Ticks:   2,837 | 1.16246 @ 2026-09-03T20:17:49
[BOT] 1.1625 | Aguardando fechamento da vela... (candles ok: 146)
[COLETOR] Ticks:   2,838 | 1.16247 @ 2026-09-03T20:17:50
[BOT] 1.1625 | Aguardando fechamento da vela... (candles ok: 146)
[COLETOR] Ticks:   2,839 | 1.16247 @ 2026-09-03T20:17:51
[COLETOR] Ticks:   2,840 | 1.16246 @ 2026-09-03T20:17:52
[BOT] 1.1625 | Aguardando fechamento da vela... (candles ok: 146)
[BOT] 1.1625 | Aguardando fechamento da vela... (candles ok: 146)
[COLETOR] Ticks:   2,841 | 1.16246 @ 2026-09-03T20:17:53
[COLETOR] Ticks:   2,842 | 1.16246 @ 2026-09-03T20:17:54
[BOT] 1.1625 | Aguardando fechamento da vela... (candles ok: 146)
[BOT] 1.1625 | Aguardando fechamento da vela... (candles ok: 146)
[COLETOR] Ticks:   2,843 | 1.16246 @ 2026-09-03T20:17:55
[BOT] 1.1625 | Aguardando fechamento da vela... (candles ok: 146)
[COLETOR] Ticks:   2,844 | 1.16246 @ 2026-09-03T20:17:56
[BOT] 1.1625 | Aguardando fechamento da vela... (candles ok: 146)
[COLETOR] Ticks:   2,845 | 1.16246 @ 2026-09-03T20:17:57
[BOT] 1.1625 | Aguardando fechamento da vela... (candles ok: 146)
[COLETOR] Ticks:   2,846 | 1.16246 @ 2026-09-03T20:17:58
[COLETOR] Ticks:   2,847 | 1.16246 @ 2026-09-03T20:17:59
[BOT] 1.1625 | Aguardando fechamento da vela... (candles ok: 146)
[VELA] ━━━━━━━━━━━━━━━━━━━━━━━━━━━━━━━━
  🟢 Hammer (força: 1.00)
  Preço: 1.1625 | Contexto: Demand Zone + Supply Zone + Suporte próximo + FVG Bullish + FVG Bearish
  Ação sugerida: BUY favorecido
[VELA] ━━━━━━━━━━━━━━━━━━━━━━━━━━━━━━━━
[TICK] 1.1625 | EMA9:1.1624 EMA21:1.1624 | RSI:55.0 ADX:26.7 MACD_H:+0.00001
[COLETOR] Ticks:   2,848 | 1.16246 @ 2026-09-03T20:18:00
[BOT] 1.1625 | Aguardando fechamento da vela... (candles ok: 147)
[COLETOR] Ticks:   2,849 | 1.16246 @ 2026-09-03T20:18:01
[BOT] 1.1625 | Aguardando fechamento da vela... (candles ok: 147)
[COLETOR] Ticks:   2,850 | 1.16246 @ 2026-09-03T20:18:02
[BOT] 1.1625 | Aguardando fechamento da vela... (candles ok: 147)
[COLETOR] Ticks:   2,851 | 1.16246 @ 2026-09-03T20:18:03
[BOT] 1.1625 | Aguardando fechamento da vela... (candles ok: 147)
[COLETOR] Ticks:   2,852 | 1.16246 @ 2026-09-03T20:18:04
[BOT] 1.1625 | Aguardando fechamento da vela... (candles ok: 147)
[COLETOR] Ticks:   2,853 | 1.16246 @ 2026-09-03T20:18:05
[BOT] 1.1625 | Aguardando fechamento da vela... (candles ok: 147)
[COLETOR] Ticks:   2,854 | 1.16246 @ 2026-09-03T20:18:06
[BOT] 1.1625 | Aguardando fechamento da vela... (candles ok: 147)
[COLETOR] Ticks:   2,855 | 1.16246 @ 2026-09-03T20:18:07
[BOT] 1.1625 | Aguardando fechamento da vela... (candles ok: 147)
[COLETOR] Ticks:   2,856 | 1.16246 @ 2026-09-03T20:18:08
[BOT] 1.1625 | Aguardando fechamento da vela... (candles ok: 147)
[COLETOR] Ticks:   2,857 | 1.16246 @ 2026-09-03T20:18:09
[BOT] 1.1625 | Aguardando fechamento da vela... (candles ok: 147)
[COLETOR] Ticks:   2,858 | 1.16246 @ 2026-09-03T20:18:10
[BOT] 1.1625 | Aguardando fechamento da vela... (candles ok: 147)
[COLETOR] Ticks:   2,859 | 1.16246 @ 2026-09-03T20:18:11
[COLETOR] Ticks:   2,860 | 1.16247 @ 2026-09-03T20:18:12
[BOT] 1.1625 | Aguardando fechamento da vela... (candles ok: 147)
[BOT] 1.1625 | Aguardando fechamento da vela... (candles ok: 147)
[COLETOR] Ticks:   2,861 | 1.16247 @ 2026-09-03T20:18:13
[BOT] 1.1625 | Aguardando fechamento da vela... (candles ok: 147)
[COLETOR] Ticks:   2,862 | 1.16246 @ 2026-09-03T20:18:14
[BOT] 1.1625 | Aguardando fechamento da vela... (candles ok: 147)
[COLETOR] Ticks:   2,863 | 1.16246 @ 2026-09-03T20:18:15
[BOT] 1.1625 | Aguardando fechamento da vela... (candles ok: 147)
[COLETOR] Ticks:   2,864 | 1.16247 @ 2026-09-03T20:18:16
[BOT] 1.1625 | Aguardando fechamento da vela... (candles ok: 147)
[COLETOR] Ticks:   2,865 | 1.16246 @ 2026-09-03T20:18:17
[BOT] 1.1625 | Aguardando fechamento da vela... (candles ok: 147)
[COLETOR] Ticks:   2,866 | 1.16246 @ 2026-09-03T20:18:18
[COLETOR] Ticks:   2,867 | 1.16246 @ 2026-09-03T20:18:19
[BOT] 1.1625 | Aguardando fechamento da vela... (candles ok: 147)
[BOT] 1.1625 | Aguardando fechamento da vela... (candles ok: 147)
[COLETOR] Ticks:   2,868 | 1.16246 @ 2026-09-03T20:18:20
[BOT] 1.1625 | Aguardando fechamento da vela... (candles ok: 147)
[COLETOR] Ticks:   2,869 | 1.16246 @ 2026-09-03T20:18:21
[BOT] 1.1625 | Aguardando fechamento da vela... (candles ok: 147)
[COLETOR] Ticks:   2,870 | 1.16246 @ 2026-09-03T20:18:22
[BOT] 1.1625 | Aguardando fechamento da vela... (candles ok: 147)
[COLETOR] Ticks:   2,871 | 1.16246 @ 2026-09-03T20:18:23
[BOT] 1.1625 | Aguardando fechamento da vela... (candles ok: 147)
[COLETOR] Ticks:   2,872 | 1.16246 @ 2026-09-03T20:18:24
[BOT] 1.1625 | Aguardando fechamento da vela... (candles ok: 147)
[COLETOR] Ticks:   2,873 | 1.16246 @ 2026-09-03T20:18:25
[BOT] 1.1625 | Aguardando fechamento da vela... (candles ok: 147)
[COLETOR] Ticks:   2,874 | 1.16246 @ 2026-09-03T20:18:26
[BOT] 1.1625 | Aguardando fechamento da vela... (candles ok: 147)
[COLETOR] Ticks:   2,875 | 1.16246 @ 2026-09-03T20:18:27
[BOT] 1.1625 | Aguardando fechamento da vela... (candles ok: 147)
[COLETOR] Ticks:   2,876 | 1.16246 @ 2026-09-03T20:18:28
[BOT] 1.1625 | Aguardando fechamento da vela... (candles ok: 147)
[COLETOR] Ticks:   2,877 | 1.16246 @ 2026-09-03T20:18:29
[BOT] 1.1625 | Aguardando fechamento da vela... (candles ok: 147)
[COLETOR] Ticks:   2,878 | 1.16247 @ 2026-09-03T20:18:30
[COLETOR] Ticks:   2,879 | 1.16246 @ 2026-09-03T20:18:31
[BOT] 1.1625 | Aguardando fechamento da vela... (candles ok: 147)
[BOT] 1.1625 | Aguardando fechamento da vela... (candles ok: 147)
[COLETOR] Ticks:   2,880 | 1.16246 @ 2026-09-03T20:18:32
[COLETOR] Ticks:   2,881 | 1.16246 @ 2026-09-03T20:18:33
[BOT] 1.1625 | Aguardando fechamento da vela... (candles ok: 147)
[BOT] 1.1625 | Aguardando fechamento da vela... (candles ok: 147)
[COLETOR] Ticks:   2,882 | 1.16246 @ 2026-09-03T20:18:34
[BOT] 1.1625 | Aguardando fechamento da vela... (candles ok: 147)
[COLETOR] Ticks:   2,883 | 1.16246 @ 2026-09-03T20:18:35
[BOT] 1.1625 | Aguardando fechamento da vela... (candles ok: 147)
[COLETOR] Ticks:   2,884 | 1.16246 @ 2026-09-03T20:18:36
[BOT] 1.1625 | Aguardando fechamento da vela... (candles ok: 147)
[COLETOR] Ticks:   2,885 | 1.16246 @ 2026-09-03T20:18:37
[BOT] 1.1625 | Aguardando fechamento da vela... (candles ok: 147)
[COLETOR] Ticks:   2,886 | 1.16247 @ 2026-09-03T20:18:38
[COLETOR] Ticks:   2,887 | 1.16247 @ 2026-09-03T20:18:39
[BOT] 1.1625 | Aguardando fechamento da vela... (candles ok: 147)
[COLETOR] Ticks:   2,888 | 1.16247 @ 2026-09-03T20:18:40
[BOT] 1.1625 | Aguardando fechamento da vela... (candles ok: 147)
[COLETOR] Ticks:   2,889 | 1.16246 @ 2026-09-03T20:18:41
[BOT] 1.1625 | Aguardando fechamento da vela... (candles ok: 147)
[COLETOR] Ticks:   2,890 | 1.16246 @ 2026-09-03T20:18:42
[BOT] 1.1625 | Aguardando fechamento da vela... (candles ok: 147)
[COLETOR] Ticks:   2,891 | 1.16246 @ 2026-09-03T20:18:43
[BOT] 1.1625 | Aguardando fechamento da vela... (candles ok: 147)
[BOT] 1.1625 | Aguardando fechamento da vela... (candles ok: 147)
[COLETOR] Ticks:   2,892 | 1.16246 @ 2026-09-03T20:18:44
[COLETOR] Ticks:   2,893 | 1.16246 @ 2026-09-03T20:18:45
[BOT] 1.1625 | Aguardando fechamento da vela... (candles ok: 147)
[BOT] 1.1625 | Aguardando fechamento da vela... (candles ok: 147)
[COLETOR] Ticks:   2,894 | 1.16246 @ 2026-09-03T20:18:46
[BOT] 1.1625 | Aguardando fechamento da vela... (candles ok: 147)
[COLETOR] Ticks:   2,895 | 1.16247 @ 2026-09-03T20:18:47
[BOT] 1.1625 | Aguardando fechamento da vela... (candles ok: 147)
[COLETOR] Ticks:   2,896 | 1.16247 @ 2026-09-03T20:18:48
[BOT] 1.1625 | Aguardando fechamento da vela... (candles ok: 147)
[COLETOR] Ticks:   2,897 | 1.16247 @ 2026-09-03T20:18:49
[BOT] 1.1625 | Aguardando fechamento da vela... (candles ok: 147)
[COLETOR] Ticks:   2,898 | 1.16246 @ 2026-09-03T20:18:50
[COLETOR] Ticks:   2,899 | 1.16246 @ 2026-09-03T20:18:51
[BOT] 1.1625 | Aguardando fechamento da vela... (candles ok: 147)
[BOT] 1.1625 | Aguardando fechamento da vela... (candles ok: 147)
[COLETOR] Ticks:   2,900 | 1.16246 @ 2026-09-03T20:18:52
[BOT] 1.1625 | Aguardando fechamento da vela... (candles ok: 147)
[COLETOR] Ticks:   2,901 | 1.16246 @ 2026-09-03T20:18:53
[BOT] 1.1625 | Aguardando fechamento da vela... (candles ok: 147)
[COLETOR] Ticks:   2,902 | 1.16246 @ 2026-09-03T20:18:54
[BOT] 1.1625 | Aguardando fechamento da vela... (candles ok: 147)
[COLETOR] Ticks:   2,903 | 1.16246 @ 2026-09-03T20:18:55
[BOT] 1.1625 | Aguardando fechamento da vela... (candles ok: 147)
[COLETOR] Ticks:   2,904 | 1.16246 @ 2026-09-03T20:18:56
[COLETOR] Ticks:   2,905 | 1.16246 @ 2026-09-03T20:18:57
[BOT] 1.1625 | Aguardando fechamento da vela... (candles ok: 147)
[COLETOR] Ticks:   2,906 | 1.16246 @ 2026-09-03T20:18:58
[BOT] 1.1625 | Aguardando fechamento da vela... (candles ok: 147)
[BOT] 1.1625 | Aguardando fechamento da vela... (candles ok: 147)
[COLETOR] Ticks:   2,907 | 1.16246 @ 2026-09-03T20:18:59
[COLETOR] Ticks:   2,908 | 1.16246 @ 2026-09-03T20:19:00
[VELA] ━━━━━━━━━━━━━━━━━━━━━━━━━━━━━━━━
  🟢 Hammer (força: 1.00)
  Preço: 1.1625 | Contexto: Demand Zone + Supply Zone + Suporte próximo + FVG Bullish + FVG Bearish
  Ação sugerida: BUY favorecido
[VELA] ━━━━━━━━━━━━━━━━━━━━━━━━━━━━━━━━
[TICK] 1.1625 | EMA9:1.1624 EMA21:1.1624 | RSI:55.0 ADX:25.2 MACD_H:+0.00001
[BOT] 1.1625 | Aguardando fechamento da vela... (candles ok: 148)
[COLETOR] Ticks:   2,909 | 1.16246 @ 2026-09-03T20:19:01
[BOT] 1.1625 | Aguardando fechamento da vela... (candles ok: 148)
[COLETOR] Ticks:   2,910 | 1.16246 @ 2026-09-03T20:19:02
[BOT] 1.1625 | Aguardando fechamento da vela... (candles ok: 148)
[COLETOR] Ticks:   2,911 | 1.16246 @ 2026-09-03T20:19:03
[BOT] 1.1625 | Aguardando fechamento da vela... (candles ok: 148)
[COLETOR] Ticks:   2,912 | 1.16246 @ 2026-09-03T20:19:04
[BOT] 1.1625 | Aguardando fechamento da vela... (candles ok: 148)
[COLETOR] Ticks:   2,913 | 1.16246 @ 2026-09-03T20:19:05
[BOT] 1.1625 | Aguardando fechamento da vela... (candles ok: 148)
[COLETOR] Ticks:   2,914 | 1.16246 @ 2026-09-03T20:19:06
[COLETOR] Ticks:   2,915 | 1.16245 @ 2026-09-03T20:19:07
[BOT] 1.1624 | Aguardando fechamento da vela... (candles ok: 148)
[BOT] 1.1624 | Aguardando fechamento da vela... (candles ok: 148)
[COLETOR] Ticks:   2,916 | 1.16245 @ 2026-09-03T20:19:08
[BOT] 1.1624 | Aguardando fechamento da vela... (candles ok: 148)
[COLETOR] Ticks:   2,917 | 1.16245 @ 2026-09-03T20:19:09
[BOT] 1.1624 | Aguardando fechamento da vela... (candles ok: 148)
[COLETOR] Ticks:   2,918 | 1.16245 @ 2026-09-03T20:19:10
[BOT] 1.1624 | Aguardando fechamento da vela... (candles ok: 148)
[COLETOR] Ticks:   2,919 | 1.16245 @ 2026-09-03T20:19:11
[BOT] 1.1624 | Aguardando fechamento da vela... (candles ok: 148)
[COLETOR] Ticks:   2,920 | 1.16245 @ 2026-09-03T20:19:12
[COLETOR] Ticks:   2,921 | 1.16245 @ 2026-09-03T20:19:13
[BOT] 1.1624 | Aguardando fechamento da vela... (candles ok: 148)
[BOT] 1.1624 | Aguardando fechamento da vela... (candles ok: 148)
[COLETOR] Ticks:   2,922 | 1.16245 @ 2026-09-03T20:19:14
[COLETOR] Ticks:   2,923 | 1.16245 @ 2026-09-03T20:19:15
[BOT] 1.1624 | Aguardando fechamento da vela... (candles ok: 148)
[BOT] 1.1624 | Aguardando fechamento da vela... (candles ok: 148)
[COLETOR] Ticks:   2,924 | 1.16245 @ 2026-09-03T20:19:16
[BOT] 1.1624 | Aguardando fechamento da vela... (candles ok: 148)
[COLETOR] Ticks:   2,925 | 1.16245 @ 2026-09-03T20:19:17
[BOT] 1.1624 | Aguardando fechamento da vela... (candles ok: 148)
[COLETOR] Ticks:   2,926 | 1.16245 @ 2026-09-03T20:19:18
[BOT] 1.1624 | Aguardando fechamento da vela... (candles ok: 148)
[COLETOR] Ticks:   2,927 | 1.16245 @ 2026-09-03T20:19:19
[BOT] 1.1624 | Aguardando fechamento da vela... (candles ok: 148)
[COLETOR] Ticks:   2,928 | 1.16245 @ 2026-09-03T20:19:20
[BOT] 1.1625 | Aguardando fechamento da vela... (candles ok: 148)
[COLETOR] Ticks:   2,929 | 1.16246 @ 2026-09-03T20:19:21
[BOT] 1.1625 | Aguardando fechamento da vela... (candles ok: 148)
[COLETOR] Ticks:   2,930 | 1.16246 @ 2026-09-03T20:19:22
[BOT] 1.1625 | Aguardando fechamento da vela... (candles ok: 148)
[COLETOR] Ticks:   2,931 | 1.16246 @ 2026-09-03T20:19:23
[BOT] 1.1625 | Aguardando fechamento da vela... (candles ok: 148)
[COLETOR] Ticks:   2,932 | 1.16246 @ 2026-09-03T20:19:24
[BOT] 1.1625 | Aguardando fechamento da vela... (candles ok: 148)
[COLETOR] Ticks:   2,933 | 1.16246 @ 2026-09-03T20:19:25
[BOT] 1.1625 | Aguardando fechamento da vela... (candles ok: 148)
[COLETOR] Ticks:   2,934 | 1.16246 @ 2026-09-03T20:19:26
[BOT] 1.1625 | Aguardando fechamento da vela... (candles ok: 148)
[COLETOR] Ticks:   2,935 | 1.16246 @ 2026-09-03T20:19:27
[BOT] 1.1625 | Aguardando fechamento da vela... (candles ok: 148)
[COLETOR] Ticks:   2,936 | 1.16246 @ 2026-09-03T20:19:28
[BOT] 1.1625 | Aguardando fechamento da vela... (candles ok: 148)
[COLETOR] Ticks:   2,937 | 1.16246 @ 2026-09-03T20:19:29
[COLETOR] Ticks:   2,938 | 1.16246 @ 2026-09-03T20:19:30
[BOT] 1.1625 | Aguardando fechamento da vela... (candles ok: 148)
[BOT] 1.1625 | Aguardando fechamento da vela... (candles ok: 148)
[COLETOR] Ticks:   2,939 | 1.16246 @ 2026-09-03T20:19:31
[BOT] 1.1625 | Aguardando fechamento da vela... (candles ok: 148)
[COLETOR] Ticks:   2,940 | 1.16246 @ 2026-09-03T20:19:32
[BOT] 1.1625 | Aguardando fechamento da vela... (candles ok: 148)
[COLETOR] Ticks:   2,941 | 1.16246 @ 2026-09-03T20:19:33
[BOT] 1.1625 | Aguardando fechamento da vela... (candles ok: 148)
[COLETOR] Ticks:   2,942 | 1.16246 @ 2026-09-03T20:19:34
[COLETOR] Ticks:   2,943 | 1.16246 @ 2026-09-03T20:19:35
[BOT] 1.1625 | Aguardando fechamento da vela... (candles ok: 148)
[COLETOR] Ticks:   2,944 | 1.16246 @ 2026-09-03T20:19:36
[BOT] 1.1625 | Aguardando fechamento da vela... (candles ok: 148)
[COLETOR] Ticks:   2,945 | 1.16246 @ 2026-09-03T20:19:37
[BOT] 1.1625 | Aguardando fechamento da vela... (candles ok: 148)
[BOT] 1.1625 | Aguardando fechamento da vela... (candles ok: 148)
[COLETOR] Ticks:   2,946 | 1.16246 @ 2026-09-03T20:19:38
[COLETOR] Ticks:   2,947 | 1.16246 @ 2026-09-03T20:19:39
[BOT] 1.1625 | Aguardando fechamento da vela... (candles ok: 148)
[BOT] 1.1625 | Aguardando fechamento da vela... (candles ok: 148)
[COLETOR] Ticks:   2,948 | 1.16246 @ 2026-09-03T20:19:40
[BOT] 1.1625 | Aguardando fechamento da vela... (candles ok: 148)
[COLETOR] Ticks:   2,949 | 1.16246 @ 2026-09-03T20:19:41
[COLETOR] Ticks:   2,950 | 1.16246 @ 2026-09-03T20:19:42
[BOT] 1.1625 | Aguardando fechamento da vela... (candles ok: 148)
[BOT] 1.1625 | Aguardando fechamento da vela... (candles ok: 148)
[COLETOR] Ticks:   2,951 | 1.16246 @ 2026-09-03T20:19:43
[BOT] 1.1625 | Aguardando fechamento da vela... (candles ok: 148)
[COLETOR] Ticks:   2,952 | 1.16246 @ 2026-09-03T20:19:44
[COLETOR] Ticks:   2,953 | 1.16246 @ 2026-09-03T20:19:45
[BOT] 1.1625 | Aguardando fechamento da vela... (candles ok: 148)
[BOT] 1.1625 | Aguardando fechamento da vela... (candles ok: 148)
[COLETOR] Ticks:   2,954 | 1.16246 @ 2026-09-03T20:19:46
[COLETOR] Ticks:   2,955 | 1.16246 @ 2026-09-03T20:19:47
[BOT] 1.1625 | Aguardando fechamento da vela... (candles ok: 148)
[BOT] 1.1625 | Aguardando fechamento da vela... (candles ok: 148)
[COLETOR] Ticks:   2,956 | 1.16246 @ 2026-09-03T20:19:48
[BOT] 1.1625 | Aguardando fechamento da vela... (candles ok: 148)
[COLETOR] Ticks:   2,957 | 1.16246 @ 2026-09-03T20:19:49
[BOT] 1.1625 | Aguardando fechamento da vela... (candles ok: 148)
[COLETOR] Ticks:   2,958 | 1.16246 @ 2026-09-03T20:19:50
[COLETOR] Ticks:   2,959 | 1.16246 @ 2026-09-03T20:19:51
[BOT] 1.1625 | Aguardando fechamento da vela... (candles ok: 148)
[COLETOR] Ticks:   2,960 | 1.16246 @ 2026-09-03T20:19:52
[BOT] 1.1625 | Aguardando fechamento da vela... (candles ok: 148)
[BOT] 1.1625 | Aguardando fechamento da vela... (candles ok: 148)
[COLETOR] Ticks:   2,961 | 1.16246 @ 2026-09-03T20:19:53
[BOT] 1.1625 | Aguardando fechamento da vela... (candles ok: 148)
[COLETOR] Ticks:   2,962 | 1.16246 @ 2026-09-03T20:19:54
[COLETOR] Ticks:   2,963 | 1.16246 @ 2026-09-03T20:19:55
[BOT] 1.1625 | Aguardando fechamento da vela... (candles ok: 148)
[BOT] 1.1625 | Aguardando fechamento da vela... (candles ok: 148)
[COLETOR] Ticks:   2,964 | 1.16246 @ 2026-09-03T20:19:56
[BOT] 1.1625 | Aguardando fechamento da vela... (candles ok: 148)
[COLETOR] Ticks:   2,965 | 1.16246 @ 2026-09-03T20:19:57
[BOT] 1.1625 | Aguardando fechamento da vela... (candles ok: 148)
[COLETOR] Ticks:   2,966 | 1.16246 @ 2026-09-03T20:19:58
[BOT] 1.1625 | Aguardando fechamento da vela... (candles ok: 148)
[COLETOR] Ticks:   2,967 | 1.16246 @ 2026-09-03T20:19:59
[VELA] ━━━━━━━━━━━━━━━━━━━━━━━━━━━━━━━━
  🟢 Hammer (força: 1.00)
  Preço: 1.1625 | Contexto: Demand Zone + Supply Zone + Suporte próximo + FVG Bullish + FVG Bearish
  Ação sugerida: BUY favorecido
[VELA] ━━━━━━━━━━━━━━━━━━━━━━━━━━━━━━━━
[TICK] 1.1625 | EMA9:1.1624 EMA21:1.1624 | RSI:55.0 ADX:23.8 MACD_H:+0.00001
[COLETOR] Ticks:   2,968 | 1.16246 @ 2026-09-03T20:20:00
[COLETOR] Ticks:   2,969 | 1.16246 @ 2026-09-03T20:20:01
[BOT] 1.1625 | Aguardando fechamento da vela... (candles ok: 149)
[COLETOR] Ticks:   2,970 | 1.16246 @ 2026-09-03T20:20:02
[BOT] 1.1625 | Aguardando fechamento da vela... (candles ok: 149)
[COLETOR] Ticks:   2,971 | 1.16246 @ 2026-09-03T20:20:03
[BOT] 1.1625 | Aguardando fechamento da vela... (candles ok: 149)
[BOT] 1.1625 | Aguardando fechamento da vela... (candles ok: 149)
[COLETOR] Ticks:   2,972 | 1.16246 @ 2026-09-03T20:20:04
[COLETOR] Ticks:   2,973 | 1.16246 @ 2026-09-03T20:20:05
[BOT] 1.1625 | Aguardando fechamento da vela... (candles ok: 149)
[BOT] 1.1625 | Aguardando fechamento da vela... (candles ok: 149)
[COLETOR] Ticks:   2,974 | 1.16246 @ 2026-09-03T20:20:06
[BOT] 1.1625 | Aguardando fechamento da vela... (candles ok: 149)
[COLETOR] Ticks:   2,975 | 1.16246 @ 2026-09-03T20:20:07
[COLETOR] Ticks:   2,976 | 1.16246 @ 2026-09-03T20:20:08
[BOT] 1.1625 | Aguardando fechamento da vela... (candles ok: 149)
[BOT] 1.1625 | Aguardando fechamento da vela... (candles ok: 149)
[COLETOR] Ticks:   2,977 | 1.16246 @ 2026-09-03T20:20:09
[BOT] 1.1625 | Aguardando fechamento da vela... (candles ok: 149)
[COLETOR] Ticks:   2,978 | 1.16246 @ 2026-09-03T20:20:10
[BOT] 1.1625 | Aguardando fechamento da vela... (candles ok: 149)
[COLETOR] Ticks:   2,979 | 1.16246 @ 2026-09-03T20:20:11
[BOT] 1.1625 | Aguardando fechamento da vela... (candles ok: 149)
[COLETOR] Ticks:   2,980 | 1.16246 @ 2026-09-03T20:20:12
[BOT] 1.1625 | Aguardando fechamento da vela... (candles ok: 149)
[COLETOR] Ticks:   2,981 | 1.16246 @ 2026-09-03T20:20:13
[BOT] 1.1625 | Aguardando fechamento da vela... (candles ok: 149)
[COLETOR] Ticks:   2,982 | 1.16246 @ 2026-09-03T20:20:14
[BOT] 1.1625 | Aguardando fechamento da vela... (candles ok: 149)
[COLETOR] Ticks:   2,983 | 1.16246 @ 2026-09-03T20:20:15
[BOT] 1.1625 | Aguardando fechamento da vela... (candles ok: 149)
[COLETOR] Ticks:   2,984 | 1.16246 @ 2026-09-03T20:20:16
[BOT] 1.1625 | Aguardando fechamento da vela... (candles ok: 149)
[COLETOR] Ticks:   2,985 | 1.16246 @ 2026-09-03T20:20:17
[BOT] 1.1625 | Aguardando fechamento da vela... (candles ok: 149)
[COLETOR] Ticks:   2,986 | 1.16246 @ 2026-09-03T20:20:18
[BOT] 1.1625 | Aguardando fechamento da vela... (candles ok: 149)
[COLETOR] Ticks:   2,987 | 1.16246 @ 2026-09-03T20:20:19
[BOT] 1.1625 | Aguardando fechamento da vela... (candles ok: 149)
[COLETOR] Ticks:   2,988 | 1.16246 @ 2026-09-03T20:20:20
[BOT] 1.1625 | Aguardando fechamento da vela... (candles ok: 149)
[COLETOR] Ticks:   2,989 | 1.16246 @ 2026-09-03T20:20:21
[BOT] 1.1625 | Aguardando fechamento da vela... (candles ok: 149)
[COLETOR] Ticks:   2,990 | 1.16246 @ 2026-09-03T20:20:22
[BOT] 1.1625 | Aguardando fechamento da vela... (candles ok: 149)
[COLETOR] Ticks:   2,991 | 1.16246 @ 2026-09-03T20:20:23
[BOT] 1.1625 | Aguardando fechamento da vela... (candles ok: 149)
[COLETOR] Ticks:   2,992 | 1.16246 @ 2026-09-03T20:20:24
[BOT] 1.1625 | Aguardando fechamento da vela... (candles ok: 149)
[COLETOR] Ticks:   2,993 | 1.16246 @ 2026-09-03T20:20:25
[BOT] 1.1625 | Aguardando fechamento da vela... (candles ok: 149)
[COLETOR] Ticks:   2,994 | 1.16246 @ 2026-09-03T20:20:26
[BOT] 1.1625 | Aguardando fechamento da vela... (candles ok: 149)
[COLETOR] Ticks:   2,995 | 1.16246 @ 2026-09-03T20:20:27
[BOT] 1.1625 | Aguardando fechamento da vela... (candles ok: 149)
[COLETOR] Ticks:   2,996 | 1.16246 @ 2026-09-03T20:20:28
[BOT] 1.1625 | Aguardando fechamento da vela... (candles ok: 149)
[COLETOR] Ticks:   2,997 | 1.16246 @ 2026-09-03T20:20:29
[BOT] 1.1625 | Aguardando fechamento da vela... (candles ok: 149)
[COLETOR] Ticks:   2,998 | 1.16246 @ 2026-09-03T20:20:30
[BOT] 1.1625 | Aguardando fechamento da vela... (candles ok: 149)
[COLETOR] Ticks:   2,999 | 1.16246 @ 2026-09-03T20:20:31
[BOT] 1.1625 | Aguardando fechamento da vela... (candles ok: 149)
[COLETOR] Ticks:   3,000 | 1.16247 @ 2026-09-03T20:20:32
[BOT] 1.1625 | Aguardando fechamento da vela... (candles ok: 149)
[COLETOR] Ticks:   3,001 | 1.16246 @ 2026-09-03T20:20:33
[BOT] 1.1625 | Aguardando fechamento da vela... (candles ok: 149)
[COLETOR] Ticks:   3,002 | 1.16246 @ 2026-09-03T20:20:34
[BOT] 1.1625 | Aguardando fechamento da vela... (candles ok: 149)
[COLETOR] Ticks:   3,003 | 1.16246 @ 2026-09-03T20:20:35
[BOT] 1.1625 | Aguardando fechamento da vela... (candles ok: 149)
[COLETOR] Ticks:   3,004 | 1.16246 @ 2026-09-03T20:20:36
[COLETOR] Ticks:   3,005 | 1.16246 @ 2026-09-03T20:20:37
[BOT] 1.1625 | Aguardando fechamento da vela... (candles ok: 149)
[COLETOR] Ticks:   3,006 | 1.16246 @ 2026-09-03T20:20:38
[BOT] 1.1625 | Aguardando fechamento da vela... (candles ok: 149)
[BOT] 1.1625 | Aguardando fechamento da vela... (candles ok: 149)
[COLETOR] Ticks:   3,007 | 1.16246 @ 2026-09-03T20:20:39
[BOT] 1.1625 | Aguardando fechamento da vela... (candles ok: 149)
[COLETOR] Ticks:   3,008 | 1.16246 @ 2026-09-03T20:20:40
[BOT] 1.1625 | Aguardando fechamento da vela... (candles ok: 149)
[COLETOR] Ticks:   3,009 | 1.16246 @ 2026-09-03T20:20:41
[COLETOR] Ticks:   3,010 | 1.16246 @ 2026-09-03T20:20:42
[BOT] 1.1625 | Aguardando fechamento da vela... (candles ok: 149)
[BOT] 1.1625 | Aguardando fechamento da vela... (candles ok: 149)
[COLETOR] Ticks:   3,011 | 1.16246 @ 2026-09-03T20:20:43
[BOT] 1.1625 | Aguardando fechamento da vela... (candles ok: 149)
[COLETOR] Ticks:   3,012 | 1.16246 @ 2026-09-03T20:20:44
[BOT] 1.1625 | Aguardando fechamento da vela... (candles ok: 149)
[COLETOR] Ticks:   3,013 | 1.16246 @ 2026-09-03T20:20:45
[BOT] 1.1625 | Aguardando fechamento da vela... (candles ok: 149)
[COLETOR] Ticks:   3,014 | 1.16246 @ 2026-09-03T20:20:46
[COLETOR] Ticks:   3,015 | 1.16246 @ 2026-09-03T20:20:47
[BOT] 1.1625 | Aguardando fechamento da vela... (candles ok: 149)
[COLETOR] Ticks:   3,016 | 1.16246 @ 2026-09-03T20:20:48
[BOT] 1.1625 | Aguardando fechamento da vela... (candles ok: 149)
[COLETOR] Ticks:   3,017 | 1.16246 @ 2026-09-03T20:20:49
[BOT] 1.1625 | Aguardando fechamento da vela... (candles ok: 149)
[COLETOR] Ticks:   3,018 | 1.16246 @ 2026-09-03T20:20:50
[BOT] 1.1625 | Aguardando fechamento da vela... (candles ok: 149)
[COLETOR] Ticks:   3,019 | 1.16246 @ 2026-09-03T20:20:51
[BOT] 1.1625 | Aguardando fechamento da vela... (candles ok: 149)
[BOT] 1.1625 | Aguardando fechamento da vela... (candles ok: 149)
[COLETOR] Ticks:   3,020 | 1.16246 @ 2026-09-03T20:20:52
[COLETOR] Ticks:   3,021 | 1.16246 @ 2026-09-03T20:20:53
[BOT] 1.1625 | Aguardando fechamento da vela... (candles ok: 149)
[COLETOR] Ticks:   3,022 | 1.16246 @ 2026-09-03T20:20:54
[BOT] 1.1625 | Aguardando fechamento da vela... (candles ok: 149)
[COLETOR] Ticks:   3,023 | 1.16246 @ 2026-09-03T20:20:55
[BOT] 1.1625 | Aguardando fechamento da vela... (candles ok: 149)
[BOT] 1.1625 | Aguardando fechamento da vela... (candles ok: 149)
[COLETOR] Ticks:   3,024 | 1.16246 @ 2026-09-03T20:20:56
[BOT] 1.1625 | Aguardando fechamento da vela... (candles ok: 149)
[COLETOR] Ticks:   3,025 | 1.16246 @ 2026-09-03T20:20:57
[COLETOR] Ticks:   3,026 | 1.16246 @ 2026-09-03T20:20:58
[BOT] 1.1625 | Aguardando fechamento da vela... (candles ok: 149)
[COLETOR] Ticks:   3,027 | 1.16246 @ 2026-09-03T20:20:59
[BOT] 1.1625 | Aguardando fechamento da vela... (candles ok: 149)
[VELA] ━━━━━━━━━━━━━━━━━━━━━━━━━━━━━━━━
  🟢 Hammer (força: 1.00)
  Preço: 1.1625 | Contexto: Demand Zone + Supply Zone + Suporte próximo + FVG Bullish + FVG Bearish
  Ação sugerida: BUY favorecido
[VELA] ━━━━━━━━━━━━━━━━━━━━━━━━━━━━━━━━
[TICK] 1.1625 | EMA9:1.1624 EMA21:1.1624 | RSI:55.0 ADX:22.5 MACD_H:+0.00001
[COLETOR] Ticks:   3,028 | 1.16246 @ 2026-09-03T20:21:00
[BOT] 1.1625 | Aguardando fechamento da vela... (candles ok: 150)
[COLETOR] Ticks:   3,029 | 1.16246 @ 2026-09-03T20:21:01
[BOT] 1.1625 | Aguardando fechamento da vela... (candles ok: 150)
[COLETOR] Ticks:   3,030 | 1.16246 @ 2026-09-03T20:21:02
[COLETOR] Ticks:   3,031 | 1.16246 @ 2026-09-03T20:21:03
[BOT] 1.1625 | Aguardando fechamento da vela... (candles ok: 150)
[BOT] 1.1625 | Aguardando fechamento da vela... (candles ok: 150)
[COLETOR] Ticks:   3,032 | 1.16246 @ 2026-09-03T20:21:04
[COLETOR] Ticks:   3,033 | 1.16246 @ 2026-09-03T20:21:05
[BOT] 1.1625 | Aguardando fechamento da vela... (candles ok: 150)
[BOT] 1.1625 | Aguardando fechamento da vela... (candles ok: 150)
[COLETOR] Ticks:   3,034 | 1.16246 @ 2026-09-03T20:21:06
[COLETOR] Ticks:   3,035 | 1.16246 @ 2026-09-03T20:21:07
[BOT] 1.1625 | Aguardando fechamento da vela... (candles ok: 150)
[BOT] 1.1625 | Aguardando fechamento da vela... (candles ok: 150)
[COLETOR] Ticks:   3,036 | 1.16246 @ 2026-09-03T20:21:08
[COLETOR] Ticks:   3,037 | 1.16246 @ 2026-09-03T20:21:09
[BOT] 1.1625 | Aguardando fechamento da vela... (candles ok: 150)
[BOT] 1.1625 | Aguardando fechamento da vela... (candles ok: 150)
[COLETOR] Ticks:   3,038 | 1.16246 @ 2026-09-03T20:21:10
[COLETOR] Ticks:   3,039 | 1.16246 @ 2026-09-03T20:21:11
[BOT] 1.1625 | Aguardando fechamento da vela... (candles ok: 150)
[COLETOR] Ticks:   3,040 | 1.16246 @ 2026-09-03T20:21:12
[BOT] 1.1625 | Aguardando fechamento da vela... (candles ok: 150)
[COLETOR] Ticks:   3,041 | 1.16246 @ 2026-09-03T20:21:13
[BOT] 1.1625 | Aguardando fechamento da vela... (candles ok: 150)
[BOT] 1.1625 | Aguardando fechamento da vela... (candles ok: 150)
[COLETOR] Ticks:   3,042 | 1.16247 @ 2026-09-03T20:21:14
[COLETOR] Ticks:   3,043 | 1.16246 @ 2026-09-03T20:21:15
[BOT] 1.1625 | Aguardando fechamento da vela... (candles ok: 150)
[BOT] 1.1625 | Aguardando fechamento da vela... (candles ok: 150)
[COLETOR] Ticks:   3,044 | 1.16246 @ 2026-09-03T20:21:16
[COLETOR] Ticks:   3,045 | 1.16246 @ 2026-09-03T20:21:17
[BOT] 1.1625 | Aguardando fechamento da vela... (candles ok: 150)
[COLETOR] Ticks:   3,046 | 1.16246 @ 2026-09-03T20:21:18
[BOT] 1.1625 | Aguardando fechamento da vela... (candles ok: 150)
[BOT] 1.1625 | Aguardando fechamento da vela... (candles ok: 150)
[COLETOR] Ticks:   3,047 | 1.16246 @ 2026-09-03T20:21:19
[BOT] 1.1625 | Aguardando fechamento da vela... (candles ok: 150)
[COLETOR] Ticks:   3,048 | 1.16246 @ 2026-09-03T20:21:20
[COLETOR] Ticks:   3,049 | 1.16246 @ 2026-09-03T20:21:21
[BOT] 1.1625 | Aguardando fechamento da vela... (candles ok: 150)
[COLETOR] Ticks:   3,050 | 1.16246 @ 2026-09-03T20:21:22
[BOT] 1.1625 | Aguardando fechamento da vela... (candles ok: 150)
[COLETOR] Ticks:   3,051 | 1.16246 @ 2026-09-03T20:21:23
[BOT] 1.1625 | Aguardando fechamento da vela... (candles ok: 150)
[BOT] 1.1625 | Aguardando fechamento da vela... (candles ok: 150)
[COLETOR] Ticks:   3,052 | 1.16246 @ 2026-09-03T20:21:24
[COLETOR] Ticks:   3,053 | 1.16246 @ 2026-09-03T20:21:25
[BOT] 1.1625 | Aguardando fechamento da vela... (candles ok: 150)
[BOT] 1.1625 | Aguardando fechamento da vela... (candles ok: 150)
[COLETOR] Ticks:   3,054 | 1.16246 @ 2026-09-03T20:21:26
[COLETOR] Ticks:   3,055 | 1.16246 @ 2026-09-03T20:21:27
[BOT] 1.1625 | Aguardando fechamento da vela... (candles ok: 150)
[BOT] 1.1625 | Aguardando fechamento da vela... (candles ok: 150)
[COLETOR] Ticks:   3,056 | 1.16246 @ 2026-09-03T20:21:28
[COLETOR] Ticks:   3,057 | 1.16246 @ 2026-09-03T20:21:29
[BOT] 1.1625 | Aguardando fechamento da vela... (candles ok: 150)
[BOT] 1.1625 | Aguardando fechamento da vela... (candles ok: 150)
[COLETOR] Ticks:   3,058 | 1.16246 @ 2026-09-03T20:21:30
[BOT] 1.1625 | Aguardando fechamento da vela... (candles ok: 150)
[COLETOR] Ticks:   3,059 | 1.16246 @ 2026-09-03T20:21:31
[BOT] 1.1625 | Aguardando fechamento da vela... (candles ok: 150)
[COLETOR] Ticks:   3,060 | 1.16246 @ 2026-09-03T20:21:32
[COLETOR] Ticks:   3,061 | 1.16246 @ 2026-09-03T20:21:33
[BOT] 1.1625 | Aguardando fechamento da vela... (candles ok: 150)
[COLETOR] Ticks:   3,062 | 1.16246 @ 2026-09-03T20:21:34
[BOT] 1.1625 | Aguardando fechamento da vela... (candles ok: 150)
[BOT] 1.1625 | Aguardando fechamento da vela... (candles ok: 150)
[COLETOR] Ticks:   3,063 | 1.16246 @ 2026-09-03T20:21:35
[BOT] 1.1625 | Aguardando fechamento da vela... (candles ok: 150)
[COLETOR] Ticks:   3,064 | 1.16246 @ 2026-09-03T20:21:36
[BOT] 1.1625 | Aguardando fechamento da vela... (candles ok: 150)
[COLETOR] Ticks:   3,065 | 1.16246 @ 2026-09-03T20:21:37
[BOT] 1.1625 | Aguardando fechamento da vela... (candles ok: 150)
[COLETOR] Ticks:   3,066 | 1.16246 @ 2026-09-03T20:21:38
[COLETOR] Ticks:   3,067 | 1.16246 @ 2026-09-03T20:21:39
[BOT] 1.1625 | Aguardando fechamento da vela... (candles ok: 150)
[COLETOR] Ticks:   3,068 | 1.16247 @ 2026-09-03T20:21:40
[BOT] 1.1625 | Aguardando fechamento da vela... (candles ok: 150)
[BOT] 1.1625 | Aguardando fechamento da vela... (candles ok: 150)
[COLETOR] Ticks:   3,069 | 1.16247 @ 2026-09-03T20:21:41
[BOT] 1.1625 | Aguardando fechamento da vela... (candles ok: 150)
[COLETOR] Ticks:   3,070 | 1.16246 @ 2026-09-03T20:21:42
[BOT] 1.1625 | Aguardando fechamento da vela... (candles ok: 150)
[COLETOR] Ticks:   3,071 | 1.16247 @ 2026-09-03T20:21:43
[BOT] 1.1625 | Aguardando fechamento da vela... (candles ok: 150)
[COLETOR] Ticks:   3,072 | 1.16247 @ 2026-09-03T20:21:44
[COLETOR] Ticks:   3,073 | 1.16247 @ 2026-09-03T20:21:45
[BOT] 1.1625 | Aguardando fechamento da vela... (candles ok: 150)
[BOT] 1.1625 | Aguardando fechamento da vela... (candles ok: 150)
[COLETOR] Ticks:   3,074 | 1.16248 @ 2026-09-03T20:21:46
[COLETOR] Ticks:   3,075 | 1.1625 @ 2026-09-03T20:21:47
[BOT] 1.1625 | Aguardando fechamento da vela... (candles ok: 150)
[BOT] 1.1625 | Aguardando fechamento da vela... (candles ok: 150)
[COLETOR] Ticks:   3,076 | 1.1625 @ 2026-09-03T20:21:48
[BOT] 1.1625 | Aguardando fechamento da vela... (candles ok: 150)
[COLETOR] Ticks:   3,077 | 1.1625 @ 2026-09-03T20:21:49
[COLETOR] Ticks:   3,078 | 1.16251 @ 2026-09-03T20:21:50
[BOT] 1.1625 | Aguardando fechamento da vela... (candles ok: 150)
[BOT] 1.1625 | Aguardando fechamento da vela... (candles ok: 150)
[COLETOR] Ticks:   3,079 | 1.16251 @ 2026-09-03T20:21:51
[BOT] 1.1625 | Aguardando fechamento da vela... (candles ok: 150)
[COLETOR] Ticks:   3,080 | 1.16251 @ 2026-09-03T20:21:52
[BOT] 1.1625 | Aguardando fechamento da vela... (candles ok: 150)
[COLETOR] Ticks:   3,081 | 1.16251 @ 2026-09-03T20:21:53
[COLETOR] Ticks:   3,082 | 1.16251 @ 2026-09-03T20:21:54
[BOT] 1.1625 | Aguardando fechamento da vela... (candles ok: 150)
[COLETOR] Ticks:   3,083 | 1.16251 @ 2026-09-03T20:21:55
[BOT] 1.1625 | Aguardando fechamento da vela... (candles ok: 150)
[BOT] 1.1625 | Aguardando fechamento da vela... (candles ok: 150)
[COLETOR] Ticks:   3,084 | 1.16251 @ 2026-09-03T20:21:56
[COLETOR] Ticks:   3,085 | 1.16251 @ 2026-09-03T20:21:57
[BOT] 1.1625 | Aguardando fechamento da vela... (candles ok: 150)
[BOT] 1.1625 | Aguardando fechamento da vela... (candles ok: 150)
[COLETOR] Ticks:   3,086 | 1.16251 @ 2026-09-03T20:21:58
[COLETOR] Ticks:   3,087 | 1.16251 @ 2026-09-03T20:21:59
[BOT] 1.1625 | Aguardando fechamento da vela... (candles ok: 150)
[VELA] ━━━━━━━━━━━━━━━━━━━━━━━━━━━━━━━━
  🟢 Hammer (força: 1.00)
  Preço: 1.1625 | Contexto: Demand Zone + Supply Zone + Suporte próximo + FVG Bullish + FVG Bearish
  Ação sugerida: BUY favorecido
[VELA] ━━━━━━━━━━━━━━━━━━━━━━━━━━━━━━━━
[TICK] 1.1625 | EMA9:1.1624 EMA21:1.1624 | RSI:61.3 ADX:22.5 MACD_H:+0.00001
[COLETOR] Ticks:   3,088 | 1.16251 @ 2026-09-03T20:22:00
[BOT] 1.1625 | Aguardando fechamento da vela... (candles ok: 151)
[COLETOR] Ticks:   3,089 | 1.16252 @ 2026-09-03T20:22:01
[BOT] 1.1625 | Aguardando fechamento da vela... (candles ok: 151)
[COLETOR] Ticks:   3,090 | 1.16251 @ 2026-09-03T20:22:02
[BOT] 1.1625 | Aguardando fechamento da vela... (candles ok: 151)
[COLETOR] Ticks:   3,091 | 1.16251 @ 2026-09-03T20:22:03
[BOT] 1.1625 | Aguardando fechamento da vela... (candles ok: 151)
[COLETOR] Ticks:   3,092 | 1.16251 @ 2026-09-03T20:22:04
[BOT] 1.1625 | Aguardando fechamento da vela... (candles ok: 151)
[COLETOR] Ticks:   3,093 | 1.16251 @ 2026-09-03T20:22:05
[BOT] 1.1625 | Aguardando fechamento da vela... (candles ok: 151)
[COLETOR] Ticks:   3,094 | 1.16252 @ 2026-09-03T20:22:06
[COLETOR] Ticks:   3,095 | 1.16252 @ 2026-09-03T20:22:07
[BOT] 1.1625 | Aguardando fechamento da vela... (candles ok: 151)
[BOT] 1.1625 | Aguardando fechamento da vela... (candles ok: 151)
[COLETOR] Ticks:   3,096 | 1.16251 @ 2026-09-03T20:22:08
[COLETOR] Ticks:   3,097 | 1.16251 @ 2026-09-03T20:22:09
[BOT] 1.1625 | Aguardando fechamento da vela... (candles ok: 151)
[COLETOR] Ticks:   3,098 | 1.16251 @ 2026-09-03T20:22:10
[BOT] 1.1625 | Aguardando fechamento da vela... (candles ok: 151)
[COLETOR] Ticks:   3,099 | 1.16251 @ 2026-09-03T20:22:11
[BOT] 1.1625 | Aguardando fechamento da vela... (candles ok: 151)
[COLETOR] Ticks:   3,100 | 1.16252 @ 2026-09-03T20:22:12
[BOT] 1.1625 | Aguardando fechamento da vela... (candles ok: 151)
[COLETOR] Ticks:   3,101 | 1.16252 @ 2026-09-03T20:22:13
[BOT] 1.1625 | Aguardando fechamento da vela... (candles ok: 151)
[BOT] 1.1625 | Aguardando fechamento da vela... (candles ok: 151)
[COLETOR] Ticks:   3,102 | 1.16252 @ 2026-09-03T20:22:14
[COLETOR] Ticks:   3,103 | 1.16252 @ 2026-09-03T20:22:15
[BOT] 1.1625 | Aguardando fechamento da vela... (candles ok: 151)
[BOT] 1.1625 | Aguardando fechamento da vela... (candles ok: 151)
[COLETOR] Ticks:   3,104 | 1.16252 @ 2026-09-03T20:22:16
[BOT] 1.1625 | Aguardando fechamento da vela... (candles ok: 151)
[COLETOR] Ticks:   3,105 | 1.16252 @ 2026-09-03T20:22:17
[BOT] 1.1625 | Aguardando fechamento da vela... (candles ok: 151)
[COLETOR] Ticks:   3,106 | 1.16252 @ 2026-09-03T20:22:18
[COLETOR] Ticks:   3,107 | 1.16252 @ 2026-09-03T20:22:19
[BOT] 1.1625 | Aguardando fechamento da vela... (candles ok: 151)
[BOT] 1.1625 | Aguardando fechamento da vela... (candles ok: 151)
[COLETOR] Ticks:   3,108 | 1.16252 @ 2026-09-03T20:22:20
[COLETOR] Ticks:   3,109 | 1.16252 @ 2026-09-03T20:22:21
[BOT] 1.1625 | Aguardando fechamento da vela... (candles ok: 151)
[BOT] 1.1625 | Aguardando fechamento da vela... (candles ok: 151)
[COLETOR] Ticks:   3,110 | 1.16252 @ 2026-09-03T20:22:22
[BOT] 1.1625 | Aguardando fechamento da vela... (candles ok: 151)
[COLETOR] Ticks:   3,111 | 1.16252 @ 2026-09-03T20:22:23
[COLETOR] Ticks:   3,112 | 1.16252 @ 2026-09-03T20:22:24
[BOT] 1.1625 | Aguardando fechamento da vela... (candles ok: 151)
[COLETOR] Ticks:   3,113 | 1.16252 @ 2026-09-03T20:22:25
[BOT] 1.1625 | Aguardando fechamento da vela... (candles ok: 151)
[COLETOR] Ticks:   3,114 | 1.16252 @ 2026-09-03T20:22:26
[BOT] 1.1625 | Aguardando fechamento da vela... (candles ok: 151)
[COLETOR] Ticks:   3,115 | 1.16253 @ 2026-09-03T20:22:27
[BOT] 1.1625 | Aguardando fechamento da vela... (candles ok: 151)
[BOT] 1.1625 | Aguardando fechamento da vela... (candles ok: 151)
[COLETOR] Ticks:   3,116 | 1.16253 @ 2026-09-03T20:22:28
[COLETOR] Ticks:   3,117 | 1.16253 @ 2026-09-03T20:22:29
[BOT] 1.1625 | Aguardando fechamento da vela... (candles ok: 151)
[BOT] 1.1626 | Aguardando fechamento da vela... (candles ok: 151)
[COLETOR] Ticks:   3,118 | 1.16256 @ 2026-09-03T20:22:30
[BOT] 1.1626 | Aguardando fechamento da vela... (candles ok: 151)
[COLETOR] Ticks:   3,119 | 1.16256 @ 2026-09-03T20:22:31
[COLETOR] Ticks:   3,120 | 1.16256 @ 2026-09-03T20:22:32
[BOT] 1.1626 | Aguardando fechamento da vela... (candles ok: 151)
[COLETOR] Ticks:   3,121 | 1.16255 @ 2026-09-03T20:22:33
[BOT] 1.1625 | Aguardando fechamento da vela... (candles ok: 151)
[BOT] 1.1625 | Aguardando fechamento da vela... (candles ok: 151)
[COLETOR] Ticks:   3,122 | 1.16253 @ 2026-09-03T20:22:34
[COLETOR] Ticks:   3,123 | 1.16253 @ 2026-09-03T20:22:35
[BOT] 1.1625 | Aguardando fechamento da vela... (candles ok: 151)
[BOT] 1.1625 | Aguardando fechamento da vela... (candles ok: 151)
[COLETOR] Ticks:   3,124 | 1.16253 @ 2026-09-03T20:22:36
[COLETOR] Ticks:   3,125 | 1.16253 @ 2026-09-03T20:22:37
[BOT] 1.1625 | Aguardando fechamento da vela... (candles ok: 151)
[BOT] 1.1625 | Aguardando fechamento da vela... (candles ok: 151)
[COLETOR] Ticks:   3,126 | 1.16253 @ 2026-09-03T20:22:38
[COLETOR] Ticks:   3,127 | 1.16253 @ 2026-09-03T20:22:39
[BOT] 1.1625 | Aguardando fechamento da vela... (candles ok: 151)
[BOT] 1.1625 | Aguardando fechamento da vela... (candles ok: 151)
[COLETOR] Ticks:   3,128 | 1.16253 @ 2026-09-03T20:22:40
[BOT] 1.1625 | Aguardando fechamento da vela... (candles ok: 151)
[COLETOR] Ticks:   3,129 | 1.16253 @ 2026-09-03T20:22:41
[BOT] 1.1625 | Aguardando fechamento da vela... (candles ok: 151)
[COLETOR] Ticks:   3,130 | 1.16253 @ 2026-09-03T20:22:42
[BOT] 1.1625 | Aguardando fechamento da vela... (candles ok: 151)
[COLETOR] Ticks:   3,131 | 1.16253 @ 2026-09-03T20:22:43
[BOT] 1.1625 | Aguardando fechamento da vela... (candles ok: 151)
[COLETOR] Ticks:   3,132 | 1.16253 @ 2026-09-03T20:22:44
[COLETOR] Ticks:   3,133 | 1.16252 @ 2026-09-03T20:22:45
[BOT] 1.1625 | Aguardando fechamento da vela... (candles ok: 151)
[COLETOR] Ticks:   3,134 | 1.16253 @ 2026-09-03T20:22:46
[BOT] 1.1625 | Aguardando fechamento da vela... (candles ok: 151)
[COLETOR] Ticks:   3,135 | 1.16252 @ 2026-09-03T20:22:47
[BOT] 1.1625 | Aguardando fechamento da vela... (candles ok: 151)
[BOT] 1.1625 | Aguardando fechamento da vela... (candles ok: 151)
[COLETOR] Ticks:   3,136 | 1.16253 @ 2026-09-03T20:22:48
[BOT] 1.1625 | Aguardando fechamento da vela... (candles ok: 151)
[COLETOR] Ticks:   3,137 | 1.16253 @ 2026-09-03T20:22:49
[BOT] 1.1625 | Aguardando fechamento da vela... (candles ok: 151)
[COLETOR] Ticks:   3,138 | 1.16252 @ 2026-09-03T20:22:50
[BOT] 1.1625 | Aguardando fechamento da vela... (candles ok: 151)
[COLETOR] Ticks:   3,139 | 1.16252 @ 2026-09-03T20:22:51
[BOT] 1.1625 | Aguardando fechamento da vela... (candles ok: 151)
[COLETOR] Ticks:   3,140 | 1.16252 @ 2026-09-03T20:22:52
[COLETOR] Ticks:   3,141 | 1.16251 @ 2026-09-03T20:22:53
[BOT] 1.1625 | Aguardando fechamento da vela... (candles ok: 151)
[BOT] 1.1625 | Aguardando fechamento da vela... (candles ok: 151)
[COLETOR] Ticks:   3,142 | 1.16252 @ 2026-09-03T20:22:54
[COLETOR] Ticks:   3,143 | 1.16251 @ 2026-09-03T20:22:55
[BOT] 1.1625 | Aguardando fechamento da vela... (candles ok: 151)
[COLETOR] Ticks:   3,144 | 1.16251 @ 2026-09-03T20:22:56
[BOT] 1.1625 | Aguardando fechamento da vela... (candles ok: 151)
[BOT] 1.1625 | Aguardando fechamento da vela... (candles ok: 151)
[COLETOR] Ticks:   3,145 | 1.16251 @ 2026-09-03T20:22:57
[COLETOR] Ticks:   3,146 | 1.16251 @ 2026-09-03T20:22:58
[BOT] 1.1625 | Aguardando fechamento da vela... (candles ok: 151)
[COLETOR] Ticks:   3,147 | 1.16252 @ 2026-09-03T20:22:59
[BOT] 1.1625 | Aguardando fechamento da vela... (candles ok: 151)
[COLETOR] Ticks:   3,148 | 1.16252 @ 2026-09-03T20:23:00
[VELA] ━━━━━━━━━━━━━━━━━━━━━━━━━━━━━━━━
  🟢 Hammer (força: 1.00)
  Preço: 1.1625 | Contexto: Demand Zone + Supply Zone + Suporte próximo + FVG Bullish + FVG Bearish
  Ação sugerida: BUY favorecido
[VELA] ━━━━━━━━━━━━━━━━━━━━━━━━━━━━━━━━
[TICK] 1.1625 | EMA9:1.1625 EMA21:1.1624 | RSI:62.5 ADX:22.8 MACD_H:+0.00001
[COLETOR] Ticks:   3,149 | 1.16252 @ 2026-09-03T20:23:01
[BOT] 1.1625 | Aguardando fechamento da vela... (candles ok: 152)
[COLETOR] Ticks:   3,150 | 1.16252 @ 2026-09-03T20:23:02
[BOT] 1.1625 | Aguardando fechamento da vela... (candles ok: 152)
[BOT] 1.1625 | Aguardando fechamento da vela... (candles ok: 152)
[COLETOR] Ticks:   3,151 | 1.16252 @ 2026-09-03T20:23:03
[COLETOR] Ticks:   3,152 | 1.16252 @ 2026-09-03T20:23:04
[BOT] 1.1625 | Aguardando fechamento da vela... (candles ok: 152)
[COLETOR] Ticks:   3,153 | 1.16252 @ 2026-09-03T20:23:05
[BOT] 1.1625 | Aguardando fechamento da vela... (candles ok: 152)
[BOT] 1.1625 | Aguardando fechamento da vela... (candles ok: 152)
[COLETOR] Ticks:   3,154 | 1.16252 @ 2026-09-03T20:23:06
[BOT] 1.1625 | Aguardando fechamento da vela... (candles ok: 152)
[COLETOR] Ticks:   3,155 | 1.16253 @ 2026-09-03T20:23:07
[BOT] 1.1625 | Aguardando fechamento da vela... (candles ok: 152)
[COLETOR] Ticks:   3,156 | 1.16254 @ 2026-09-03T20:23:08
[COLETOR] Ticks:   3,157 | 1.16254 @ 2026-09-03T20:23:09
[BOT] 1.1625 | Aguardando fechamento da vela... (candles ok: 152)
[BOT] 1.1625 | Aguardando fechamento da vela... (candles ok: 152)
[COLETOR] Ticks:   3,158 | 1.16254 @ 2026-09-03T20:23:10
[BOT] 1.1625 | Aguardando fechamento da vela... (candles ok: 152)
[COLETOR] Ticks:   3,159 | 1.16254 @ 2026-09-03T20:23:11
[COLETOR] Ticks:   3,160 | 1.16254 @ 2026-09-03T20:23:12
[BOT] 1.1625 | Aguardando fechamento da vela... (candles ok: 152)
[COLETOR] Ticks:   3,161 | 1.16254 @ 2026-09-03T20:23:13
[BOT] 1.1625 | Aguardando fechamento da vela... (candles ok: 152)
[BOT] 1.1625 | Aguardando fechamento da vela... (candles ok: 152)
[COLETOR] Ticks:   3,162 | 1.16254 @ 2026-09-03T20:23:14
[COLETOR] Ticks:   3,163 | 1.16254 @ 2026-09-03T20:23:15
[BOT] 1.1625 | Aguardando fechamento da vela... (candles ok: 152)
[COLETOR] Ticks:   3,164 | 1.16254 @ 2026-09-03T20:23:16
[BOT] 1.1625 | Aguardando fechamento da vela... (candles ok: 152)
[COLETOR] Ticks:   3,165 | 1.16254 @ 2026-09-03T20:23:17
[BOT] 1.1625 | Aguardando fechamento da vela... (candles ok: 152)
[BOT] 1.1625 | Aguardando fechamento da vela... (candles ok: 152)
[COLETOR] Ticks:   3,166 | 1.16254 @ 2026-09-03T20:23:18
[COLETOR] Ticks:   3,167 | 1.16254 @ 2026-09-03T20:23:19
[BOT] 1.1625 | Aguardando fechamento da vela... (candles ok: 152)
[COLETOR] Ticks:   3,168 | 1.16254 @ 2026-09-03T20:23:20
[BOT] 1.1625 | Aguardando fechamento da vela... (candles ok: 152)
[COLETOR] Ticks:   3,169 | 1.16254 @ 2026-09-03T20:23:21
[BOT] 1.1625 | Aguardando fechamento da vela... (candles ok: 152)
[BOT] 1.1625 | Aguardando fechamento da vela... (candles ok: 152)
[COLETOR] Ticks:   3,170 | 1.16254 @ 2026-09-03T20:23:22
[COLETOR] Ticks:   3,171 | 1.16254 @ 2026-09-03T20:23:23
[BOT] 1.1625 | Aguardando fechamento da vela... (candles ok: 152)
[BOT] 1.1625 | Aguardando fechamento da vela... (candles ok: 152)
[COLETOR] Ticks:   3,172 | 1.16253 @ 2026-09-03T20:23:24
[COLETOR] Ticks:   3,173 | 1.16253 @ 2026-09-03T20:23:25
[BOT] 1.1625 | Aguardando fechamento da vela... (candles ok: 152)
[BOT] 1.1625 | Aguardando fechamento da vela... (candles ok: 152)
[COLETOR] Ticks:   3,174 | 1.16254 @ 2026-09-03T20:23:26
[BOT] 1.1625 | Aguardando fechamento da vela... (candles ok: 152)
[COLETOR] Ticks:   3,175 | 1.16254 @ 2026-09-03T20:23:27
[BOT] 1.1625 | Aguardando fechamento da vela... (candles ok: 152)
[COLETOR] Ticks:   3,176 | 1.16254 @ 2026-09-03T20:23:28
[BOT] 1.1625 | Aguardando fechamento da vela... (candles ok: 152)
[COLETOR] Ticks:   3,177 | 1.16254 @ 2026-09-03T20:23:29
[BOT] 1.1625 | Aguardando fechamento da vela... (candles ok: 152)
[COLETOR] Ticks:   3,178 | 1.16254 @ 2026-09-03T20:23:30
[BOT] 1.1625 | Aguardando fechamento da vela... (candles ok: 152)
[COLETOR] Ticks:   3,179 | 1.16254 @ 2026-09-03T20:23:31
[BOT] 1.1625 | Aguardando fechamento da vela... (candles ok: 152)
[COLETOR] Ticks:   3,180 | 1.16254 @ 2026-09-03T20:23:32
[BOT] 1.1625 | Aguardando fechamento da vela... (candles ok: 152)
[COLETOR] Ticks:   3,181 | 1.16254 @ 2026-09-03T20:23:33
[BOT] 1.1625 | Aguardando fechamento da vela... (candles ok: 152)
[COLETOR] Ticks:   3,182 | 1.16254 @ 2026-09-03T20:23:34
[BOT] 1.1625 | Aguardando fechamento da vela... (candles ok: 152)
[COLETOR] Ticks:   3,183 | 1.16254 @ 2026-09-03T20:23:35
[BOT] 1.1625 | Aguardando fechamento da vela... (candles ok: 152)
[COLETOR] Ticks:   3,184 | 1.16254 @ 2026-09-03T20:23:36
[COLETOR] Ticks:   3,185 | 1.16254 @ 2026-09-03T20:23:37
[BOT] 1.1625 | Aguardando fechamento da vela... (candles ok: 152)
[BOT] 1.1625 | Aguardando fechamento da vela... (candles ok: 152)
[COLETOR] Ticks:   3,186 | 1.16254 @ 2026-09-03T20:23:38
[BOT] 1.1625 | Aguardando fechamento da vela... (candles ok: 152)
[COLETOR] Ticks:   3,187 | 1.16254 @ 2026-09-03T20:23:39
[BOT] 1.1625 | Aguardando fechamento da vela... (candles ok: 152)
[COLETOR] Ticks:   3,188 | 1.16254 @ 2026-09-03T20:23:40
[BOT] 1.1625 | Aguardando fechamento da vela... (candles ok: 152)
[COLETOR] Ticks:   3,189 | 1.16254 @ 2026-09-03T20:23:41
[COLETOR] Ticks:   3,190 | 1.16254 @ 2026-09-03T20:23:42
[BOT] 1.1625 | Aguardando fechamento da vela... (candles ok: 152)
[COLETOR] Ticks:   3,191 | 1.16254 @ 2026-09-03T20:23:43
[BOT] 1.1625 | Aguardando fechamento da vela... (candles ok: 152)
[BOT] 1.1625 | Aguardando fechamento da vela... (candles ok: 152)
[COLETOR] Ticks:   3,192 | 1.16254 @ 2026-09-03T20:23:44
[BOT] 1.1625 | Aguardando fechamento da vela... (candles ok: 152)
[COLETOR] Ticks:   3,193 | 1.16254 @ 2026-09-03T20:23:45
[BOT] 1.1625 | Aguardando fechamento da vela... (candles ok: 152)
[COLETOR] Ticks:   3,194 | 1.16254 @ 2026-09-03T20:23:46
[BOT] 1.1625 | Aguardando fechamento da vela... (candles ok: 152)
[COLETOR] Ticks:   3,195 | 1.16254 @ 2026-09-03T20:23:47
[BOT] 1.1625 | Aguardando fechamento da vela... (candles ok: 152)
[COLETOR] Ticks:   3,196 | 1.16254 @ 2026-09-03T20:23:48
[BOT] 1.1625 | Aguardando fechamento da vela... (candles ok: 152)
[COLETOR] Ticks:   3,197 | 1.16254 @ 2026-09-03T20:23:49
[BOT] 1.1625 | Aguardando fechamento da vela... (candles ok: 152)
[COLETOR] Ticks:   3,198 | 1.16254 @ 2026-09-03T20:23:50
[COLETOR] Ticks:   3,199 | 1.16254 @ 2026-09-03T20:23:51
[BOT] 1.1625 | Aguardando fechamento da vela... (candles ok: 152)
[BOT] 1.1625 | Aguardando fechamento da vela... (candles ok: 152)
[COLETOR] Ticks:   3,200 | 1.16254 @ 2026-09-03T20:23:52
[BOT] 1.1625 | Aguardando fechamento da vela... (candles ok: 152)
[COLETOR] Ticks:   3,201 | 1.16254 @ 2026-09-03T20:23:53
[BOT] 1.1625 | Aguardando fechamento da vela... (candles ok: 152)
[COLETOR] Ticks:   3,202 | 1.16254 @ 2026-09-03T20:23:54
[COLETOR] Ticks:   3,203 | 1.16254 @ 2026-09-03T20:23:55
[BOT] 1.1625 | Aguardando fechamento da vela... (candles ok: 152)
[BOT] 1.1625 | Aguardando fechamento da vela... (candles ok: 152)
[COLETOR] Ticks:   3,204 | 1.16254 @ 2026-09-03T20:23:56
[BOT] 1.1625 | Aguardando fechamento da vela... (candles ok: 152)
[COLETOR] Ticks:   3,205 | 1.16254 @ 2026-09-03T20:23:57
[BOT] 1.1625 | Aguardando fechamento da vela... (candles ok: 152)
[COLETOR] Ticks:   3,206 | 1.16254 @ 2026-09-03T20:23:58
[BOT] 1.1625 | Aguardando fechamento da vela... (candles ok: 152)
[COLETOR] Ticks:   3,207 | 1.16254 @ 2026-09-03T20:23:59
[VELA] ━━━━━━━━━━━━━━━━━━━━━━━━━━━━━━━━
  🟢 Hammer (força: 1.00)
  Preço: 1.1625 | Contexto: Demand Zone + Supply Zone + Suporte próximo + FVG Bullish + FVG Bearish
  Ação sugerida: BUY favorecido
[VELA] ━━━━━━━━━━━━━━━━━━━━━━━━━━━━━━━━
[TICK] 1.1625 | EMA9:1.1625 EMA21:1.1624 | RSI:64.7 ADX:23.5 MACD_H:+0.00002
[COLETOR] Ticks:   3,208 | 1.16254 @ 2026-09-03T20:24:00
[BOT] 1.1625 | Aguardando fechamento da vela... (candles ok: 153)
[COLETOR] Ticks:   3,209 | 1.16254 @ 2026-09-03T20:24:01
[BOT] 1.1625 | Aguardando fechamento da vela... (candles ok: 153)
[COLETOR] Ticks:   3,210 | 1.16254 @ 2026-09-03T20:24:02
[BOT] 1.1625 | Aguardando fechamento da vela... (candles ok: 153)
[COLETOR] Ticks:   3,211 | 1.16254 @ 2026-09-03T20:24:03
[BOT] 1.1625 | Aguardando fechamento da vela... (candles ok: 153)
[COLETOR] Ticks:   3,212 | 1.16254 @ 2026-09-03T20:24:04
[COLETOR] Ticks:   3,213 | 1.16254 @ 2026-09-03T20:24:05
[BOT] 1.1625 | Aguardando fechamento da vela... (candles ok: 153)
[BOT] 1.1625 | Aguardando fechamento da vela... (candles ok: 153)
[COLETOR] Ticks:   3,214 | 1.16254 @ 2026-09-03T20:24:06
[BOT] 1.1625 | Aguardando fechamento da vela... (candles ok: 153)
[COLETOR] Ticks:   3,215 | 1.16254 @ 2026-09-03T20:24:07
[BOT] 1.1625 | Aguardando fechamento da vela... (candles ok: 153)
[COLETOR] Ticks:   3,216 | 1.16254 @ 2026-09-03T20:24:08
[BOT] 1.1625 | Aguardando fechamento da vela... (candles ok: 153)
[COLETOR] Ticks:   3,217 | 1.16254 @ 2026-09-03T20:24:09
[BOT] 1.1625 | Aguardando fechamento da vela... (candles ok: 153)
[COLETOR] Ticks:   3,218 | 1.16254 @ 2026-09-03T20:24:10
[BOT] 1.1625 | Aguardando fechamento da vela... (candles ok: 153)
[COLETOR] Ticks:   3,219 | 1.16254 @ 2026-09-03T20:24:11
[BOT] 1.1625 | Aguardando fechamento da vela... (candles ok: 153)
[COLETOR] Ticks:   3,220 | 1.16254 @ 2026-09-03T20:24:12
[COLETOR] Ticks:   3,221 | 1.16254 @ 2026-09-03T20:24:13
[BOT] 1.1625 | Aguardando fechamento da vela... (candles ok: 153)
[BOT] 1.1625 | Aguardando fechamento da vela... (candles ok: 153)
[COLETOR] Ticks:   3,222 | 1.16254 @ 2026-09-03T20:24:14
[BOT] 1.1625 | Aguardando fechamento da vela... (candles ok: 153)
[COLETOR] Ticks:   3,223 | 1.16254 @ 2026-09-03T20:24:15
[BOT] 1.1625 | Aguardando fechamento da vela... (candles ok: 153)
[COLETOR] Ticks:   3,224 | 1.16254 @ 2026-09-03T20:24:16
[BOT] 1.1625 | Aguardando fechamento da vela... (candles ok: 153)
[COLETOR] Ticks:   3,225 | 1.16254 @ 2026-09-03T20:24:17
[BOT] 1.1625 | Aguardando fechamento da vela... (candles ok: 153)
[COLETOR] Ticks:   3,226 | 1.16254 @ 2026-09-03T20:24:18
[BOT] 1.1625 | Aguardando fechamento da vela... (candles ok: 153)
[COLETOR] Ticks:   3,227 | 1.16254 @ 2026-09-03T20:24:19
[BOT] 1.1625 | Aguardando fechamento da vela... (candles ok: 153)
[COLETOR] Ticks:   3,228 | 1.16254 @ 2026-09-03T20:24:20
[BOT] 1.1625 | Aguardando fechamento da vela... (candles ok: 153)
[COLETOR] Ticks:   3,229 | 1.16254 @ 2026-09-03T20:24:21
[BOT] 1.1625 | Aguardando fechamento da vela... (candles ok: 153)
[COLETOR] Ticks:   3,230 | 1.16254 @ 2026-09-03T20:24:22
[BOT] 1.1625 | Aguardando fechamento da vela... (candles ok: 153)
[COLETOR] Ticks:   3,231 | 1.16254 @ 2026-09-03T20:24:23
[BOT] 1.1625 | Aguardando fechamento da vela... (candles ok: 153)
[COLETOR] Ticks:   3,232 | 1.16252 @ 2026-09-03T20:24:24
[BOT] 1.1625 | Aguardando fechamento da vela... (candles ok: 153)
[COLETOR] Ticks:   3,233 | 1.16252 @ 2026-09-03T20:24:25
[BOT] 1.1625 | Aguardando fechamento da vela... (candles ok: 153)
[COLETOR] Ticks:   3,234 | 1.16252 @ 2026-09-03T20:24:26
[BOT] 1.1625 | Aguardando fechamento da vela... (candles ok: 153)
[COLETOR] Ticks:   3,235 | 1.16252 @ 2026-09-03T20:24:27
[BOT] 1.1625 | Aguardando fechamento da vela... (candles ok: 153)
[COLETOR] Ticks:   3,236 | 1.16252 @ 2026-09-03T20:24:28
[COLETOR] Ticks:   3,237 | 1.16252 @ 2026-09-03T20:24:29
[BOT] 1.1625 | Aguardando fechamento da vela... (candles ok: 153)
[BOT] 1.1625 | Aguardando fechamento da vela... (candles ok: 153)
[COLETOR] Ticks:   3,238 | 1.16252 @ 2026-09-03T20:24:30
[BOT] 1.1625 | Aguardando fechamento da vela... (candles ok: 153)
[COLETOR] Ticks:   3,239 | 1.16252 @ 2026-09-03T20:24:31
[BOT] 1.1625 | Aguardando fechamento da vela... (candles ok: 153)
[COLETOR] Ticks:   3,240 | 1.16252 @ 2026-09-03T20:24:32
[BOT] 1.1625 | Aguardando fechamento da vela... (candles ok: 153)
[COLETOR] Ticks:   3,241 | 1.16253 @ 2026-09-03T20:24:33
[BOT] 1.1625 | Aguardando fechamento da vela... (candles ok: 153)
[COLETOR] Ticks:   3,242 | 1.16253 @ 2026-09-03T20:24:34
[COLETOR] Ticks:   3,243 | 1.16254 @ 2026-09-03T20:24:35
[BOT] 1.1625 | Aguardando fechamento da vela... (candles ok: 153)
[BOT] 1.1625 | Aguardando fechamento da vela... (candles ok: 153)
[COLETOR] Ticks:   3,244 | 1.16254 @ 2026-09-03T20:24:36
[COLETOR] Ticks:   3,245 | 1.16254 @ 2026-09-03T20:24:37
[BOT] 1.1625 | Aguardando fechamento da vela... (candles ok: 153)
[BOT] 1.1625 | Aguardando fechamento da vela... (candles ok: 153)
[COLETOR] Ticks:   3,246 | 1.16254 @ 2026-09-03T20:24:38
[BOT] 1.1625 | Aguardando fechamento da vela... (candles ok: 153)
[COLETOR] Ticks:   3,247 | 1.16254 @ 2026-09-03T20:24:39
[BOT] 1.1625 | Aguardando fechamento da vela... (candles ok: 153)
[COLETOR] Ticks:   3,248 | 1.16254 @ 2026-09-03T20:24:40
[BOT] 1.1625 | Aguardando fechamento da vela... (candles ok: 153)
[COLETOR] Ticks:   3,249 | 1.16254 @ 2026-09-03T20:24:41
[BOT] 1.1625 | Aguardando fechamento da vela... (candles ok: 153)
[COLETOR] Ticks:   3,250 | 1.16254 @ 2026-09-03T20:24:42
[BOT] 1.1625 | Aguardando fechamento da vela... (candles ok: 153)
[COLETOR] Ticks:   3,251 | 1.16254 @ 2026-09-03T20:24:43
[BOT] 1.1625 | Aguardando fechamento da vela... (candles ok: 153)
[COLETOR] Ticks:   3,252 | 1.16254 @ 2026-09-03T20:24:44
[BOT] 1.1625 | Aguardando fechamento da vela... (candles ok: 153)
[COLETOR] Ticks:   3,253 | 1.16254 @ 2026-09-03T20:24:45
[BOT] 1.1625 | Aguardando fechamento da vela... (candles ok: 153)
[COLETOR] Ticks:   3,254 | 1.16254 @ 2026-09-03T20:24:46
[BOT] 1.1625 | Aguardando fechamento da vela... (candles ok: 153)
[COLETOR] Ticks:   3,255 | 1.16253 @ 2026-09-03T20:24:47
[BOT] 1.1625 | Aguardando fechamento da vela... (candles ok: 153)
[COLETOR] Ticks:   3,256 | 1.16253 @ 2026-09-03T20:24:48
[BOT] 1.1625 | Aguardando fechamento da vela... (candles ok: 153)
[COLETOR] Ticks:   3,257 | 1.16253 @ 2026-09-03T20:24:49
[BOT] 1.1625 | Aguardando fechamento da vela... (candles ok: 153)
[COLETOR] Ticks:   3,258 | 1.16253 @ 2026-09-03T20:24:50
[BOT] 1.1625 | Aguardando fechamento da vela... (candles ok: 153)
[COLETOR] Ticks:   3,259 | 1.16254 @ 2026-09-03T20:24:51
[COLETOR] Ticks:   3,260 | 1.16254 @ 2026-09-03T20:24:52
[BOT] 1.1625 | Aguardando fechamento da vela... (candles ok: 153)
[BOT] 1.1625 | Aguardando fechamento da vela... (candles ok: 153)
[COLETOR] Ticks:   3,261 | 1.16254 @ 2026-09-03T20:24:53
[BOT] 1.1625 | Aguardando fechamento da vela... (candles ok: 153)
[COLETOR] Ticks:   3,262 | 1.16254 @ 2026-09-03T20:24:54
[COLETOR] Ticks:   3,263 | 1.16253 @ 2026-09-03T20:24:55
[BOT] 1.1625 | Aguardando fechamento da vela... (candles ok: 153)
[BOT] 1.1625 | Aguardando fechamento da vela... (candles ok: 153)
[COLETOR] Ticks:   3,264 | 1.16253 @ 2026-09-03T20:24:56
[BOT] 1.1625 | Aguardando fechamento da vela... (candles ok: 153)
[COLETOR] Ticks:   3,265 | 1.16253 @ 2026-09-03T20:24:57
[BOT] 1.1625 | Aguardando fechamento da vela... (candles ok: 153)
[COLETOR] Ticks:   3,266 | 1.16253 @ 2026-09-03T20:24:58
[BOT] 1.1625 | Aguardando fechamento da vela... (candles ok: 153)
[COLETOR] Ticks:   3,267 | 1.16253 @ 2026-09-03T20:24:59
[TICK] 1.1625 | EMA9:1.1625 EMA21:1.1625 | RSI:62.7 ADX:24.1 MACD_H:+0.00002
[COLETOR] Ticks:   3,268 | 1.16253 @ 2026-09-03T20:25:00
[COLETOR] Ticks:   3,269 | 1.16253 @ 2026-09-03T20:25:01
[BOT] 1.1625 | Aguardando fechamento da vela... (candles ok: 154)
[BOT] 1.1625 | Aguardando fechamento da vela... (candles ok: 154)
[COLETOR] Ticks:   3,270 | 1.16253 @ 2026-09-03T20:25:02
[BOT] 1.1625 | Aguardando fechamento da vela... (candles ok: 154)
[COLETOR] Ticks:   3,271 | 1.16253 @ 2026-09-03T20:25:03
[BOT] 1.1625 | Aguardando fechamento da vela... (candles ok: 154)
[COLETOR] Ticks:   3,272 | 1.16253 @ 2026-09-03T20:25:04
[COLETOR] Ticks:   3,273 | 1.16254 @ 2026-09-03T20:25:05
[BOT] 1.1625 | Aguardando fechamento da vela... (candles ok: 154)
[BOT] 1.1625 | Aguardando fechamento da vela... (candles ok: 154)
[COLETOR] Ticks:   3,274 | 1.16254 @ 2026-09-03T20:25:06
[COLETOR] Ticks:   3,275 | 1.16254 @ 2026-09-03T20:25:07
[BOT] 1.1625 | Aguardando fechamento da vela... (candles ok: 154)
[BOT] 1.1625 | Aguardando fechamento da vela... (candles ok: 154)
[COLETOR] Ticks:   3,276 | 1.16254 @ 2026-09-03T20:25:08
[BOT] 1.1625 | Aguardando fechamento da vela... (candles ok: 154)
[COLETOR] Ticks:   3,277 | 1.16253 @ 2026-09-03T20:25:09
[BOT] 1.1625 | Aguardando fechamento da vela... (candles ok: 154)
[COLETOR] Ticks:   3,278 | 1.16254 @ 2026-09-03T20:25:10
[COLETOR] Ticks:   3,279 | 1.16253 @ 2026-09-03T20:25:11
[BOT] 1.1625 | Aguardando fechamento da vela... (candles ok: 154)
[COLETOR] Ticks:   3,280 | 1.16253 @ 2026-09-03T20:25:12
[BOT] 1.1625 | Aguardando fechamento da vela... (candles ok: 154)
[BOT] 1.1625 | Aguardando fechamento da vela... (candles ok: 154)
[COLETOR] Ticks:   3,281 | 1.16253 @ 2026-09-03T20:25:13
[BOT] 1.1625 | Aguardando fechamento da vela... (candles ok: 154)
[COLETOR] Ticks:   3,282 | 1.16253 @ 2026-09-03T20:25:14
[COLETOR] Ticks:   3,283 | 1.16253 @ 2026-09-03T20:25:15
[BOT] 1.1625 | Aguardando fechamento da vela... (candles ok: 154)
[BOT] 1.1625 | Aguardando fechamento da vela... (candles ok: 154)
[COLETOR] Ticks:   3,284 | 1.16253 @ 2026-09-03T20:25:16
[COLETOR] Ticks:   3,285 | 1.16253 @ 2026-09-03T20:25:17
[BOT] 1.1625 | Aguardando fechamento da vela... (candles ok: 154)
[BOT] 1.1625 | Aguardando fechamento da vela... (candles ok: 154)
[COLETOR] Ticks:   3,286 | 1.16253 @ 2026-09-03T20:25:18
[BOT] 1.1625 | Aguardando fechamento da vela... (candles ok: 154)
[COLETOR] Ticks:   3,287 | 1.16253 @ 2026-09-03T20:25:19
[BOT] 1.1625 | Aguardando fechamento da vela... (candles ok: 154)
[COLETOR] Ticks:   3,288 | 1.16253 @ 2026-09-03T20:25:20
[COLETOR] Ticks:   3,289 | 1.16253 @ 2026-09-03T20:25:21
[BOT] 1.1625 | Aguardando fechamento da vela... (candles ok: 154)
[BOT] 1.1625 | Aguardando fechamento da vela... (candles ok: 154)
[COLETOR] Ticks:   3,290 | 1.16253 @ 2026-09-03T20:25:22
[BOT] 1.1625 | Aguardando fechamento da vela... (candles ok: 154)
[COLETOR] Ticks:   3,291 | 1.16253 @ 2026-09-03T20:25:23
[BOT] 1.1625 | Aguardando fechamento da vela... (candles ok: 154)
[COLETOR] Ticks:   3,292 | 1.16253 @ 2026-09-03T20:25:24
[COLETOR] Ticks:   3,293 | 1.16253 @ 2026-09-03T20:25:25
[BOT] 1.1625 | Aguardando fechamento da vela... (candles ok: 154)
[BOT] 1.1625 | Aguardando fechamento da vela... (candles ok: 154)
[COLETOR] Ticks:   3,294 | 1.16253 @ 2026-09-03T20:25:26
[BOT] 1.1625 | Aguardando fechamento da vela... (candles ok: 154)
[COLETOR] Ticks:   3,295 | 1.16253 @ 2026-09-03T20:25:27
[BOT] 1.1625 | Aguardando fechamento da vela... (candles ok: 154)
[COLETOR] Ticks:   3,296 | 1.16253 @ 2026-09-03T20:25:28
[BOT] 1.1625 | Aguardando fechamento da vela... (candles ok: 154)
[COLETOR] Ticks:   3,297 | 1.16253 @ 2026-09-03T20:25:29
[BOT] 1.1625 | Aguardando fechamento da vela... (candles ok: 154)
[COLETOR] Ticks:   3,298 | 1.16253 @ 2026-09-03T20:25:30
[BOT] 1.1625 | Aguardando fechamento da vela... (candles ok: 154)
[COLETOR] Ticks:   3,299 | 1.16253 @ 2026-09-03T20:25:31
[BOT] 1.1625 | Aguardando fechamento da vela... (candles ok: 154)
[COLETOR] Ticks:   3,300 | 1.16253 @ 2026-09-03T20:25:32
[BOT] 1.1625 | Aguardando fechamento da vela... (candles ok: 154)
[COLETOR] Ticks:   3,301 | 1.16253 @ 2026-09-03T20:25:33
[BOT] 1.1625 | Aguardando fechamento da vela... (candles ok: 154)
[COLETOR] Ticks:   3,302 | 1.16253 @ 2026-09-03T20:25:34
[COLETOR] Ticks:   3,303 | 1.16253 @ 2026-09-03T20:25:35
[BOT] 1.1625 | Aguardando fechamento da vela... (candles ok: 154)
[BOT] 1.1625 | Aguardando fechamento da vela... (candles ok: 154)
[COLETOR] Ticks:   3,304 | 1.16253 @ 2026-09-03T20:25:36
[COLETOR] Ticks:   3,305 | 1.16253 @ 2026-09-03T20:25:37
[BOT] 1.1625 | Aguardando fechamento da vela... (candles ok: 154)
[BOT] 1.1625 | Aguardando fechamento da vela... (candles ok: 154)
[COLETOR] Ticks:   3,306 | 1.16253 @ 2026-09-03T20:25:38
[BOT] 1.1625 | Aguardando fechamento da vela... (candles ok: 154)
[COLETOR] Ticks:   3,307 | 1.16252 @ 2026-09-03T20:25:39
[BOT] 1.1625 | Aguardando fechamento da vela... (candles ok: 154)
[COLETOR] Ticks:   3,308 | 1.16252 @ 2026-09-03T20:25:40
[COLETOR] Ticks:   3,309 | 1.16252 @ 2026-09-03T20:25:41
[BOT] 1.1625 | Aguardando fechamento da vela... (candles ok: 154)
[COLETOR] Ticks:   3,310 | 1.16253 @ 2026-09-03T20:25:42
[BOT] 1.1625 | Aguardando fechamento da vela... (candles ok: 154)
[COLETOR] Ticks:   3,311 | 1.16253 @ 2026-09-03T20:25:43
[BOT] 1.1625 | Aguardando fechamento da vela... (candles ok: 154)
[BOT] 1.1625 | Aguardando fechamento da vela... (candles ok: 154)
[COLETOR] Ticks:   3,312 | 1.16253 @ 2026-09-03T20:25:44
[COLETOR] Ticks:   3,313 | 1.16253 @ 2026-09-03T20:25:45
[BOT] 1.1625 | Aguardando fechamento da vela... (candles ok: 154)
[BOT] 1.1625 | Aguardando fechamento da vela... (candles ok: 154)
[COLETOR] Ticks:   3,314 | 1.16253 @ 2026-09-03T20:25:46
[COLETOR] Ticks:   3,315 | 1.16253 @ 2026-09-03T20:25:47
[BOT] 1.1625 | Aguardando fechamento da vela... (candles ok: 154)
[BOT] 1.1625 | Aguardando fechamento da vela... (candles ok: 154)
[COLETOR] Ticks:   3,316 | 1.16253 @ 2026-09-03T20:25:48
[BOT] 1.1625 | Aguardando fechamento da vela... (candles ok: 154)
[COLETOR] Ticks:   3,317 | 1.16253 @ 2026-09-03T20:25:49
[BOT] 1.1625 | Aguardando fechamento da vela... (candles ok: 154)
[COLETOR] Ticks:   3,318 | 1.16252 @ 2026-09-03T20:25:50
[COLETOR] Ticks:   3,319 | 1.16252 @ 2026-09-03T20:25:51
[BOT] 1.1625 | Aguardando fechamento da vela... (candles ok: 154)
[COLETOR] Ticks:   3,320 | 1.16252 @ 2026-09-03T20:25:52
[BOT] 1.1625 | Aguardando fechamento da vela... (candles ok: 154)
[BOT] 1.1625 | Aguardando fechamento da vela... (candles ok: 154)
[COLETOR] Ticks:   3,321 | 1.16252 @ 2026-09-03T20:25:53
[BOT] 1.1625 | Aguardando fechamento da vela... (candles ok: 154)
[COLETOR] Ticks:   3,322 | 1.16252 @ 2026-09-03T20:25:54
[COLETOR] Ticks:   3,323 | 1.16252 @ 2026-09-03T20:25:55
[BOT] 1.1625 | Aguardando fechamento da vela... (candles ok: 154)
[BOT] 1.1625 | Aguardando fechamento da vela... (candles ok: 154)
[COLETOR] Ticks:   3,324 | 1.16252 @ 2026-09-03T20:25:56
[COLETOR] Ticks:   3,325 | 1.16252 @ 2026-09-03T20:25:57
[BOT] 1.1625 | Aguardando fechamento da vela... (candles ok: 154)
[BOT] 1.1625 | Aguardando fechamento da vela... (candles ok: 154)
[COLETOR] Ticks:   3,326 | 1.16252 @ 2026-09-03T20:25:58
[BOT] 1.1625 | Aguardando fechamento da vela... (candles ok: 154)
[COLETOR] Ticks:   3,327 | 1.16253 @ 2026-09-03T20:25:59
[TICK] 1.1625 | EMA9:1.1625 EMA21:1.1625 | RSI:62.7 ADX:24.6 MACD_H:+0.00001
[COLETOR] Ticks:   3,328 | 1.16252 @ 2026-09-03T20:26:00
[BOT] 1.1625 | Aguardando fechamento da vela... (candles ok: 155)
[COLETOR] Ticks:   3,329 | 1.16252 @ 2026-09-03T20:26:01
[BOT] 1.1625 | Aguardando fechamento da vela... (candles ok: 155)
[COLETOR] Ticks:   3,330 | 1.16252 @ 2026-09-03T20:26:02
[BOT] 1.1625 | Aguardando fechamento da vela... (candles ok: 155)
[COLETOR] Ticks:   3,331 | 1.16252 @ 2026-09-03T20:26:03
[BOT] 1.1625 | Aguardando fechamento da vela... (candles ok: 155)
[COLETOR] Ticks:   3,332 | 1.16252 @ 2026-09-03T20:26:04
[BOT] 1.1625 | Aguardando fechamento da vela... (candles ok: 155)
[COLETOR] Ticks:   3,333 | 1.16252 @ 2026-09-03T20:26:05
[BOT] 1.1625 | Aguardando fechamento da vela... (candles ok: 155)
[COLETOR] Ticks:   3,334 | 1.16252 @ 2026-09-03T20:26:06
[BOT] 1.1625 | Aguardando fechamento da vela... (candles ok: 155)
[COLETOR] Ticks:   3,335 | 1.16252 @ 2026-09-03T20:26:07
[BOT] 1.1625 | Aguardando fechamento da vela... (candles ok: 155)
[COLETOR] Ticks:   3,336 | 1.16252 @ 2026-09-03T20:26:08
[BOT] 1.1625 | Aguardando fechamento da vela... (candles ok: 155)
[COLETOR] Ticks:   3,337 | 1.16252 @ 2026-09-03T20:26:09
[BOT] 1.1625 | Aguardando fechamento da vela... (candles ok: 155)
[COLETOR] Ticks:   3,338 | 1.16252 @ 2026-09-03T20:26:10
[BOT] 1.1625 | Aguardando fechamento da vela... (candles ok: 155)
[COLETOR] Ticks:   3,339 | 1.16252 @ 2026-09-03T20:26:11
[BOT] 1.1625 | Aguardando fechamento da vela... (candles ok: 155)
[COLETOR] Ticks:   3,340 | 1.16252 @ 2026-09-03T20:26:12
[BOT] 1.1625 | Aguardando fechamento da vela... (candles ok: 155)
[COLETOR] Ticks:   3,341 | 1.16252 @ 2026-09-03T20:26:13
[BOT] 1.1625 | Aguardando fechamento da vela... (candles ok: 155)
[COLETOR] Ticks:   3,342 | 1.16252 @ 2026-09-03T20:26:14
[BOT] 1.1625 | Aguardando fechamento da vela... (candles ok: 155)
[COLETOR] Ticks:   3,343 | 1.16252 @ 2026-09-03T20:26:15
[BOT] 1.1625 | Aguardando fechamento da vela... (candles ok: 155)
[COLETOR] Ticks:   3,344 | 1.16252 @ 2026-09-03T20:26:16
[BOT] 1.1625 | Aguardando fechamento da vela... (candles ok: 155)
[COLETOR] Ticks:   3,345 | 1.16252 @ 2026-09-03T20:26:17
[BOT] 1.1625 | Aguardando fechamento da vela... (candles ok: 155)
[COLETOR] Ticks:   3,346 | 1.16252 @ 2026-09-03T20:26:18
[BOT] 1.1625 | Aguardando fechamento da vela... (candles ok: 155)
[COLETOR] Ticks:   3,347 | 1.16252 @ 2026-09-03T20:26:19
[BOT] 1.1625 | Aguardando fechamento da vela... (candles ok: 155)
[COLETOR] Ticks:   3,348 | 1.16252 @ 2026-09-03T20:26:20
[BOT] 1.1625 | Aguardando fechamento da vela... (candles ok: 155)
[COLETOR] Ticks:   3,349 | 1.16252 @ 2026-09-03T20:26:21
[BOT] 1.1625 | Aguardando fechamento da vela... (candles ok: 155)
[COLETOR] Ticks:   3,350 | 1.16252 @ 2026-09-03T20:26:22
[BOT] 1.1625 | Aguardando fechamento da vela... (candles ok: 155)
[COLETOR] Ticks:   3,351 | 1.16253 @ 2026-09-03T20:26:23
[BOT] 1.1625 | Aguardando fechamento da vela... (candles ok: 155)
[COLETOR] Ticks:   3,352 | 1.16253 @ 2026-09-03T20:26:24
[BOT] 1.1625 | Aguardando fechamento da vela... (candles ok: 155)
[COLETOR] Ticks:   3,353 | 1.16253 @ 2026-09-03T20:26:25
[BOT] 1.1625 | Aguardando fechamento da vela... (candles ok: 155)
[COLETOR] Ticks:   3,354 | 1.16253 @ 2026-09-03T20:26:26
[BOT] 1.1625 | Aguardando fechamento da vela... (candles ok: 155)
[COLETOR] Ticks:   3,355 | 1.16253 @ 2026-09-03T20:26:27
[BOT] 1.1625 | Aguardando fechamento da vela... (candles ok: 155)
[COLETOR] Ticks:   3,356 | 1.16253 @ 2026-09-03T20:26:28
[BOT] 1.1625 | Aguardando fechamento da vela... (candles ok: 155)
[COLETOR] Ticks:   3,357 | 1.16252 @ 2026-09-03T20:26:29
[BOT] 1.1625 | Aguardando fechamento da vela... (candles ok: 155)
[COLETOR] Ticks:   3,358 | 1.16252 @ 2026-09-03T20:26:30
[BOT] 1.1625 | Aguardando fechamento da vela... (candles ok: 155)
[COLETOR] Ticks:   3,359 | 1.16253 @ 2026-09-03T20:26:31
[BOT] 1.1625 | Aguardando fechamento da vela... (candles ok: 155)
[COLETOR] Ticks:   3,360 | 1.16253 @ 2026-09-03T20:26:32
[BOT] 1.1625 | Aguardando fechamento da vela... (candles ok: 155)
[COLETOR] Ticks:   3,361 | 1.16253 @ 2026-09-03T20:26:33
[COLETOR] Ticks:   3,362 | 1.16252 @ 2026-09-03T20:26:34
[BOT] 1.1625 | Aguardando fechamento da vela... (candles ok: 155)
[BOT] 1.1625 | Aguardando fechamento da vela... (candles ok: 155)
[COLETOR] Ticks:   3,363 | 1.16253 @ 2026-09-03T20:26:35
[COLETOR] Ticks:   3,364 | 1.16253 @ 2026-09-03T20:26:36
[BOT] 1.1625 | Aguardando fechamento da vela... (candles ok: 155)
[BOT] 1.1625 | Aguardando fechamento da vela... (candles ok: 155)
[COLETOR] Ticks:   3,365 | 1.16254 @ 2026-09-03T20:26:37
[COLETOR] Ticks:   3,366 | 1.16254 @ 2026-09-03T20:26:38
[BOT] 1.1625 | Aguardando fechamento da vela... (candles ok: 155)
[BOT] 1.1625 | Aguardando fechamento da vela... (candles ok: 155)
[COLETOR] Ticks:   3,367 | 1.16254 @ 2026-09-03T20:26:39
[BOT] 1.1625 | Aguardando fechamento da vela... (candles ok: 155)
[COLETOR] Ticks:   3,368 | 1.16254 @ 2026-09-03T20:26:40
[BOT] 1.1625 | Aguardando fechamento da vela... (candles ok: 155)
[COLETOR] Ticks:   3,369 | 1.16254 @ 2026-09-03T20:26:41
[COLETOR] Ticks:   3,370 | 1.16254 @ 2026-09-03T20:26:42
[BOT] 1.1625 | Aguardando fechamento da vela... (candles ok: 155)
[BOT] 1.1625 | Aguardando fechamento da vela... (candles ok: 155)
[COLETOR] Ticks:   3,371 | 1.16254 @ 2026-09-03T20:26:43
[BOT] 1.1625 | Aguardando fechamento da vela... (candles ok: 155)
[COLETOR] Ticks:   3,372 | 1.16254 @ 2026-09-03T20:26:44
[BOT] 1.1625 | Aguardando fechamento da vela... (candles ok: 155)
[COLETOR] Ticks:   3,373 | 1.16254 @ 2026-09-03T20:26:45
[BOT] 1.1625 | Aguardando fechamento da vela... (candles ok: 155)
[COLETOR] Ticks:   3,374 | 1.16254 @ 2026-09-03T20:26:46
[BOT] 1.1625 | Aguardando fechamento da vela... (candles ok: 155)
[COLETOR] Ticks:   3,375 | 1.16254 @ 2026-09-03T20:26:47
[BOT] 1.1625 | Aguardando fechamento da vela... (candles ok: 155)
[COLETOR] Ticks:   3,376 | 1.16254 @ 2026-09-03T20:26:48
[BOT] 1.1625 | Aguardando fechamento da vela... (candles ok: 155)
[COLETOR] Ticks:   3,377 | 1.16254 @ 2026-09-03T20:26:49
[COLETOR] Ticks:   3,378 | 1.16254 @ 2026-09-03T20:26:50
[BOT] 1.1625 | Aguardando fechamento da vela... (candles ok: 155)
[BOT] 1.1625 | Aguardando fechamento da vela... (candles ok: 155)
[COLETOR] Ticks:   3,379 | 1.16254 @ 2026-09-03T20:26:51
[BOT] 1.1625 | Aguardando fechamento da vela... (candles ok: 155)
[COLETOR] Ticks:   3,380 | 1.16254 @ 2026-09-03T20:26:52
[BOT] 1.1625 | Aguardando fechamento da vela... (candles ok: 155)
[COLETOR] Ticks:   3,381 | 1.16254 @ 2026-09-03T20:26:53
[BOT] 1.1625 | Aguardando fechamento da vela... (candles ok: 155)
[COLETOR] Ticks:   3,382 | 1.16254 @ 2026-09-03T20:26:54
[BOT] 1.1625 | Aguardando fechamento da vela... (candles ok: 155)
[COLETOR] Ticks:   3,383 | 1.16254 @ 2026-09-03T20:26:55
[BOT] 1.1625 | Aguardando fechamento da vela... (candles ok: 155)
[COLETOR] Ticks:   3,384 | 1.16254 @ 2026-09-03T20:26:56
[BOT] 1.1625 | Aguardando fechamento da vela... (candles ok: 155)
[COLETOR] Ticks:   3,385 | 1.16254 @ 2026-09-03T20:26:57
[BOT] 1.1625 | Aguardando fechamento da vela... (candles ok: 155)
[COLETOR] Ticks:   3,386 | 1.16254 @ 2026-09-03T20:26:58
[BOT] 1.1625 | Aguardando fechamento da vela... (candles ok: 155)
[COLETOR] Ticks:   3,387 | 1.16254 @ 2026-09-03T20:26:59
[TICK] 1.1625 | EMA9:1.1625 EMA21:1.1625 | RSI:64.0 ADX:25.4 MACD_H:+0.00001
[COLETOR] Ticks:   3,388 | 1.16254 @ 2026-09-03T20:27:00
[BOT] 1.1625 | Aguardando fechamento da vela... (candles ok: 156)
[COLETOR] Ticks:   3,389 | 1.16254 @ 2026-09-03T20:27:01
[BOT] 1.1625 | Aguardando fechamento da vela... (candles ok: 156)
[COLETOR] Ticks:   3,390 | 1.16254 @ 2026-09-03T20:27:02
[BOT] 1.1625 | Aguardando fechamento da vela... (candles ok: 156)
[COLETOR] Ticks:   3,391 | 1.16254 @ 2026-09-03T20:27:03
[BOT] 1.1625 | Aguardando fechamento da vela... (candles ok: 156)
[COLETOR] Ticks:   3,392 | 1.16254 @ 2026-09-03T20:27:04
[BOT] 1.1625 | Aguardando fechamento da vela... (candles ok: 156)
[COLETOR] Ticks:   3,393 | 1.16254 @ 2026-09-03T20:27:05
[BOT] 1.1625 | Aguardando fechamento da vela... (candles ok: 156)
[COLETOR] Ticks:   3,394 | 1.16254 @ 2026-09-03T20:27:06
[BOT] 1.1625 | Aguardando fechamento da vela... (candles ok: 156)
[COLETOR] Ticks:   3,395 | 1.16254 @ 2026-09-03T20:27:07
[BOT] 1.1625 | Aguardando fechamento da vela... (candles ok: 156)
[COLETOR] Ticks:   3,396 | 1.16254 @ 2026-09-03T20:27:08
[BOT] 1.1625 | Aguardando fechamento da vela... (candles ok: 156)
[COLETOR] Ticks:   3,397 | 1.16254 @ 2026-09-03T20:27:09
[COLETOR] Ticks:   3,398 | 1.16254 @ 2026-09-03T20:27:10
[BOT] 1.1625 | Aguardando fechamento da vela... (candles ok: 156)
[BOT] 1.1625 | Aguardando fechamento da vela... (candles ok: 156)
[COLETOR] Ticks:   3,399 | 1.16254 @ 2026-09-03T20:27:11
[BOT] 1.1625 | Aguardando fechamento da vela... (candles ok: 156)
[COLETOR] Ticks:   3,400 | 1.16254 @ 2026-09-03T20:27:12
[COLETOR] Ticks:   3,401 | 1.16254 @ 2026-09-03T20:27:13
[BOT] 1.1625 | Aguardando fechamento da vela... (candles ok: 156)
[BOT] 1.1625 | Aguardando fechamento da vela... (candles ok: 156)
[COLETOR] Ticks:   3,402 | 1.16254 @ 2026-09-03T20:27:14
[BOT] 1.1625 | Aguardando fechamento da vela... (candles ok: 156)
[COLETOR] Ticks:   3,403 | 1.16254 @ 2026-09-03T20:27:15
[BOT] 1.1625 | Aguardando fechamento da vela... (candles ok: 156)
[COLETOR] Ticks:   3,404 | 1.16254 @ 2026-09-03T20:27:16
[COLETOR] Ticks:   3,405 | 1.16254 @ 2026-09-03T20:27:17
[BOT] 1.1625 | Aguardando fechamento da vela... (candles ok: 156)
[BOT] 1.1625 | Aguardando fechamento da vela... (candles ok: 156)
[COLETOR] Ticks:   3,406 | 1.16254 @ 2026-09-03T20:27:18
[BOT] 1.1625 | Aguardando fechamento da vela... (candles ok: 156)
[COLETOR] Ticks:   3,407 | 1.16254 @ 2026-09-03T20:27:19
[BOT] 1.1625 | Aguardando fechamento da vela... (candles ok: 156)
[COLETOR] Ticks:   3,408 | 1.16254 @ 2026-09-03T20:27:20
[BOT] 1.1625 | Aguardando fechamento da vela... (candles ok: 156)
[COLETOR] Ticks:   3,409 | 1.16254 @ 2026-09-03T20:27:21
[BOT] 1.1625 | Aguardando fechamento da vela... (candles ok: 156)
[COLETOR] Ticks:   3,410 | 1.16254 @ 2026-09-03T20:27:22
[BOT] 1.1625 | Aguardando fechamento da vela... (candles ok: 156)
[COLETOR] Ticks:   3,411 | 1.16254 @ 2026-09-03T20:27:23
[BOT] 1.1625 | Aguardando fechamento da vela... (candles ok: 156)
[COLETOR] Ticks:   3,412 | 1.16254 @ 2026-09-03T20:27:24
[BOT] 1.1625 | Aguardando fechamento da vela... (candles ok: 156)
[COLETOR] Ticks:   3,413 | 1.16254 @ 2026-09-03T20:27:25
[BOT] 1.1625 | Aguardando fechamento da vela... (candles ok: 156)
[COLETOR] Ticks:   3,414 | 1.16253 @ 2026-09-03T20:27:26
[BOT] 1.1625 | Aguardando fechamento da vela... (candles ok: 156)
[COLETOR] Ticks:   3,415 | 1.16253 @ 2026-09-03T20:27:27
[BOT] 1.1625 | Aguardando fechamento da vela... (candles ok: 156)
[COLETOR] Ticks:   3,416 | 1.16254 @ 2026-09-03T20:27:28
[BOT] 1.1625 | Aguardando fechamento da vela... (candles ok: 156)
[COLETOR] Ticks:   3,417 | 1.16254 @ 2026-09-03T20:27:29
[BOT] 1.1625 | Aguardando fechamento da vela... (candles ok: 156)
[COLETOR] Ticks:   3,418 | 1.16254 @ 2026-09-03T20:27:30
[BOT] 1.1625 | Aguardando fechamento da vela... (candles ok: 156)
[COLETOR] Ticks:   3,419 | 1.16254 @ 2026-09-03T20:27:31
[BOT] 1.1625 | Aguardando fechamento da vela... (candles ok: 156)
[COLETOR] Ticks:   3,420 | 1.16254 @ 2026-09-03T20:27:32
[BOT] 1.1625 | Aguardando fechamento da vela... (candles ok: 156)
[COLETOR] Ticks:   3,421 | 1.16254 @ 2026-09-03T20:27:33
[BOT] 1.1625 | Aguardando fechamento da vela... (candles ok: 156)
[COLETOR] Ticks:   3,422 | 1.16254 @ 2026-09-03T20:27:34
[BOT] 1.1625 | Aguardando fechamento da vela... (candles ok: 156)
[COLETOR] Ticks:   3,423 | 1.16253 @ 2026-09-03T20:27:35
[BOT] 1.1625 | Aguardando fechamento da vela... (candles ok: 156)
[COLETOR] Ticks:   3,424 | 1.16253 @ 2026-09-03T20:27:36
[BOT] 1.1625 | Aguardando fechamento da vela... (candles ok: 156)
[COLETOR] Ticks:   3,425 | 1.16253 @ 2026-09-03T20:27:37
[COLETOR] Ticks:   3,426 | 1.16253 @ 2026-09-03T20:27:38
[BOT] 1.1625 | Aguardando fechamento da vela... (candles ok: 156)
[BOT] 1.1625 | Aguardando fechamento da vela... (candles ok: 156)
[COLETOR] Ticks:   3,427 | 1.16253 @ 2026-09-03T20:27:39
[BOT] 1.1625 | Aguardando fechamento da vela... (candles ok: 156)
[COLETOR] Ticks:   3,428 | 1.16254 @ 2026-09-03T20:27:40
[BOT] 1.1625 | Aguardando fechamento da vela... (candles ok: 156)
[COLETOR] Ticks:   3,429 | 1.16254 @ 2026-09-03T20:27:41
[BOT] 1.1625 | Aguardando fechamento da vela... (candles ok: 156)
[COLETOR] Ticks:   3,430 | 1.16254 @ 2026-09-03T20:27:42
[BOT] 1.1625 | Aguardando fechamento da vela... (candles ok: 156)
[COLETOR] Ticks:   3,431 | 1.16253 @ 2026-09-03T20:27:43
[BOT] 1.1625 | Aguardando fechamento da vela... (candles ok: 156)
[COLETOR] Ticks:   3,432 | 1.16253 @ 2026-09-03T20:27:44
[BOT] 1.1625 | Aguardando fechamento da vela... (candles ok: 156)
[COLETOR] Ticks:   3,433 | 1.16253 @ 2026-09-03T20:27:45
[BOT] 1.1625 | Aguardando fechamento da vela... (candles ok: 156)
[COLETOR] Ticks:   3,434 | 1.16253 @ 2026-09-03T20:27:46
[BOT] 1.1625 | Aguardando fechamento da vela... (candles ok: 156)
[COLETOR] Ticks:   3,435 | 1.16253 @ 2026-09-03T20:27:47
[BOT] 1.1625 | Aguardando fechamento da vela... (candles ok: 156)
[COLETOR] Ticks:   3,436 | 1.16253 @ 2026-09-03T20:27:48
[COLETOR] Ticks:   3,437 | 1.16253 @ 2026-09-03T20:27:49
[BOT] 1.1625 | Aguardando fechamento da vela... (candles ok: 156)
[BOT] 1.1625 | Aguardando fechamento da vela... (candles ok: 156)
[COLETOR] Ticks:   3,438 | 1.16253 @ 2026-09-03T20:27:50
[COLETOR] Ticks:   3,439 | 1.16253 @ 2026-09-03T20:27:51
[BOT] 1.1625 | Aguardando fechamento da vela... (candles ok: 156)
[BOT] 1.1625 | Aguardando fechamento da vela... (candles ok: 156)
[COLETOR] Ticks:   3,440 | 1.16253 @ 2026-09-03T20:27:52
[BOT] 1.1625 | Aguardando fechamento da vela... (candles ok: 156)
[COLETOR] Ticks:   3,441 | 1.16253 @ 2026-09-03T20:27:53
[BOT] 1.1625 | Aguardando fechamento da vela... (candles ok: 156)
[COLETOR] Ticks:   3,442 | 1.16253 @ 2026-09-03T20:27:54
[BOT] 1.1625 | Aguardando fechamento da vela... (candles ok: 156)
[COLETOR] Ticks:   3,443 | 1.16252 @ 2026-09-03T20:27:55
[BOT] 1.1625 | Aguardando fechamento da vela... (candles ok: 156)
[COLETOR] Ticks:   3,444 | 1.16252 @ 2026-09-03T20:27:56
[COLETOR] Ticks:   3,445 | 1.16252 @ 2026-09-03T20:27:57
[BOT] 1.1625 | Aguardando fechamento da vela... (candles ok: 156)
[BOT] 1.1625 | Aguardando fechamento da vela... (candles ok: 156)
[COLETOR] Ticks:   3,446 | 1.16252 @ 2026-09-03T20:27:58
[BOT] 1.1625 | Aguardando fechamento da vela... (candles ok: 156)
[COLETOR] Ticks:   3,447 | 1.16252 @ 2026-09-03T20:27:59
[TICK] 1.1625 | EMA9:1.1625 EMA21:1.1625 | RSI:59.5 ADX:25.6 MACD_H:+0.00001
[COLETOR] Ticks:   3,448 | 1.16252 @ 2026-09-03T20:28:00
[COLETOR] Ticks:   3,449 | 1.16252 @ 2026-09-03T20:28:01
[BOT] 1.1625 | Aguardando fechamento da vela... (candles ok: 157)
[BOT] 1.1625 | Aguardando fechamento da vela... (candles ok: 157)
[COLETOR] Ticks:   3,450 | 1.16252 @ 2026-09-03T20:28:02
[BOT] 1.1625 | Aguardando fechamento da vela... (candles ok: 157)
[COLETOR] Ticks:   3,451 | 1.16252 @ 2026-09-03T20:28:03
[BOT] 1.1625 | Aguardando fechamento da vela... (candles ok: 157)
[COLETOR] Ticks:   3,452 | 1.16252 @ 2026-09-03T20:28:04
[COLETOR] Ticks:   3,453 | 1.16252 @ 2026-09-03T20:28:05
[BOT] 1.1625 | Aguardando fechamento da vela... (candles ok: 157)
[BOT] 1.1625 | Aguardando fechamento da vela... (candles ok: 157)
[COLETOR] Ticks:   3,454 | 1.16252 @ 2026-09-03T20:28:06
[BOT] 1.1625 | Aguardando fechamento da vela... (candles ok: 157)
[COLETOR] Ticks:   3,455 | 1.16249 @ 2026-09-03T20:28:07
[BOT] 1.1625 | Aguardando fechamento da vela... (candles ok: 157)
[COLETOR] Ticks:   3,456 | 1.16249 @ 2026-09-03T20:28:08
[BOT] 1.1625 | Aguardando fechamento da vela... (candles ok: 157)
[COLETOR] Ticks:   3,457 | 1.16249 @ 2026-09-03T20:28:09
[BOT] 1.1625 | Aguardando fechamento da vela... (candles ok: 157)
[COLETOR] Ticks:   3,458 | 1.16248 @ 2026-09-03T20:28:10
[BOT] 1.1625 | Aguardando fechamento da vela... (candles ok: 157)
[COLETOR] Ticks:   3,459 | 1.16249 @ 2026-09-03T20:28:11
[BOT] 1.1625 | Aguardando fechamento da vela... (candles ok: 157)
[COLETOR] Ticks:   3,460 | 1.16249 @ 2026-09-03T20:28:12
[BOT] 1.1625 | Aguardando fechamento da vela... (candles ok: 157)
[COLETOR] Ticks:   3,461 | 1.16249 @ 2026-09-03T20:28:13
[BOT] 1.1625 | Aguardando fechamento da vela... (candles ok: 157)
[COLETOR] Ticks:   3,462 | 1.16249 @ 2026-09-03T20:28:14
[BOT] 1.1625 | Aguardando fechamento da vela... (candles ok: 157)
[COLETOR] Ticks:   3,463 | 1.16249 @ 2026-09-03T20:28:15
[BOT] 1.1625 | Aguardando fechamento da vela... (candles ok: 157)
[COLETOR] Ticks:   3,464 | 1.16249 @ 2026-09-03T20:28:16
[COLETOR] Ticks:   3,465 | 1.16249 @ 2026-09-03T20:28:17
[BOT] 1.1625 | Aguardando fechamento da vela... (candles ok: 157)
[BOT] 1.1625 | Aguardando fechamento da vela... (candles ok: 157)
[COLETOR] Ticks:   3,466 | 1.16249 @ 2026-09-03T20:28:18
[BOT] 1.1625 | Aguardando fechamento da vela... (candles ok: 157)
[COLETOR] Ticks:   3,467 | 1.16249 @ 2026-09-03T20:28:19
[BOT] 1.1625 | Aguardando fechamento da vela... (candles ok: 157)
[COLETOR] Ticks:   3,468 | 1.16249 @ 2026-09-03T20:28:20
[COLETOR] Ticks:   3,469 | 1.16248 @ 2026-09-03T20:28:21
[BOT] 1.1625 | Aguardando fechamento da vela... (candles ok: 157)
[BOT] 1.1625 | Aguardando fechamento da vela... (candles ok: 157)
[COLETOR] Ticks:   3,470 | 1.16249 @ 2026-09-03T20:28:22
[COLETOR] Ticks:   3,471 | 1.16249 @ 2026-09-03T20:28:23
[BOT] 1.1625 | Aguardando fechamento da vela... (candles ok: 157)
[BOT] 1.1625 | Aguardando fechamento da vela... (candles ok: 157)
[COLETOR] Ticks:   3,472 | 1.16249 @ 2026-09-03T20:28:24
[BOT] 1.1625 | Aguardando fechamento da vela... (candles ok: 157)
[COLETOR] Ticks:   3,473 | 1.16249 @ 2026-09-03T20:28:25
[BOT] 1.1625 | Aguardando fechamento da vela... (candles ok: 157)
[COLETOR] Ticks:   3,474 | 1.16249 @ 2026-09-03T20:28:26
[BOT] 1.1625 | Aguardando fechamento da vela... (candles ok: 157)
[COLETOR] Ticks:   3,475 | 1.16249 @ 2026-09-03T20:28:27
[BOT] 1.1625 | Aguardando fechamento da vela... (candles ok: 157)
[COLETOR] Ticks:   3,476 | 1.16249 @ 2026-09-03T20:28:28
[BOT] 1.1625 | Aguardando fechamento da vela... (candles ok: 157)
[COLETOR] Ticks:   3,477 | 1.16249 @ 2026-09-03T20:28:29
[BOT] 1.1625 | Aguardando fechamento da vela... (candles ok: 157)
[COLETOR] Ticks:   3,478 | 1.16249 @ 2026-09-03T20:28:30
[BOT] 1.1625 | Aguardando fechamento da vela... (candles ok: 157)
[COLETOR] Ticks:   3,479 | 1.16249 @ 2026-09-03T20:28:31
[BOT] 1.1625 | Aguardando fechamento da vela... (candles ok: 157)
[COLETOR] Ticks:   3,480 | 1.16249 @ 2026-09-03T20:28:32
[COLETOR] Ticks:   3,481 | 1.16249 @ 2026-09-03T20:28:33
[BOT] 1.1625 | Aguardando fechamento da vela... (candles ok: 157)
[BOT] 1.1625 | Aguardando fechamento da vela... (candles ok: 157)
[COLETOR] Ticks:   3,482 | 1.16249 @ 2026-09-03T20:28:34
[BOT] 1.1625 | Aguardando fechamento da vela... (candles ok: 157)
[COLETOR] Ticks:   3,483 | 1.16249 @ 2026-09-03T20:28:35
[BOT] 1.1625 | Aguardando fechamento da vela... (candles ok: 157)
[COLETOR] Ticks:   3,484 | 1.16249 @ 2026-09-03T20:28:36
[COLETOR] Ticks:   3,485 | 1.16249 @ 2026-09-03T20:28:37
[BOT] 1.1625 | Aguardando fechamento da vela... (candles ok: 157)
[BOT] 1.1625 | Aguardando fechamento da vela... (candles ok: 157)
[COLETOR] Ticks:   3,486 | 1.16249 @ 2026-09-03T20:28:38
[BOT] 1.1625 | Aguardando fechamento da vela... (candles ok: 157)
[COLETOR] Ticks:   3,487 | 1.16249 @ 2026-09-03T20:28:39
[BOT] 1.1625 | Aguardando fechamento da vela... (candles ok: 157)
[COLETOR] Ticks:   3,488 | 1.16249 @ 2026-09-03T20:28:40
[BOT] 1.1625 | Aguardando fechamento da vela... (candles ok: 157)
[COLETOR] Ticks:   3,489 | 1.16249 @ 2026-09-03T20:28:41
[BOT] 1.1625 | Aguardando fechamento da vela... (candles ok: 157)
[COLETOR] Ticks:   3,490 | 1.16249 @ 2026-09-03T20:28:42
[BOT] 1.1625 | Aguardando fechamento da vela... (candles ok: 157)
[COLETOR] Ticks:   3,491 | 1.16249 @ 2026-09-03T20:28:43
[BOT] 1.1625 | Aguardando fechamento da vela... (candles ok: 157)
[COLETOR] Ticks:   3,492 | 1.16249 @ 2026-09-03T20:28:44
[BOT] 1.1625 | Aguardando fechamento da vela... (candles ok: 157)
[COLETOR] Ticks:   3,493 | 1.1625 @ 2026-09-03T20:28:45
[BOT] 1.1625 | Aguardando fechamento da vela... (candles ok: 157)
[COLETOR] Ticks:   3,494 | 1.16249 @ 2026-09-03T20:28:46
[BOT] 1.1625 | Aguardando fechamento da vela... (candles ok: 157)
[COLETOR] Ticks:   3,495 | 1.16251 @ 2026-09-03T20:28:47
[BOT] 1.1625 | Aguardando fechamento da vela... (candles ok: 157)
[COLETOR] Ticks:   3,496 | 1.16251 @ 2026-09-03T20:28:48
[BOT] 1.1625 | Aguardando fechamento da vela... (candles ok: 157)
[COLETOR] Ticks:   3,497 | 1.16251 @ 2026-09-03T20:28:49
[BOT] 1.1625 | Aguardando fechamento da vela... (candles ok: 157)
[COLETOR] Ticks:   3,498 | 1.16251 @ 2026-09-03T20:28:50
[BOT] 1.1625 | Aguardando fechamento da vela... (candles ok: 157)
[COLETOR] Ticks:   3,499 | 1.16251 @ 2026-09-03T20:28:51
[BOT] 1.1625 | Aguardando fechamento da vela... (candles ok: 157)
[COLETOR] Ticks:   3,500 | 1.16251 @ 2026-09-03T20:28:52
[COLETOR] Ticks:   3,501 | 1.16251 @ 2026-09-03T20:28:53
[BOT] 1.1625 | Aguardando fechamento da vela... (candles ok: 157)
[BOT] 1.1625 | Aguardando fechamento da vela... (candles ok: 157)
[COLETOR] Ticks:   3,502 | 1.16251 @ 2026-09-03T20:28:54
[BOT] 1.1625 | Aguardando fechamento da vela... (candles ok: 157)
[COLETOR] Ticks:   3,503 | 1.16251 @ 2026-09-03T20:28:55
[BOT] 1.1625 | Aguardando fechamento da vela... (candles ok: 157)
[COLETOR] Ticks:   3,504 | 1.16251 @ 2026-09-03T20:28:56
[BOT] 1.1625 | Aguardando fechamento da vela... (candles ok: 157)
[COLETOR] Ticks:   3,505 | 1.16252 @ 2026-09-03T20:28:57
[BOT] 1.1625 | Aguardando fechamento da vela... (candles ok: 157)
[COLETOR] Ticks:   3,506 | 1.16252 @ 2026-09-03T20:28:58
[BOT] 1.1625 | Aguardando fechamento da vela... (candles ok: 157)
[COLETOR] Ticks:   3,507 | 1.16252 @ 2026-09-03T20:28:59
[TICK] 1.1625 | EMA9:1.1625 EMA21:1.1625 | RSI:59.5 ADX:25.8 MACD_H:+0.00001
[COLETOR] Ticks:   3,508 | 1.16252 @ 2026-09-03T20:29:00
[BOT] 1.1625 | Aguardando fechamento da vela... (candles ok: 158)
[COLETOR] Ticks:   3,509 | 1.16252 @ 2026-09-03T20:29:01
[BOT] 1.1625 | Aguardando fechamento da vela... (candles ok: 158)
[COLETOR] Ticks:   3,510 | 1.16252 @ 2026-09-03T20:29:02
[BOT] 1.1625 | Aguardando fechamento da vela... (candles ok: 158)
[COLETOR] Ticks:   3,511 | 1.16252 @ 2026-09-03T20:29:03
[BOT] 1.1625 | Aguardando fechamento da vela... (candles ok: 158)
[COLETOR] Ticks:   3,512 | 1.16252 @ 2026-09-03T20:29:04
[BOT] 1.1625 | Aguardando fechamento da vela... (candles ok: 158)
[COLETOR] Ticks:   3,513 | 1.16252 @ 2026-09-03T20:29:05
[BOT] 1.1625 | Aguardando fechamento da vela... (candles ok: 158)
[COLETOR] Ticks:   3,514 | 1.16252 @ 2026-09-03T20:29:06
[BOT] 1.1625 | Aguardando fechamento da vela... (candles ok: 158)
[COLETOR] Ticks:   3,515 | 1.16252 @ 2026-09-03T20:29:07
[BOT] 1.1625 | Aguardando fechamento da vela... (candles ok: 158)
[COLETOR] Ticks:   3,516 | 1.16252 @ 2026-09-03T20:29:08
[BOT] 1.1625 | Aguardando fechamento da vela... (candles ok: 158)
[COLETOR] Ticks:   3,517 | 1.16252 @ 2026-09-03T20:29:09
[BOT] 1.1625 | Aguardando fechamento da vela... (candles ok: 158)
[COLETOR] Ticks:   3,518 | 1.16252 @ 2026-09-03T20:29:10
[COLETOR] Ticks:   3,519 | 1.16252 @ 2026-09-03T20:29:11
[BOT] 1.1625 | Aguardando fechamento da vela... (candles ok: 158)
[BOT] 1.1625 | Aguardando fechamento da vela... (candles ok: 158)
[COLETOR] Ticks:   3,520 | 1.16252 @ 2026-09-03T20:29:12
[BOT] 1.1625 | Aguardando fechamento da vela... (candles ok: 158)
[COLETOR] Ticks:   3,521 | 1.16252 @ 2026-09-03T20:29:13
[BOT] 1.1625 | Aguardando fechamento da vela... (candles ok: 158)
[COLETOR] Ticks:   3,522 | 1.16252 @ 2026-09-03T20:29:14
[BOT] 1.1625 | Aguardando fechamento da vela... (candles ok: 158)
[COLETOR] Ticks:   3,523 | 1.16252 @ 2026-09-03T20:29:15
[BOT] 1.1625 | Aguardando fechamento da vela... (candles ok: 158)
[COLETOR] Ticks:   3,524 | 1.16251 @ 2026-09-03T20:29:16
[BOT] 1.1625 | Aguardando fechamento da vela... (candles ok: 158)
[COLETOR] Ticks:   3,525 | 1.16251 @ 2026-09-03T20:29:17
[BOT] 1.1625 | Aguardando fechamento da vela... (candles ok: 158)
[COLETOR] Ticks:   3,526 | 1.16251 @ 2026-09-03T20:29:18
[BOT] 1.1625 | Aguardando fechamento da vela... (candles ok: 158)
[COLETOR] Ticks:   3,527 | 1.1625 @ 2026-09-03T20:29:19
[BOT] 1.1625 | Aguardando fechamento da vela... (candles ok: 158)
[COLETOR] Ticks:   3,528 | 1.1625 @ 2026-09-03T20:29:20
[COLETOR] Ticks:   3,529 | 1.1625 @ 2026-09-03T20:29:21
[BOT] 1.1625 | Aguardando fechamento da vela... (candles ok: 158)
[BOT] 1.1625 | Aguardando fechamento da vela... (candles ok: 158)
[COLETOR] Ticks:   3,530 | 1.16251 @ 2026-09-03T20:29:22
[BOT] 1.1625 | Aguardando fechamento da vela... (candles ok: 158)
[COLETOR] Ticks:   3,531 | 1.16251 @ 2026-09-03T20:29:23
[BOT] 1.1625 | Aguardando fechamento da vela... (candles ok: 158)
[COLETOR] Ticks:   3,532 | 1.16251 @ 2026-09-03T20:29:24
[BOT] 1.1625 | Aguardando fechamento da vela... (candles ok: 158)
[COLETOR] Ticks:   3,533 | 1.16251 @ 2026-09-03T20:29:25
[BOT] 1.1625 | Aguardando fechamento da vela... (candles ok: 158)
[COLETOR] Ticks:   3,534 | 1.16251 @ 2026-09-03T20:29:26
[BOT] 1.1625 | Aguardando fechamento da vela... (candles ok: 158)
[COLETOR] Ticks:   3,535 | 1.16251 @ 2026-09-03T20:29:27
[BOT] 1.1625 | Aguardando fechamento da vela... (candles ok: 158)
[COLETOR] Ticks:   3,536 | 1.16251 @ 2026-09-03T20:29:28
[BOT] 1.1625 | Aguardando fechamento da vela... (candles ok: 158)
[COLETOR] Ticks:   3,537 | 1.16251 @ 2026-09-03T20:29:29
[BOT] 1.1625 | Aguardando fechamento da vela... (candles ok: 158)
[COLETOR] Ticks:   3,538 | 1.16251 @ 2026-09-03T20:29:30
[BOT] 1.1625 | Aguardando fechamento da vela... (candles ok: 158)
[COLETOR] Ticks:   3,539 | 1.1625 @ 2026-09-03T20:29:31
[BOT] 1.1625 | Aguardando fechamento da vela... (candles ok: 158)
[COLETOR] Ticks:   3,540 | 1.1625 @ 2026-09-03T20:29:32
[BOT] 1.1625 | Aguardando fechamento da vela... (candles ok: 158)
[COLETOR] Ticks:   3,541 | 1.1625 @ 2026-09-03T20:29:33
[BOT] 1.1625 | Aguardando fechamento da vela... (candles ok: 158)
[COLETOR] Ticks:   3,542 | 1.1625 @ 2026-09-03T20:29:34
[BOT] 1.1625 | Aguardando fechamento da vela... (candles ok: 158)
[COLETOR] Ticks:   3,543 | 1.1625 @ 2026-09-03T20:29:35
[BOT] 1.1625 | Aguardando fechamento da vela... (candles ok: 158)
[COLETOR] Ticks:   3,544 | 1.1625 @ 2026-09-03T20:29:36
[BOT] 1.1625 | Aguardando fechamento da vela... (candles ok: 158)
[COLETOR] Ticks:   3,545 | 1.16251 @ 2026-09-03T20:29:37
[BOT] 1.1625 | Aguardando fechamento da vela... (candles ok: 158)
[COLETOR] Ticks:   3,546 | 1.1625 @ 2026-09-03T20:29:38
[BOT] 1.1625 | Aguardando fechamento da vela... (candles ok: 158)
[COLETOR] Ticks:   3,547 | 1.1625 @ 2026-09-03T20:29:39
[COLETOR] Ticks:   3,548 | 1.1625 @ 2026-09-03T20:29:40
[BOT] 1.1625 | Aguardando fechamento da vela... (candles ok: 158)
[COLETOR] Ticks:   3,549 | 1.16251 @ 2026-09-03T20:29:41
[BOT] 1.1625 | Aguardando fechamento da vela... (candles ok: 158)
[BOT] 1.1625 | Aguardando fechamento da vela... (candles ok: 158)
[COLETOR] Ticks:   3,550 | 1.16251 @ 2026-09-03T20:29:42
[COLETOR] Ticks:   3,551 | 1.16251 @ 2026-09-03T20:29:43
[BOT] 1.1625 | Aguardando fechamento da vela... (candles ok: 158)
[BOT] 1.1625 | Aguardando fechamento da vela... (candles ok: 158)
[COLETOR] Ticks:   3,552 | 1.16251 @ 2026-09-03T20:29:44
[BOT] 1.1625 | Aguardando fechamento da vela... (candles ok: 158)
[COLETOR] Ticks:   3,553 | 1.1625 @ 2026-09-03T20:29:45
[COLETOR] Ticks:   3,554 | 1.16251 @ 2026-09-03T20:29:46
[BOT] 1.1625 | Aguardando fechamento da vela... (candles ok: 158)
[BOT] 1.1625 | Aguardando fechamento da vela... (candles ok: 158)
[COLETOR] Ticks:   3,555 | 1.1625 @ 2026-09-03T20:29:47
[BOT] 1.1625 | Aguardando fechamento da vela... (candles ok: 158)
[COLETOR] Ticks:   3,556 | 1.16251 @ 2026-09-03T20:29:48
[COLETOR] Ticks:   3,557 | 1.16251 @ 2026-09-03T20:29:49
[BOT] 1.1625 | Aguardando fechamento da vela... (candles ok: 158)
[BOT] 1.1625 | Aguardando fechamento da vela... (candles ok: 158)
[COLETOR] Ticks:   3,558 | 1.1625 @ 2026-09-03T20:29:50
[BOT] 1.1625 | Aguardando fechamento da vela... (candles ok: 158)
[COLETOR] Ticks:   3,559 | 1.1625 @ 2026-09-03T20:29:51
[BOT] 1.1625 | Aguardando fechamento da vela... (candles ok: 158)
[COLETOR] Ticks:   3,560 | 1.1625 @ 2026-09-03T20:29:52
[BOT] 1.1625 | Aguardando fechamento da vela... (candles ok: 158)
[COLETOR] Ticks:   3,561 | 1.16251 @ 2026-09-03T20:29:53
[BOT] 1.1625 | Aguardando fechamento da vela... (candles ok: 158)
[COLETOR] Ticks:   3,562 | 1.1625 @ 2026-09-03T20:29:54
[BOT] 1.1625 | Aguardando fechamento da vela... (candles ok: 158)
[COLETOR] Ticks:   3,563 | 1.16251 @ 2026-09-03T20:29:55
[BOT] 1.1625 | Aguardando fechamento da vela... (candles ok: 158)
[COLETOR] Ticks:   3,564 | 1.16251 @ 2026-09-03T20:29:56
[BOT] 1.1625 | Aguardando fechamento da vela... (candles ok: 158)
[COLETOR] Ticks:   3,565 | 1.16251 @ 2026-09-03T20:29:57
[BOT] 1.1625 | Aguardando fechamento da vela... (candles ok: 158)
[COLETOR] Ticks:   3,566 | 1.16251 @ 2026-09-03T20:29:58
[BOT] 1.1625 | Aguardando fechamento da vela... (candles ok: 158)
[COLETOR] Ticks:   3,567 | 1.16251 @ 2026-09-03T20:29:59
[TICK] 1.1625 | EMA9:1.1625 EMA21:1.1625 | RSI:57.2 ADX:25.6 MACD_H:+0.00001
[COLETOR] Ticks:   3,568 | 1.16251 @ 2026-09-03T20:30:00
[BOT] 1.1625 | Aguardando fechamento da vela... (candles ok: 159)
[COLETOR] Ticks:   3,569 | 1.1625 @ 2026-09-03T20:30:01
[BOT] 1.1625 | Aguardando fechamento da vela... (candles ok: 159)
[COLETOR] Ticks:   3,570 | 1.1625 @ 2026-09-03T20:30:02
[COLETOR] Ticks:   3,571 | 1.16249 @ 2026-09-03T20:30:03
[BOT] 1.1625 | Aguardando fechamento da vela... (candles ok: 159)
[BOT] 1.1625 | Aguardando fechamento da vela... (candles ok: 159)
[COLETOR] Ticks:   3,572 | 1.1625 @ 2026-09-03T20:30:04
[COLETOR] Ticks:   3,573 | 1.1625 @ 2026-09-03T20:30:05
[BOT] 1.1625 | Aguardando fechamento da vela... (candles ok: 159)
[BOT] 1.1625 | Aguardando fechamento da vela... (candles ok: 159)
[COLETOR] Ticks:   3,574 | 1.1625 @ 2026-09-03T20:30:06
[COLETOR] Ticks:   3,575 | 1.1625 @ 2026-09-03T20:30:07
[BOT] 1.1625 | Aguardando fechamento da vela... (candles ok: 159)
[BOT] 1.1625 | Aguardando fechamento da vela... (candles ok: 159)
[COLETOR] Ticks:   3,576 | 1.1625 @ 2026-09-03T20:30:08
[BOT] 1.1625 | Aguardando fechamento da vela... (candles ok: 159)
[COLETOR] Ticks:   3,577 | 1.16251 @ 2026-09-03T20:30:09
[COLETOR] Ticks:   3,578 | 1.1625 @ 2026-09-03T20:30:10
[BOT] 1.1625 | Aguardando fechamento da vela... (candles ok: 159)
[COLETOR] Ticks:   3,579 | 1.1625 @ 2026-09-03T20:30:11
[BOT] 1.1625 | Aguardando fechamento da vela... (candles ok: 159)
[BOT] 1.1625 | Aguardando fechamento da vela... (candles ok: 159)
[COLETOR] Ticks:   3,580 | 1.16251 @ 2026-09-03T20:30:12
[COLETOR] Ticks:   3,581 | 1.16251 @ 2026-09-03T20:30:13
[BOT] 1.1625 | Aguardando fechamento da vela... (candles ok: 159)
[BOT] 1.1625 | Aguardando fechamento da vela... (candles ok: 159)
[COLETOR] Ticks:   3,582 | 1.16251 @ 2026-09-03T20:30:14
[BOT] 1.1625 | Aguardando fechamento da vela... (candles ok: 159)
[COLETOR] Ticks:   3,583 | 1.16251 @ 2026-09-03T20:30:15
[BOT] 1.1625 | Aguardando fechamento da vela... (candles ok: 159)
[COLETOR] Ticks:   3,584 | 1.16251 @ 2026-09-03T20:30:16
[COLETOR] Ticks:   3,585 | 1.1625 @ 2026-09-03T20:30:17
[BOT] 1.1625 | Aguardando fechamento da vela... (candles ok: 159)
[COLETOR] Ticks:   3,586 | 1.16251 @ 2026-09-03T20:30:18
[BOT] 1.1625 | Aguardando fechamento da vela... (candles ok: 159)
[COLETOR] Ticks:   3,587 | 1.16251 @ 2026-09-03T20:30:19
[BOT] 1.1625 | Aguardando fechamento da vela... (candles ok: 159)
[BOT] 1.1625 | Aguardando fechamento da vela... (candles ok: 159)
[COLETOR] Ticks:   3,588 | 1.16251 @ 2026-09-03T20:30:20
[BOT] 1.1625 | Aguardando fechamento da vela... (candles ok: 159)
[COLETOR] Ticks:   3,589 | 1.16251 @ 2026-09-03T20:30:21
[BOT] 1.1625 | Aguardando fechamento da vela... (candles ok: 159)
[COLETOR] Ticks:   3,590 | 1.16251 @ 2026-09-03T20:30:22
[BOT] 1.1625 | Aguardando fechamento da vela... (candles ok: 159)
[COLETOR] Ticks:   3,591 | 1.16251 @ 2026-09-03T20:30:23
[BOT] 1.1625 | Aguardando fechamento da vela... (candles ok: 159)
[COLETOR] Ticks:   3,592 | 1.16251 @ 2026-09-03T20:30:24
[BOT] 1.1625 | Aguardando fechamento da vela... (candles ok: 159)
[COLETOR] Ticks:   3,593 | 1.16251 @ 2026-09-03T20:30:25
[BOT] 1.1625 | Aguardando fechamento da vela... (candles ok: 159)
[COLETOR] Ticks:   3,594 | 1.16251 @ 2026-09-03T20:30:26
[BOT] 1.1625 | Aguardando fechamento da vela... (candles ok: 159)
[COLETOR] Ticks:   3,595 | 1.16251 @ 2026-09-03T20:30:27
[BOT] 1.1625 | Aguardando fechamento da vela... (candles ok: 159)
[COLETOR] Ticks:   3,596 | 1.16251 @ 2026-09-03T20:30:28
[BOT] 1.1625 | Aguardando fechamento da vela... (candles ok: 159)
[COLETOR] Ticks:   3,597 | 1.16251 @ 2026-09-03T20:30:29
[BOT] 1.1625 | Aguardando fechamento da vela... (candles ok: 159)
[COLETOR] Ticks:   3,598 | 1.16251 @ 2026-09-03T20:30:30
[BOT] 1.1625 | Aguardando fechamento da vela... (candles ok: 159)
[COLETOR] Ticks:   3,599 | 1.16251 @ 2026-09-03T20:30:31
[BOT] 1.1625 | Aguardando fechamento da vela... (candles ok: 159)
[COLETOR] Ticks:   3,600 | 1.1625 @ 2026-09-03T20:30:32
[BOT] 1.1625 | Aguardando fechamento da vela... (candles ok: 159)
[COLETOR] Ticks:   3,601 | 1.16251 @ 2026-09-03T20:30:33
[BOT] 1.1625 | Aguardando fechamento da vela... (candles ok: 159)
[COLETOR] Ticks:   3,602 | 1.16251 @ 2026-09-03T20:30:34
[BOT] 1.1625 | Aguardando fechamento da vela... (candles ok: 159)
[COLETOR] Ticks:   3,603 | 1.16251 @ 2026-09-03T20:30:35
[BOT] 1.1625 | Aguardando fechamento da vela... (candles ok: 159)
[COLETOR] Ticks:   3,604 | 1.16251 @ 2026-09-03T20:30:36
[BOT] 1.1625 | Aguardando fechamento da vela... (candles ok: 159)
[COLETOR] Ticks:   3,605 | 1.16251 @ 2026-09-03T20:30:37
[BOT] 1.1625 | Aguardando fechamento da vela... (candles ok: 159)
[COLETOR] Ticks:   3,606 | 1.16252 @ 2026-09-03T20:30:38
[COLETOR] Ticks:   3,607 | 1.16257 @ 2026-09-03T20:30:39
[BOT] 1.1626 | Aguardando fechamento da vela... (candles ok: 159)
[BOT] 1.1626 | Aguardando fechamento da vela... (candles ok: 159)
[COLETOR] Ticks:   3,608 | 1.16256 @ 2026-09-03T20:30:40
[BOT] 1.1626 | Aguardando fechamento da vela... (candles ok: 159)
[COLETOR] Ticks:   3,609 | 1.16256 @ 2026-09-03T20:30:41
[BOT] 1.1626 | Aguardando fechamento da vela... (candles ok: 159)
[COLETOR] Ticks:   3,610 | 1.16257 @ 2026-09-03T20:30:42
[BOT] 1.1626 | Aguardando fechamento da vela... (candles ok: 159)
[COLETOR] Ticks:   3,611 | 1.16256 @ 2026-09-03T20:30:43
[BOT] 1.1626 | Aguardando fechamento da vela... (candles ok: 159)
[COLETOR] Ticks:   3,612 | 1.16256 @ 2026-09-03T20:30:44
[BOT] 1.1626 | Aguardando fechamento da vela... (candles ok: 159)
[COLETOR] Ticks:   3,613 | 1.16256 @ 2026-09-03T20:30:45
[BOT] 1.1626 | Aguardando fechamento da vela... (candles ok: 159)
[COLETOR] Ticks:   3,614 | 1.16256 @ 2026-09-03T20:30:46
[COLETOR] Ticks:   3,615 | 1.16256 @ 2026-09-03T20:30:47
[BOT] 1.1626 | Aguardando fechamento da vela... (candles ok: 159)
[BOT] 1.1626 | Aguardando fechamento da vela... (candles ok: 159)
[COLETOR] Ticks:   3,616 | 1.16256 @ 2026-09-03T20:30:48
[BOT] 1.1626 | Aguardando fechamento da vela... (candles ok: 159)
[COLETOR] Ticks:   3,617 | 1.16257 @ 2026-09-03T20:30:49
[BOT] 1.1626 | Aguardando fechamento da vela... (candles ok: 159)
[COLETOR] Ticks:   3,618 | 1.16257 @ 2026-09-03T20:30:50
[BOT] 1.1626 | Aguardando fechamento da vela... (candles ok: 159)
[COLETOR] Ticks:   3,619 | 1.16257 @ 2026-09-03T20:30:51
[BOT] 1.1626 | Aguardando fechamento da vela... (candles ok: 159)
[COLETOR] Ticks:   3,620 | 1.16257 @ 2026-09-03T20:30:52
[COLETOR] Ticks:   3,621 | 1.16257 @ 2026-09-03T20:30:53
[BOT] 1.1626 | Aguardando fechamento da vela... (candles ok: 159)
[BOT] 1.1626 | Aguardando fechamento da vela... (candles ok: 159)
[COLETOR] Ticks:   3,622 | 1.16257 @ 2026-09-03T20:30:54
[BOT] 1.1626 | Aguardando fechamento da vela... (candles ok: 159)
[COLETOR] Ticks:   3,623 | 1.16258 @ 2026-09-03T20:30:55
[BOT] 1.1626 | Aguardando fechamento da vela... (candles ok: 159)
[COLETOR] Ticks:   3,624 | 1.16261 @ 2026-09-03T20:30:56
[BOT] 1.1626 | Aguardando fechamento da vela... (candles ok: 159)
[COLETOR] Ticks:   3,625 | 1.16261 @ 2026-09-03T20:30:57
[BOT] 1.1626 | Aguardando fechamento da vela... (candles ok: 159)
[COLETOR] Ticks:   3,626 | 1.16261 @ 2026-09-03T20:30:58
[BOT] 1.1626 | Aguardando fechamento da vela... (candles ok: 159)
[COLETOR] Ticks:   3,627 | 1.16261 @ 2026-09-03T20:30:59
[TICK] 1.1626 | EMA9:1.1625 EMA21:1.1625 | RSI:69.9 ADX:27.2 MACD_H:+0.00001 [→ BUY]
[COLETOR] Ticks:   3,628 | 1.16261 @ 2026-09-03T20:31:00
[BOT] → BUY | Stake: 10.00 USD | Duração: 15m | ADX:27.2 RSI:69.9
[BOT] Erro API: Trading on forex contracts with duration less than 5 hours is not available from 21:00:00 to 23:59:59
[BOT] 1.1626 | Aguardando fechamento da vela... (candles ok: 160)
[COLETOR] Ticks:   3,629 | 1.1626 @ 2026-09-03T20:31:01
[BOT] 1.1626 | Aguardando fechamento da vela... (candles ok: 160)
[COLETOR] Ticks:   3,630 | 1.16261 @ 2026-09-03T20:31:02
[BOT] 1.1626 | Aguardando fechamento da vela... (candles ok: 160)
[COLETOR] Ticks:   3,631 | 1.16261 @ 2026-09-03T20:31:03
[BOT] 1.1626 | Aguardando fechamento da vela... (candles ok: 160)
[COLETOR] Ticks:   3,632 | 1.1626 @ 2026-09-03T20:31:04
[BOT] 1.1626 | Aguardando fechamento da vela... (candles ok: 160)
[COLETOR] Ticks:   3,633 | 1.16261 @ 2026-09-03T20:31:05
[BOT] 1.1626 | Aguardando fechamento da vela... (candles ok: 160)
[COLETOR] Ticks:   3,634 | 1.16261 @ 2026-09-03T20:31:06
[BOT] 1.1626 | Aguardando fechamento da vela... (candles ok: 160)
[COLETOR] Ticks:   3,635 | 1.16261 @ 2026-09-03T20:31:07
[BOT] 1.1626 | Aguardando fechamento da vela... (candles ok: 160)
[COLETOR] Ticks:   3,636 | 1.16261 @ 2026-09-03T20:31:08
[BOT] 1.1626 | Aguardando fechamento da vela... (candles ok: 160)
[COLETOR] Ticks:   3,637 | 1.16261 @ 2026-09-03T20:31:09
[BOT] 1.1626 | Aguardando fechamento da vela... (candles ok: 160)
[COLETOR] Ticks:   3,638 | 1.16261 @ 2026-09-03T20:31:10
[BOT] 1.1626 | Aguardando fechamento da vela... (candles ok: 160)
[COLETOR] Ticks:   3,639 | 1.16261 @ 2026-09-03T20:31:11
[BOT] 1.1626 | Aguardando fechamento da vela... (candles ok: 160)
[COLETOR] Ticks:   3,640 | 1.16261 @ 2026-09-03T20:31:12
[BOT] 1.1626 | Aguardando fechamento da vela... (candles ok: 160)
[COLETOR] Ticks:   3,641 | 1.16261 @ 2026-09-03T20:31:13
[BOT] 1.1626 | Aguardando fechamento da vela... (candles ok: 160)
[COLETOR] Ticks:   3,642 | 1.16261 @ 2026-09-03T20:31:14
[BOT] 1.1626 | Aguardando fechamento da vela... (candles ok: 160)
[COLETOR] Ticks:   3,643 | 1.16261 @ 2026-09-03T20:31:15
[BOT] 1.1626 | Aguardando fechamento da vela... (candles ok: 160)
[COLETOR] Ticks:   3,644 | 1.1626 @ 2026-09-03T20:31:16
[BOT] 1.1626 | Aguardando fechamento da vela... (candles ok: 160)
[COLETOR] Ticks:   3,645 | 1.1626 @ 2026-09-03T20:31:17
[BOT] 1.1626 | Aguardando fechamento da vela... (candles ok: 160)
[COLETOR] Ticks:   3,646 | 1.1626 @ 2026-09-03T20:31:18
[COLETOR] Ticks:   3,647 | 1.1626 @ 2026-09-03T20:31:19
[BOT] 1.1626 | Aguardando fechamento da vela... (candles ok: 160)
[BOT] 1.1626 | Aguardando fechamento da vela... (candles ok: 160)
[COLETOR] Ticks:   3,648 | 1.1626 @ 2026-09-03T20:31:20
[BOT] 1.1626 | Aguardando fechamento da vela... (candles ok: 160)
[COLETOR] Ticks:   3,649 | 1.1626 @ 2026-09-03T20:31:21
[BOT] 1.1626 | Aguardando fechamento da vela... (candles ok: 160)
[COLETOR] Ticks:   3,650 | 1.1626 @ 2026-09-03T20:31:22
[BOT] 1.1626 | Aguardando fechamento da vela... (candles ok: 160)
[COLETOR] Ticks:   3,651 | 1.16262 @ 2026-09-03T20:31:23
[BOT] 1.1626 | Aguardando fechamento da vela... (candles ok: 160)
[COLETOR] Ticks:   3,652 | 1.16264 @ 2026-09-03T20:31:24
[BOT] 1.1626 | Aguardando fechamento da vela... (candles ok: 160)
[COLETOR] Ticks:   3,653 | 1.16265 @ 2026-09-03T20:31:25
[BOT] 1.1626 | Aguardando fechamento da vela... (candles ok: 160)
[COLETOR] Ticks:   3,654 | 1.16265 @ 2026-09-03T20:31:26
[BOT] 1.1627 | Aguardando fechamento da vela... (candles ok: 160)
[COLETOR] Ticks:   3,655 | 1.16266 @ 2026-09-03T20:31:27
[BOT] 1.1627 | Aguardando fechamento da vela... (candles ok: 160)
[COLETOR] Ticks:   3,656 | 1.16267 @ 2026-09-03T20:31:28
[BOT] 1.1627 | Aguardando fechamento da vela... (candles ok: 160)
[COLETOR] Ticks:   3,657 | 1.16271 @ 2026-09-03T20:31:29
[BOT] 1.1627 | Aguardando fechamento da vela... (candles ok: 160)
[COLETOR] Ticks:   3,658 | 1.1627 @ 2026-09-03T20:31:30
[BOT] 1.1627 | Aguardando fechamento da vela... (candles ok: 160)
[COLETOR] Ticks:   3,659 | 1.1627 @ 2026-09-03T20:31:31
[BOT] 1.1627 | Aguardando fechamento da vela... (candles ok: 160)
[COLETOR] Ticks:   3,660 | 1.16269 @ 2026-09-03T20:31:32
[COLETOR] Ticks:   3,661 | 1.16269 @ 2026-09-03T20:31:33
[BOT] 1.1627 | Aguardando fechamento da vela... (candles ok: 160)
[COLETOR] Ticks:   3,662 | 1.16269 @ 2026-09-03T20:31:34
[BOT] 1.1627 | Aguardando fechamento da vela... (candles ok: 160)
[COLETOR] Ticks:   3,663 | 1.16268 @ 2026-09-03T20:31:35
[BOT] 1.1627 | Aguardando fechamento da vela... (candles ok: 160)
[BOT] 1.1627 | Aguardando fechamento da vela... (candles ok: 160)
[COLETOR] Ticks:   3,664 | 1.16271 @ 2026-09-03T20:31:36
[COLETOR] Ticks:   3,665 | 1.16272 @ 2026-09-03T20:31:37
[BOT] 1.1627 | Aguardando fechamento da vela... (candles ok: 160)
[BOT] 1.1627 | Aguardando fechamento da vela... (candles ok: 160)
[COLETOR] Ticks:   3,666 | 1.1627 @ 2026-09-03T20:31:38
[BOT] 1.1627 | Aguardando fechamento da vela... (candles ok: 160)
[COLETOR] Ticks:   3,667 | 1.16272 @ 2026-09-03T20:31:39
[BOT] 1.1627 | Aguardando fechamento da vela... (candles ok: 160)
[COLETOR] Ticks:   3,668 | 1.16271 @ 2026-09-03T20:31:40
[BOT] 1.1627 | Aguardando fechamento da vela... (candles ok: 160)
[COLETOR] Ticks:   3,669 | 1.16271 @ 2026-09-03T20:31:41
[BOT] 1.1627 | Aguardando fechamento da vela... (candles ok: 160)
[COLETOR] Ticks:   3,670 | 1.1627 @ 2026-09-03T20:31:42
[BOT] 1.1627 | Aguardando fechamento da vela... (candles ok: 160)
[COLETOR] Ticks:   3,671 | 1.16267 @ 2026-09-03T20:31:43
[BOT] 1.1627 | Aguardando fechamento da vela... (candles ok: 160)
[COLETOR] Ticks:   3,672 | 1.16267 @ 2026-09-03T20:31:44
[BOT] 1.1627 | Aguardando fechamento da vela... (candles ok: 160)
[COLETOR] Ticks:   3,673 | 1.16267 @ 2026-09-03T20:31:45
[BOT] 1.1627 | Aguardando fechamento da vela... (candles ok: 160)
[COLETOR] Ticks:   3,674 | 1.16267 @ 2026-09-03T20:31:46
[COLETOR] Ticks:   3,675 | 1.16267 @ 2026-09-03T20:31:47
[BOT] 1.1627 | Aguardando fechamento da vela... (candles ok: 160)
[BOT] 1.1627 | Aguardando fechamento da vela... (candles ok: 160)
[COLETOR] Ticks:   3,676 | 1.16267 @ 2026-09-03T20:31:48
[BOT] 1.1627 | Aguardando fechamento da vela... (candles ok: 160)
[COLETOR] Ticks:   3,677 | 1.16267 @ 2026-09-03T20:31:49
[BOT] 1.1627 | Aguardando fechamento da vela... (candles ok: 160)
[COLETOR] Ticks:   3,678 | 1.16267 @ 2026-09-03T20:31:50
[BOT] 1.1627 | Aguardando fechamento da vela... (candles ok: 160)
[COLETOR] Ticks:   3,679 | 1.16267 @ 2026-09-03T20:31:51
[BOT] 1.1627 | Aguardando fechamento da vela... (candles ok: 160)
[COLETOR] Ticks:   3,680 | 1.16267 @ 2026-09-03T20:31:52
[BOT] 1.1627 | Aguardando fechamento da vela... (candles ok: 160)
[COLETOR] Ticks:   3,681 | 1.16267 @ 2026-09-03T20:31:53
[BOT] 1.1627 | Aguardando fechamento da vela... (candles ok: 160)
[COLETOR] Ticks:   3,682 | 1.16266 @ 2026-09-03T20:31:54
[BOT] 1.1627 | Aguardando fechamento da vela... (candles ok: 160)
[COLETOR] Ticks:   3,683 | 1.16266 @ 2026-09-03T20:31:55
[BOT] 1.1627 | Aguardando fechamento da vela... (candles ok: 160)
[COLETOR] Ticks:   3,684 | 1.16266 @ 2026-09-03T20:31:56
[BOT] 1.1627 | Aguardando fechamento da vela... (candles ok: 160)
[COLETOR] Ticks:   3,685 | 1.16266 @ 2026-09-03T20:31:57
[BOT] 1.1627 | Aguardando fechamento da vela... (candles ok: 160)
[COLETOR] Ticks:   3,686 | 1.16267 @ 2026-09-03T20:31:58
[BOT] 1.1627 | Aguardando fechamento da vela... (candles ok: 160)
[COLETOR] Ticks:   3,687 | 1.16267 @ 2026-09-03T20:31:59
[COLETOR] Ticks:   3,688 | 1.16267 @ 2026-09-03T20:32:00
[TICK] 1.1627 | EMA9:1.1626 EMA21:1.1625 | RSI:74.7 ADX:29.4 MACD_H:+0.00002 [→ BUY]
[BOT] → BUY | Stake: 10.00 USD | Duração: 15m | ADX:29.4 RSI:74.7
[BOT] Erro API: Trading on forex contracts with duration less than 5 hours is not available from 21:00:00 to 23:59:59
[BOT] 1.1627 | Aguardando fechamento da vela... (candles ok: 161)
[COLETOR] Ticks:   3,689 | 1.16266 @ 2026-09-03T20:32:01
[BOT] 1.1627 | Aguardando fechamento da vela... (candles ok: 161)
[COLETOR] Ticks:   3,690 | 1.16266 @ 2026-09-03T20:32:02
[BOT] 1.1626 | Aguardando fechamento da vela... (candles ok: 161)
[COLETOR] Ticks:   3,691 | 1.16265 @ 2026-09-03T20:32:03
[BOT] 1.1627 | Aguardando fechamento da vela... (candles ok: 161)
[COLETOR] Ticks:   3,692 | 1.16266 @ 2026-09-03T20:32:04
[BOT] 1.1626 | Aguardando fechamento da vela... (candles ok: 161)
[COLETOR] Ticks:   3,693 | 1.16265 @ 2026-09-03T20:32:05
[BOT] 1.1626 | Aguardando fechamento da vela... (candles ok: 161)
[COLETOR] Ticks:   3,694 | 1.16265 @ 2026-09-03T20:32:06
[BOT] 1.1626 | Aguardando fechamento da vela... (candles ok: 161)
[COLETOR] Ticks:   3,695 | 1.16265 @ 2026-09-03T20:32:07
[BOT] 1.1627 | Aguardando fechamento da vela... (candles ok: 161)
[COLETOR] Ticks:   3,696 | 1.16266 @ 2026-09-03T20:32:08
[BOT] 1.1627 | Aguardando fechamento da vela... (candles ok: 161)
[COLETOR] Ticks:   3,697 | 1.16266 @ 2026-09-03T20:32:09
[BOT] 1.1627 | Aguardando fechamento da vela... (candles ok: 161)
[COLETOR] Ticks:   3,698 | 1.16266 @ 2026-09-03T20:32:10
[BOT] 1.1626 | Aguardando fechamento da vela... (candles ok: 161)
[COLETOR] Ticks:   3,699 | 1.16262 @ 2026-09-03T20:32:11
[BOT] 1.1626 | Aguardando fechamento da vela... (candles ok: 161)
[COLETOR] Ticks:   3,700 | 1.16262 @ 2026-09-03T20:32:12
[BOT] 1.1626 | Aguardando fechamento da vela... (candles ok: 161)
[COLETOR] Ticks:   3,701 | 1.16261 @ 2026-09-03T20:32:13
[BOT] 1.1626 | Aguardando fechamento da vela... (candles ok: 161)
[COLETOR] Ticks:   3,702 | 1.16261 @ 2026-09-03T20:32:14
[BOT] 1.1626 | Aguardando fechamento da vela... (candles ok: 161)
[COLETOR] Ticks:   3,703 | 1.16261 @ 2026-09-03T20:32:15
[BOT] 1.1626 | Aguardando fechamento da vela... (candles ok: 161)
[COLETOR] Ticks:   3,704 | 1.16261 @ 2026-09-03T20:32:16
[BOT] 1.1626 | Aguardando fechamento da vela... (candles ok: 161)
[COLETOR] Ticks:   3,705 | 1.16261 @ 2026-09-03T20:32:17
[BOT] 1.1626 | Aguardando fechamento da vela... (candles ok: 161)
[COLETOR] Ticks:   3,706 | 1.16261 @ 2026-09-03T20:32:18
[BOT] 1.1626 | Aguardando fechamento da vela... (candles ok: 161)
[COLETOR] Ticks:   3,707 | 1.16261 @ 2026-09-03T20:32:19
[BOT] 1.1626 | Aguardando fechamento da vela... (candles ok: 161)
[COLETOR] Ticks:   3,708 | 1.16262 @ 2026-09-03T20:32:20
[COLETOR] Ticks:   3,709 | 1.16262 @ 2026-09-03T20:32:21
[BOT] 1.1626 | Aguardando fechamento da vela... (candles ok: 161)
[BOT] 1.1626 | Aguardando fechamento da vela... (candles ok: 161)
[COLETOR] Ticks:   3,710 | 1.16262 @ 2026-09-03T20:32:22
[BOT] 1.1626 | Aguardando fechamento da vela... (candles ok: 161)
[COLETOR] Ticks:   3,711 | 1.16263 @ 2026-09-03T20:32:23
[BOT] 1.1626 | Aguardando fechamento da vela... (candles ok: 161)
[COLETOR] Ticks:   3,712 | 1.16262 @ 2026-09-03T20:32:24
[BOT] 1.1626 | Aguardando fechamento da vela... (candles ok: 161)
[COLETOR] Ticks:   3,713 | 1.16262 @ 2026-09-03T20:32:25
[BOT] 1.1626 | Aguardando fechamento da vela... (candles ok: 161)
[COLETOR] Ticks:   3,714 | 1.16261 @ 2026-09-03T20:32:26
[COLETOR] Ticks:   3,715 | 1.16262 @ 2026-09-03T20:32:27
[BOT] 1.1626 | Aguardando fechamento da vela... (candles ok: 161)
[BOT] 1.1626 | Aguardando fechamento da vela... (candles ok: 161)
[COLETOR] Ticks:   3,716 | 1.16261 @ 2026-09-03T20:32:28
[COLETOR] Ticks:   3,717 | 1.16261 @ 2026-09-03T20:32:29
[BOT] 1.1626 | Aguardando fechamento da vela... (candles ok: 161)
[BOT] 1.1626 | Aguardando fechamento da vela... (candles ok: 161)
[COLETOR] Ticks:   3,718 | 1.16261 @ 2026-09-03T20:32:30
[BOT] 1.1626 | Aguardando fechamento da vela... (candles ok: 161)
[COLETOR] Ticks:   3,719 | 1.16261 @ 2026-09-03T20:32:31
[BOT] 1.1626 | Aguardando fechamento da vela... (candles ok: 161)
[COLETOR] Ticks:   3,720 | 1.1626 @ 2026-09-03T20:32:32
[BOT] 1.1626 | Aguardando fechamento da vela... (candles ok: 161)
[COLETOR] Ticks:   3,721 | 1.1626 @ 2026-09-03T20:32:33
[BOT] 1.1626 | Aguardando fechamento da vela... (candles ok: 161)
[COLETOR] Ticks:   3,722 | 1.16261 @ 2026-09-03T20:32:34
[BOT] 1.1626 | Aguardando fechamento da vela... (candles ok: 161)
[COLETOR] Ticks:   3,723 | 1.16262 @ 2026-09-03T20:32:35
[BOT] 1.1626 | Aguardando fechamento da vela... (candles ok: 161)
[COLETOR] Ticks:   3,724 | 1.16264 @ 2026-09-03T20:32:36
[BOT] 1.1626 | Aguardando fechamento da vela... (candles ok: 161)
[COLETOR] Ticks:   3,725 | 1.16264 @ 2026-09-03T20:32:37
[BOT] 1.1626 | Aguardando fechamento da vela... (candles ok: 161)
[COLETOR] Ticks:   3,726 | 1.16264 @ 2026-09-03T20:32:38
[COLETOR] Ticks:   3,727 | 1.16262 @ 2026-09-03T20:32:39
[BOT] 1.1626 | Aguardando fechamento da vela... (candles ok: 161)
[BOT] 1.1626 | Aguardando fechamento da vela... (candles ok: 161)
[COLETOR] Ticks:   3,728 | 1.16262 @ 2026-09-03T20:32:40
[COLETOR] Ticks:   3,729 | 1.16261 @ 2026-09-03T20:32:41
[BOT] 1.1626 | Aguardando fechamento da vela... (candles ok: 161)
[BOT] 1.1626 | Aguardando fechamento da vela... (candles ok: 161)
[COLETOR] Ticks:   3,730 | 1.16261 @ 2026-09-03T20:32:42
[COLETOR] Ticks:   3,731 | 1.16261 @ 2026-09-03T20:32:43
[BOT] 1.1626 | Aguardando fechamento da vela... (candles ok: 161)
[BOT] 1.1626 | Aguardando fechamento da vela... (candles ok: 161)
[COLETOR] Ticks:   3,732 | 1.16261 @ 2026-09-03T20:32:44
[BOT] 1.1626 | Aguardando fechamento da vela... (candles ok: 161)
[COLETOR] Ticks:   3,733 | 1.16262 @ 2026-09-03T20:32:45
[BOT] 1.1626 | Aguardando fechamento da vela... (candles ok: 161)
[COLETOR] Ticks:   3,734 | 1.16261 @ 2026-09-03T20:32:46
[BOT] 1.1626 | Aguardando fechamento da vela... (candles ok: 161)
[COLETOR] Ticks:   3,735 | 1.16261 @ 2026-09-03T20:32:47
[BOT] 1.1626 | Aguardando fechamento da vela... (candles ok: 161)
[COLETOR] Ticks:   3,736 | 1.16261 @ 2026-09-03T20:32:48
[BOT] 1.1626 | Aguardando fechamento da vela... (candles ok: 161)
[COLETOR] Ticks:   3,737 | 1.16259 @ 2026-09-03T20:32:49
[BOT] 1.1626 | Aguardando fechamento da vela... (candles ok: 161)
[COLETOR] Ticks:   3,738 | 1.16259 @ 2026-09-03T20:32:50
[BOT] 1.1626 | Aguardando fechamento da vela... (candles ok: 161)
[COLETOR] Ticks:   3,739 | 1.16259 @ 2026-09-03T20:32:51
[BOT] 1.1626 | Aguardando fechamento da vela... (candles ok: 161)
[COLETOR] Ticks:   3,740 | 1.16259 @ 2026-09-03T20:32:52
[COLETOR] Ticks:   3,741 | 1.16259 @ 2026-09-03T20:32:53
[BOT] 1.1626 | Aguardando fechamento da vela... (candles ok: 161)
[BOT] 1.1626 | Aguardando fechamento da vela... (candles ok: 161)
[COLETOR] Ticks:   3,742 | 1.16259 @ 2026-09-03T20:32:54
[BOT] 1.1626 | Aguardando fechamento da vela... (candles ok: 161)
[COLETOR] Ticks:   3,743 | 1.16259 @ 2026-09-03T20:32:55
[BOT] 1.1626 | Aguardando fechamento da vela... (candles ok: 161)
[COLETOR] Ticks:   3,744 | 1.16259 @ 2026-09-03T20:32:56
[BOT] 1.1626 | Aguardando fechamento da vela... (candles ok: 161)
[COLETOR] Ticks:   3,745 | 1.16259 @ 2026-09-03T20:32:57
[BOT] 1.1626 | Aguardando fechamento da vela... (candles ok: 161)
[COLETOR] Ticks:   3,746 | 1.16259 @ 2026-09-03T20:32:58
[BOT] 1.1626 | Aguardando fechamento da vela... (candles ok: 161)
[COLETOR] Ticks:   3,747 | 1.16258 @ 2026-09-03T20:32:59
[TICK] 1.1626 | EMA9:1.1626 EMA21:1.1625 | RSI:59.3 ADX:30.4 MACD_H:+0.00001 [→ BUY]
[COLETOR] Ticks:   3,748 | 1.16259 @ 2026-09-03T20:33:00
[BOT] → BUY | Stake: 10.00 USD | Duração: 15m | ADX:30.4 RSI:59.3
[BOT] Erro API: Trading on forex contracts with duration less than 5 hours is not available from 21:00:00 to 23:59:59
[COLETOR] Ticks:   3,749 | 1.16259 @ 2026-09-03T20:33:01
[BOT] 1.1626 | Aguardando fechamento da vela... (candles ok: 162)
[BOT] 1.1626 | Aguardando fechamento da vela... (candles ok: 162)
[COLETOR] Ticks:   3,750 | 1.16259 @ 2026-09-03T20:33:02
[BOT] 1.1626 | Aguardando fechamento da vela... (candles ok: 162)
[COLETOR] Ticks:   3,751 | 1.16259 @ 2026-09-03T20:33:03
[BOT] 1.1626 | Aguardando fechamento da vela... (candles ok: 162)
[COLETOR] Ticks:   3,752 | 1.1626 @ 2026-09-03T20:33:04
[BOT] 1.1626 | Aguardando fechamento da vela... (candles ok: 162)
[COLETOR] Ticks:   3,753 | 1.1626 @ 2026-09-03T20:33:05
[BOT] 1.1626 | Aguardando fechamento da vela... (candles ok: 162)
[COLETOR] Ticks:   3,754 | 1.1626 @ 2026-09-03T20:33:06
[BOT] 1.1626 | Aguardando fechamento da vela... (candles ok: 162)
[COLETOR] Ticks:   3,755 | 1.1626 @ 2026-09-03T20:33:07
[BOT] 1.1626 | Aguardando fechamento da vela... (candles ok: 162)
[COLETOR] Ticks:   3,756 | 1.16261 @ 2026-09-03T20:33:08
[BOT] 1.1625 | Aguardando fechamento da vela... (candles ok: 162)
[COLETOR] Ticks:   3,757 | 1.16254 @ 2026-09-03T20:33:09
[BOT] 1.1626 | Aguardando fechamento da vela... (candles ok: 162)
[COLETOR] Ticks:   3,758 | 1.16256 @ 2026-09-03T20:33:10
[BOT] 1.1626 | Aguardando fechamento da vela... (candles ok: 162)
[COLETOR] Ticks:   3,759 | 1.16256 @ 2026-09-03T20:33:11
[BOT] 1.1625 | Aguardando fechamento da vela... (candles ok: 162)
[COLETOR] Ticks:   3,760 | 1.16255 @ 2026-09-03T20:33:12
[BOT] 1.1625 | Aguardando fechamento da vela... (candles ok: 162)
[COLETOR] Ticks:   3,761 | 1.16255 @ 2026-09-03T20:33:13
[BOT] 1.1625 | Aguardando fechamento da vela... (candles ok: 162)
[COLETOR] Ticks:   3,762 | 1.16255 @ 2026-09-03T20:33:14
[BOT] 1.1625 | Aguardando fechamento da vela... (candles ok: 162)
[COLETOR] Ticks:   3,763 | 1.16255 @ 2026-09-03T20:33:15
[BOT] 1.1626 | Aguardando fechamento da vela... (candles ok: 162)
[COLETOR] Ticks:   3,764 | 1.16256 @ 2026-09-03T20:33:16
[BOT] 1.1625 | Aguardando fechamento da vela... (candles ok: 162)
[COLETOR] Ticks:   3,765 | 1.16255 @ 2026-09-03T20:33:17
[BOT] 1.1625 | Aguardando fechamento da vela... (candles ok: 162)
[COLETOR] Ticks:   3,766 | 1.16255 @ 2026-09-03T20:33:18
[BOT] 1.1625 | Aguardando fechamento da vela... (candles ok: 162)
[COLETOR] Ticks:   3,767 | 1.16255 @ 2026-09-03T20:33:19
[BOT] 1.1625 | Aguardando fechamento da vela... (candles ok: 162)
[COLETOR] Ticks:   3,768 | 1.16255 @ 2026-09-03T20:33:20
[COLETOR] Ticks:   3,769 | 1.16255 @ 2026-09-03T20:33:21
[BOT] 1.1625 | Aguardando fechamento da vela... (candles ok: 162)
[BOT] 1.1625 | Aguardando fechamento da vela... (candles ok: 162)
[COLETOR] Ticks:   3,770 | 1.16255 @ 2026-09-03T20:33:22
[BOT] 1.1625 | Aguardando fechamento da vela... (candles ok: 162)
[COLETOR] Ticks:   3,771 | 1.16255 @ 2026-09-03T20:33:23
[BOT] 1.1625 | Aguardando fechamento da vela... (candles ok: 162)
[COLETOR] Ticks:   3,772 | 1.16255 @ 2026-09-03T20:33:24
[COLETOR] Ticks:   3,773 | 1.16255 @ 2026-09-03T20:33:25
[BOT] 1.1625 | Aguardando fechamento da vela... (candles ok: 162)
[BOT] 1.1625 | Aguardando fechamento da vela... (candles ok: 162)
[COLETOR] Ticks:   3,774 | 1.16255 @ 2026-09-03T20:33:26
[BOT] 1.1626 | Aguardando fechamento da vela... (candles ok: 162)
[COLETOR] Ticks:   3,775 | 1.16257 @ 2026-09-03T20:33:27
[BOT] 1.1626 | Aguardando fechamento da vela... (candles ok: 162)
[COLETOR] Ticks:   3,776 | 1.16257 @ 2026-09-03T20:33:28
[BOT] 1.1626 | Aguardando fechamento da vela... (candles ok: 162)
[COLETOR] Ticks:   3,777 | 1.16257 @ 2026-09-03T20:33:29
[BOT] 1.1626 | Aguardando fechamento da vela... (candles ok: 162)
[COLETOR] Ticks:   3,778 | 1.16256 @ 2026-09-03T20:33:30
[BOT] 1.1626 | Aguardando fechamento da vela... (candles ok: 162)
[COLETOR] Ticks:   3,779 | 1.16256 @ 2026-09-03T20:33:31
[BOT] 1.1626 | Aguardando fechamento da vela... (candles ok: 162)
[COLETOR] Ticks:   3,780 | 1.16256 @ 2026-09-03T20:33:32
[BOT] 1.1626 | Aguardando fechamento da vela... (candles ok: 162)
[COLETOR] Ticks:   3,781 | 1.16256 @ 2026-09-03T20:33:33
[BOT] 1.1626 | Aguardando fechamento da vela... (candles ok: 162)
[COLETOR] Ticks:   3,782 | 1.16256 @ 2026-09-03T20:33:34
[BOT] 1.1626 | Aguardando fechamento da vela... (candles ok: 162)
[COLETOR] Ticks:   3,783 | 1.16256 @ 2026-09-03T20:33:35
[BOT] 1.1626 | Aguardando fechamento da vela... (candles ok: 162)
[COLETOR] Ticks:   3,784 | 1.16257 @ 2026-09-03T20:33:36
[BOT] 1.1626 | Aguardando fechamento da vela... (candles ok: 162)
[COLETOR] Ticks:   3,785 | 1.16256 @ 2026-09-03T20:33:37
[BOT] 1.1626 | Aguardando fechamento da vela... (candles ok: 162)
[COLETOR] Ticks:   3,786 | 1.16256 @ 2026-09-03T20:33:38
[BOT] 1.1626 | Aguardando fechamento da vela... (candles ok: 162)
[COLETOR] Ticks:   3,787 | 1.16256 @ 2026-09-03T20:33:39
[BOT] 1.1626 | Aguardando fechamento da vela... (candles ok: 162)
[COLETOR] Ticks:   3,788 | 1.16257 @ 2026-09-03T20:33:40
[BOT] 1.1626 | Aguardando fechamento da vela... (candles ok: 162)
[COLETOR] Ticks:   3,789 | 1.16257 @ 2026-09-03T20:33:41
[COLETOR] Ticks:   3,790 | 1.16257 @ 2026-09-03T20:33:42
[BOT] 1.1626 | Aguardando fechamento da vela... (candles ok: 162)
[BOT] 1.1626 | Aguardando fechamento da vela... (candles ok: 162)
[COLETOR] Ticks:   3,791 | 1.16257 @ 2026-09-03T20:33:43
[BOT] 1.1626 | Aguardando fechamento da vela... (candles ok: 162)
[COLETOR] Ticks:   3,792 | 1.16259 @ 2026-09-03T20:33:44
[BOT] 1.1626 | Aguardando fechamento da vela... (candles ok: 162)
[COLETOR] Ticks:   3,793 | 1.16259 @ 2026-09-03T20:33:45
[BOT] 1.1626 | Aguardando fechamento da vela... (candles ok: 162)
[COLETOR] Ticks:   3,794 | 1.16259 @ 2026-09-03T20:33:46
[BOT] 1.1626 | Aguardando fechamento da vela... (candles ok: 162)
[COLETOR] Ticks:   3,795 | 1.1626 @ 2026-09-03T20:33:47
[BOT] 1.1626 | Aguardando fechamento da vela... (candles ok: 162)
[COLETOR] Ticks:   3,796 | 1.16259 @ 2026-09-03T20:33:48
[BOT] 1.1626 | Aguardando fechamento da vela... (candles ok: 162)
[COLETOR] Ticks:   3,797 | 1.16259 @ 2026-09-03T20:33:49
[BOT] 1.1626 | Aguardando fechamento da vela... (candles ok: 162)
[COLETOR] Ticks:   3,798 | 1.16259 @ 2026-09-03T20:33:50
[BOT] 1.1626 | Aguardando fechamento da vela... (candles ok: 162)
[COLETOR] Ticks:   3,799 | 1.16259 @ 2026-09-03T20:33:51
[BOT] 1.1626 | Aguardando fechamento da vela... (candles ok: 162)
[COLETOR] Ticks:   3,800 | 1.16259 @ 2026-09-03T20:33:52
[BOT] 1.1626 | Aguardando fechamento da vela... (candles ok: 162)
[COLETOR] Ticks:   3,801 | 1.16259 @ 2026-09-03T20:33:53
[BOT] 1.1626 | Aguardando fechamento da vela... (candles ok: 162)
[COLETOR] Ticks:   3,802 | 1.16259 @ 2026-09-03T20:33:54
[BOT] 1.1626 | Aguardando fechamento da vela... (candles ok: 162)
[COLETOR] Ticks:   3,803 | 1.16259 @ 2026-09-03T20:33:55
[BOT] 1.1626 | Aguardando fechamento da vela... (candles ok: 162)
[COLETOR] Ticks:   3,804 | 1.16259 @ 2026-09-03T20:33:56
[BOT] 1.1626 | Aguardando fechamento da vela... (candles ok: 162)
[COLETOR] Ticks:   3,805 | 1.16259 @ 2026-09-03T20:33:57
[BOT] 1.1626 | Aguardando fechamento da vela... (candles ok: 162)
[COLETOR] Ticks:   3,806 | 1.1626 @ 2026-09-03T20:33:58
[COLETOR] Ticks:   3,807 | 1.1626 @ 2026-09-03T20:33:59
[BOT] 1.1626 | Aguardando fechamento da vela... (candles ok: 162)
[TICK] 1.1626 | EMA9:1.1626 EMA21:1.1625 | RSI:61.2 ADX:31.3 MACD_H:+0.00001
[COLETOR] Ticks:   3,808 | 1.16259 @ 2026-09-03T20:34:00
[BOT] 1.1626 | Aguardando fechamento da vela... (candles ok: 163)
[COLETOR] Ticks:   3,809 | 1.1626 @ 2026-09-03T20:34:01
[BOT] 1.1626 | Aguardando fechamento da vela... (candles ok: 163)
[COLETOR] Ticks:   3,810 | 1.16259 @ 2026-09-03T20:34:02
[BOT] 1.1626 | Aguardando fechamento da vela... (candles ok: 163)
[COLETOR] Ticks:   3,811 | 1.16259 @ 2026-09-03T20:34:03
[BOT] 1.1626 | Aguardando fechamento da vela... (candles ok: 163)
[COLETOR] Ticks:   3,812 | 1.1626 @ 2026-09-03T20:34:04
[BOT] 1.1626 | Aguardando fechamento da vela... (candles ok: 163)
[COLETOR] Ticks:   3,813 | 1.1626 @ 2026-09-03T20:34:05
[COLETOR] Ticks:   3,814 | 1.1626 @ 2026-09-03T20:34:06
[BOT] 1.1626 | Aguardando fechamento da vela... (candles ok: 163)
[BOT] 1.1626 | Aguardando fechamento da vela... (candles ok: 163)
[COLETOR] Ticks:   3,815 | 1.16259 @ 2026-09-03T20:34:07
[BOT] 1.1626 | Aguardando fechamento da vela... (candles ok: 163)
[COLETOR] Ticks:   3,816 | 1.1626 @ 2026-09-03T20:34:08
[BOT] 1.1626 | Aguardando fechamento da vela... (candles ok: 163)
[COLETOR] Ticks:   3,817 | 1.1626 @ 2026-09-03T20:34:09
[BOT] 1.1626 | Aguardando fechamento da vela... (candles ok: 163)
[COLETOR] Ticks:   3,818 | 1.1626 @ 2026-09-03T20:34:10
[BOT] 1.1626 | Aguardando fechamento da vela... (candles ok: 163)
[COLETOR] Ticks:   3,819 | 1.1626 @ 2026-09-03T20:34:11
[BOT] 1.1626 | Aguardando fechamento da vela... (candles ok: 163)
[COLETOR] Ticks:   3,820 | 1.1626 @ 2026-09-03T20:34:12
[BOT] 1.1626 | Aguardando fechamento da vela... (candles ok: 163)
[COLETOR] Ticks:   3,821 | 1.1626 @ 2026-09-03T20:34:13
[BOT] 1.1626 | Aguardando fechamento da vela... (candles ok: 163)
[COLETOR] Ticks:   3,822 | 1.16257 @ 2026-09-03T20:34:14
[COLETOR] Ticks:   3,823 | 1.16258 @ 2026-09-03T20:34:15
[BOT] 1.1626 | Aguardando fechamento da vela... (candles ok: 163)
[BOT] 1.1626 | Aguardando fechamento da vela... (candles ok: 163)
[COLETOR] Ticks:   3,824 | 1.16258 @ 2026-09-03T20:34:16
[BOT] 1.1626 | Aguardando fechamento da vela... (candles ok: 163)
[COLETOR] Ticks:   3,825 | 1.16258 @ 2026-09-03T20:34:17
[BOT] 1.1626 | Aguardando fechamento da vela... (candles ok: 163)
[COLETOR] Ticks:   3,826 | 1.16258 @ 2026-09-03T20:34:18
[BOT] 1.1626 | Aguardando fechamento da vela... (candles ok: 163)
[COLETOR] Ticks:   3,827 | 1.16258 @ 2026-09-03T20:34:19
[BOT] 1.1626 | Aguardando fechamento da vela... (candles ok: 163)
[COLETOR] Ticks:   3,828 | 1.16258 @ 2026-09-03T20:34:20
[COLETOR] Ticks:   3,829 | 1.16258 @ 2026-09-03T20:34:21
[BOT] 1.1626 | Aguardando fechamento da vela... (candles ok: 163)
[BOT] 1.1626 | Aguardando fechamento da vela... (candles ok: 163)
[COLETOR] Ticks:   3,830 | 1.16258 @ 2026-09-03T20:34:22
[BOT] 1.1626 | Aguardando fechamento da vela... (candles ok: 163)
[COLETOR] Ticks:   3,831 | 1.16258 @ 2026-09-03T20:34:23
[BOT] 1.1626 | Aguardando fechamento da vela... (candles ok: 163)
[COLETOR] Ticks:   3,832 | 1.16258 @ 2026-09-03T20:34:24
[COLETOR] Ticks:   3,833 | 1.16258 @ 2026-09-03T20:34:25
[BOT] 1.1626 | Aguardando fechamento da vela... (candles ok: 163)
[BOT] 1.1626 | Aguardando fechamento da vela... (candles ok: 163)
[COLETOR] Ticks:   3,834 | 1.16258 @ 2026-09-03T20:34:26
[BOT] 1.1626 | Aguardando fechamento da vela... (candles ok: 163)
[COLETOR] Ticks:   3,835 | 1.16258 @ 2026-09-03T20:34:27
[BOT] 1.1626 | Aguardando fechamento da vela... (candles ok: 163)
[COLETOR] Ticks:   3,836 | 1.1626 @ 2026-09-03T20:34:28
[BOT] 1.1626 | Aguardando fechamento da vela... (candles ok: 163)
[COLETOR] Ticks:   3,837 | 1.16259 @ 2026-09-03T20:34:29
[COLETOR] Ticks:   3,838 | 1.16259 @ 2026-09-03T20:34:30
[BOT] 1.1626 | Aguardando fechamento da vela... (candles ok: 163)
[BOT] 1.1626 | Aguardando fechamento da vela... (candles ok: 163)
[COLETOR] Ticks:   3,839 | 1.16259 @ 2026-09-03T20:34:31
[BOT] 1.1626 | Aguardando fechamento da vela... (candles ok: 163)
[COLETOR] Ticks:   3,840 | 1.16259 @ 2026-09-03T20:34:32
[BOT] 1.1626 | Aguardando fechamento da vela... (candles ok: 163)
[COLETOR] Ticks:   3,841 | 1.16259 @ 2026-09-03T20:34:33
[BOT] 1.1626 | Aguardando fechamento da vela... (candles ok: 163)
[COLETOR] Ticks:   3,842 | 1.1626 @ 2026-09-03T20:34:34
[BOT] 1.1626 | Aguardando fechamento da vela... (candles ok: 163)
[COLETOR] Ticks:   3,843 | 1.16259 @ 2026-09-03T20:34:35
[BOT] 1.1626 | Aguardando fechamento da vela... (candles ok: 163)
[COLETOR] Ticks:   3,844 | 1.16259 @ 2026-09-03T20:34:36
[BOT] 1.1626 | Aguardando fechamento da vela... (candles ok: 163)
[COLETOR] Ticks:   3,845 | 1.16259 @ 2026-09-03T20:34:37
[BOT] 1.1626 | Aguardando fechamento da vela... (candles ok: 163)
[COLETOR] Ticks:   3,846 | 1.16259 @ 2026-09-03T20:34:38
[BOT] 1.1626 | Aguardando fechamento da vela... (candles ok: 163)
[COLETOR] Ticks:   3,847 | 1.16259 @ 2026-09-03T20:34:39
[BOT] 1.1626 | Aguardando fechamento da vela... (candles ok: 163)
[COLETOR] Ticks:   3,848 | 1.16259 @ 2026-09-03T20:34:40
[BOT] 1.1626 | Aguardando fechamento da vela... (candles ok: 163)
[COLETOR] Ticks:   3,849 | 1.16258 @ 2026-09-03T20:34:41
[COLETOR] Ticks:   3,850 | 1.16258 @ 2026-09-03T20:34:42
[BOT] 1.1626 | Aguardando fechamento da vela... (candles ok: 163)
[BOT] 1.1626 | Aguardando fechamento da vela... (candles ok: 163)
[COLETOR] Ticks:   3,851 | 1.16258 @ 2026-09-03T20:34:43
[BOT] 1.1626 | Aguardando fechamento da vela... (candles ok: 163)
[COLETOR] Ticks:   3,852 | 1.16259 @ 2026-09-03T20:34:44
[BOT] 1.1626 | Aguardando fechamento da vela... (candles ok: 163)
[COLETOR] Ticks:   3,853 | 1.16259 @ 2026-09-03T20:34:45
[BOT] 1.1626 | Aguardando fechamento da vela... (candles ok: 163)
[COLETOR] Ticks:   3,854 | 1.16258 @ 2026-09-03T20:34:46
[BOT] 1.1626 | Aguardando fechamento da vela... (candles ok: 163)
[COLETOR] Ticks:   3,855 | 1.16258 @ 2026-09-03T20:34:47
[BOT] 1.1626 | Aguardando fechamento da vela... (candles ok: 163)
[COLETOR] Ticks:   3,856 | 1.16259 @ 2026-09-03T20:34:48
[BOT] 1.1626 | Aguardando fechamento da vela... (candles ok: 163)
[COLETOR] Ticks:   3,857 | 1.16259 @ 2026-09-03T20:34:49
[BOT] 1.1626 | Aguardando fechamento da vela... (candles ok: 163)
[COLETOR] Ticks:   3,858 | 1.16259 @ 2026-09-03T20:34:50
[BOT] 1.1626 | Aguardando fechamento da vela... (candles ok: 163)
[COLETOR] Ticks:   3,859 | 1.16259 @ 2026-09-03T20:34:51
[COLETOR] Ticks:   3,860 | 1.16259 @ 2026-09-03T20:34:52
[BOT] 1.1626 | Aguardando fechamento da vela... (candles ok: 163)
[BOT] 1.1626 | Aguardando fechamento da vela... (candles ok: 163)
[COLETOR] Ticks:   3,861 | 1.16258 @ 2026-09-03T20:34:53
[BOT] 1.1626 | Aguardando fechamento da vela... (candles ok: 163)
[COLETOR] Ticks:   3,862 | 1.16258 @ 2026-09-03T20:34:54
[BOT] 1.1626 | Aguardando fechamento da vela... (candles ok: 163)
[COLETOR] Ticks:   3,863 | 1.16258 @ 2026-09-03T20:34:55
[BOT] 1.1626 | Aguardando fechamento da vela... (candles ok: 163)
[COLETOR] Ticks:   3,864 | 1.16257 @ 2026-09-03T20:34:56
[COLETOR] Ticks:   3,865 | 1.16257 @ 2026-09-03T20:34:57
[BOT] 1.1626 | Aguardando fechamento da vela... (candles ok: 163)
[BOT] 1.1626 | Aguardando fechamento da vela... (candles ok: 163)
[COLETOR] Ticks:   3,866 | 1.16257 @ 2026-09-03T20:34:58
[BOT] 1.1626 | Aguardando fechamento da vela... (candles ok: 163)
[COLETOR] Ticks:   3,867 | 1.16257 @ 2026-09-03T20:34:59
[TICK] 1.1626 | EMA9:1.1626 EMA21:1.1625 | RSI:56.9 ADX:31.8 MACD_H:+0.00001
[COLETOR] Ticks:   3,868 | 1.16257 @ 2026-09-03T20:35:00
[BOT] 1.1626 | Aguardando fechamento da vela... (candles ok: 164)
[COLETOR] Ticks:   3,869 | 1.16257 @ 2026-09-03T20:35:01
[BOT] 1.1626 | Aguardando fechamento da vela... (candles ok: 164)
[COLETOR] Ticks:   3,870 | 1.16257 @ 2026-09-03T20:35:02
[BOT] 1.1626 | Aguardando fechamento da vela... (candles ok: 164)
[COLETOR] Ticks:   3,871 | 1.16257 @ 2026-09-03T20:35:03
[BOT] 1.1626 | Aguardando fechamento da vela... (candles ok: 164)
[COLETOR] Ticks:   3,872 | 1.16259 @ 2026-09-03T20:35:04
[COLETOR] Ticks:   3,873 | 1.16259 @ 2026-09-03T20:35:05
[BOT] 1.1626 | Aguardando fechamento da vela... (candles ok: 164)
[BOT] 1.1626 | Aguardando fechamento da vela... (candles ok: 164)
[COLETOR] Ticks:   3,874 | 1.16259 @ 2026-09-03T20:35:06
[BOT] 1.1626 | Aguardando fechamento da vela... (candles ok: 164)
[COLETOR] Ticks:   3,875 | 1.16259 @ 2026-09-03T20:35:07
[BOT] 1.1626 | Aguardando fechamento da vela... (candles ok: 164)
[COLETOR] Ticks:   3,876 | 1.16259 @ 2026-09-03T20:35:08
[BOT] 1.1626 | Aguardando fechamento da vela... (candles ok: 164)
[COLETOR] Ticks:   3,877 | 1.16259 @ 2026-09-03T20:35:09
[BOT] 1.1626 | Aguardando fechamento da vela... (candles ok: 164)
[COLETOR] Ticks:   3,878 | 1.16259 @ 2026-09-03T20:35:10
[BOT] 1.1626 | Aguardando fechamento da vela... (candles ok: 164)
[COLETOR] Ticks:   3,879 | 1.16259 @ 2026-09-03T20:35:11
[BOT] 1.1626 | Aguardando fechamento da vela... (candles ok: 164)
[COLETOR] Ticks:   3,880 | 1.16259 @ 2026-09-03T20:35:12
[BOT] 1.1626 | Aguardando fechamento da vela... (candles ok: 164)
[COLETOR] Ticks:   3,881 | 1.16259 @ 2026-09-03T20:35:13
[BOT] 1.1626 | Aguardando fechamento da vela... (candles ok: 164)
[COLETOR] Ticks:   3,882 | 1.16259 @ 2026-09-03T20:35:14
[COLETOR] Ticks:   3,883 | 1.16259 @ 2026-09-03T20:35:15
[BOT] 1.1626 | Aguardando fechamento da vela... (candles ok: 164)
[BOT] 1.1626 | Aguardando fechamento da vela... (candles ok: 164)
[COLETOR] Ticks:   3,884 | 1.16259 @ 2026-09-03T20:35:16
[BOT] 1.1626 | Aguardando fechamento da vela... (candles ok: 164)
[COLETOR] Ticks:   3,885 | 1.16259 @ 2026-09-03T20:35:17
[BOT] 1.1626 | Aguardando fechamento da vela... (candles ok: 164)
[COLETOR] Ticks:   3,886 | 1.16259 @ 2026-09-03T20:35:18
[BOT] 1.1626 | Aguardando fechamento da vela... (candles ok: 164)
[COLETOR] Ticks:   3,887 | 1.16259 @ 2026-09-03T20:35:19
[BOT] 1.1626 | Aguardando fechamento da vela... (candles ok: 164)
[COLETOR] Ticks:   3,888 | 1.16259 @ 2026-09-03T20:35:20
[BOT] 1.1626 | Aguardando fechamento da vela... (candles ok: 164)
[COLETOR] Ticks:   3,889 | 1.16259 @ 2026-09-03T20:35:21
[BOT] 1.1626 | Aguardando fechamento da vela... (candles ok: 164)
[COLETOR] Ticks:   3,890 | 1.16259 @ 2026-09-03T20:35:22
[BOT] 1.1626 | Aguardando fechamento da vela... (candles ok: 164)
[COLETOR] Ticks:   3,891 | 1.16259 @ 2026-09-03T20:35:23
[BOT] 1.1626 | Aguardando fechamento da vela... (candles ok: 164)
[COLETOR] Ticks:   3,892 | 1.16259 @ 2026-09-03T20:35:24
[BOT] 1.1626 | Aguardando fechamento da vela... (candles ok: 164)
[COLETOR] Ticks:   3,893 | 1.16259 @ 2026-09-03T20:35:25
[BOT] 1.1626 | Aguardando fechamento da vela... (candles ok: 164)
[COLETOR] Ticks:   3,894 | 1.16259 @ 2026-09-03T20:35:26
[BOT] 1.1626 | Aguardando fechamento da vela... (candles ok: 164)
[COLETOR] Ticks:   3,895 | 1.16259 @ 2026-09-03T20:35:27
[BOT] 1.1626 | Aguardando fechamento da vela... (candles ok: 164)
[COLETOR] Ticks:   3,896 | 1.16259 @ 2026-09-03T20:35:28
[COLETOR] Ticks:   3,897 | 1.16258 @ 2026-09-03T20:35:29
[BOT] 1.1626 | Aguardando fechamento da vela... (candles ok: 164)
[BOT] 1.1626 | Aguardando fechamento da vela... (candles ok: 164)
[COLETOR] Ticks:   3,898 | 1.16259 @ 2026-09-03T20:35:30
[BOT] 1.1626 | Aguardando fechamento da vela... (candles ok: 164)
[COLETOR] Ticks:   3,899 | 1.16259 @ 2026-09-03T20:35:31
[BOT] 1.1626 | Aguardando fechamento da vela... (candles ok: 164)
[COLETOR] Ticks:   3,900 | 1.16259 @ 2026-09-03T20:35:32
[BOT] 1.1626 | Aguardando fechamento da vela... (candles ok: 164)
[COLETOR] Ticks:   3,901 | 1.16259 @ 2026-09-03T20:35:33
[BOT] 1.1626 | Aguardando fechamento da vela... (candles ok: 164)
[COLETOR] Ticks:   3,902 | 1.16259 @ 2026-09-03T20:35:34
[BOT] 1.1626 | Aguardando fechamento da vela... (candles ok: 164)
[COLETOR] Ticks:   3,903 | 1.16259 @ 2026-09-03T20:35:35
[BOT] 1.1626 | Aguardando fechamento da vela... (candles ok: 164)
[COLETOR] Ticks:   3,904 | 1.16258 @ 2026-09-03T20:35:36
[BOT] 1.1626 | Aguardando fechamento da vela... (candles ok: 164)
[COLETOR] Ticks:   3,905 | 1.16258 @ 2026-09-03T20:35:37
[BOT] 1.1626 | Aguardando fechamento da vela... (candles ok: 164)
[COLETOR] Ticks:   3,906 | 1.16259 @ 2026-09-03T20:35:38
[BOT] 1.1626 | Aguardando fechamento da vela... (candles ok: 164)
[COLETOR] Ticks:   3,907 | 1.16259 @ 2026-09-03T20:35:39
[BOT] 1.1626 | Aguardando fechamento da vela... (candles ok: 164)
[COLETOR] Ticks:   3,908 | 1.16259 @ 2026-09-03T20:35:40
[BOT] 1.1626 | Aguardando fechamento da vela... (candles ok: 164)
[COLETOR] Ticks:   3,909 | 1.16258 @ 2026-09-03T20:35:41
[COLETOR] Ticks:   3,910 | 1.16256 @ 2026-09-03T20:35:42
[BOT] 1.1626 | Aguardando fechamento da vela... (candles ok: 164)
[BOT] 1.1626 | Aguardando fechamento da vela... (candles ok: 164)
[COLETOR] Ticks:   3,911 | 1.16258 @ 2026-09-03T20:35:43
[BOT] 1.1626 | Aguardando fechamento da vela... (candles ok: 164)
[COLETOR] Ticks:   3,912 | 1.16258 @ 2026-09-03T20:35:44
[BOT] 1.1626 | Aguardando fechamento da vela... (candles ok: 164)
[COLETOR] Ticks:   3,913 | 1.16257 @ 2026-09-03T20:35:45
[BOT] 1.1626 | Aguardando fechamento da vela... (candles ok: 164)
[COLETOR] Ticks:   3,914 | 1.16258 @ 2026-09-03T20:35:46
[BOT] 1.1626 | Aguardando fechamento da vela... (candles ok: 164)
[COLETOR] Ticks:   3,915 | 1.16258 @ 2026-09-03T20:35:47
[BOT] 1.1626 | Aguardando fechamento da vela... (candles ok: 164)
[COLETOR] Ticks:   3,916 | 1.16257 @ 2026-09-03T20:35:48
[BOT] 1.1626 | Aguardando fechamento da vela... (candles ok: 164)
[COLETOR] Ticks:   3,917 | 1.16257 @ 2026-09-03T20:35:49
[BOT] 1.1626 | Aguardando fechamento da vela... (candles ok: 164)
[COLETOR] Ticks:   3,918 | 1.16257 @ 2026-09-03T20:35:50
[COLETOR] Ticks:   3,919 | 1.16257 @ 2026-09-03T20:35:51
[BOT] 1.1626 | Aguardando fechamento da vela... (candles ok: 164)
[BOT] 1.1626 | Aguardando fechamento da vela... (candles ok: 164)
[COLETOR] Ticks:   3,920 | 1.16257 @ 2026-09-03T20:35:52
[COLETOR] Ticks:   3,921 | 1.16257 @ 2026-09-03T20:35:53
[BOT] 1.1626 | Aguardando fechamento da vela... (candles ok: 164)
[BOT] 1.1626 | Aguardando fechamento da vela... (candles ok: 164)
[COLETOR] Ticks:   3,922 | 1.16257 @ 2026-09-03T20:35:54
[BOT] 1.1626 | Aguardando fechamento da vela... (candles ok: 164)
[COLETOR] Ticks:   3,923 | 1.16257 @ 2026-09-03T20:35:55
[BOT] 1.1626 | Aguardando fechamento da vela... (candles ok: 164)
[COLETOR] Ticks:   3,924 | 1.16257 @ 2026-09-03T20:35:56
[BOT] 1.1626 | Aguardando fechamento da vela... (candles ok: 164)
[COLETOR] Ticks:   3,925 | 1.16257 @ 2026-09-03T20:35:57
[BOT] 1.1626 | Aguardando fechamento da vela... (candles ok: 164)
[COLETOR] Ticks:   3,926 | 1.16257 @ 2026-09-03T20:35:58
[BOT] 1.1626 | Aguardando fechamento da vela... (candles ok: 164)
[COLETOR] Ticks:   3,927 | 1.16257 @ 2026-09-03T20:35:59
[TICK] 1.1626 | EMA9:1.1626 EMA21:1.1625 | RSI:56.9 ADX:32.2 MACD_H:+0.00000
[COLETOR] Ticks:   3,928 | 1.16257 @ 2026-09-03T20:36:00
[COLETOR] Ticks:   3,929 | 1.16258 @ 2026-09-03T20:36:01
[BOT] 1.1626 | Aguardando fechamento da vela... (candles ok: 165)
[BOT] 1.1626 | Aguardando fechamento da vela... (candles ok: 165)
[COLETOR] Ticks:   3,930 | 1.16258 @ 2026-09-03T20:36:02
[BOT] 1.1626 | Aguardando fechamento da vela... (candles ok: 165)
[COLETOR] Ticks:   3,931 | 1.16259 @ 2026-09-03T20:36:03
[BOT] 1.1626 | Aguardando fechamento da vela... (candles ok: 165)
[COLETOR] Ticks:   3,932 | 1.16259 @ 2026-09-03T20:36:04
[BOT] 1.1626 | Aguardando fechamento da vela... (candles ok: 165)
[COLETOR] Ticks:   3,933 | 1.1626 @ 2026-09-03T20:36:05
[BOT] 1.1626 | Aguardando fechamento da vela... (candles ok: 165)
[COLETOR] Ticks:   3,934 | 1.16262 @ 2026-09-03T20:36:06
[COLETOR] Ticks:   3,935 | 1.16263 @ 2026-09-03T20:36:07
[BOT] 1.1626 | Aguardando fechamento da vela... (candles ok: 165)
[BOT] 1.1626 | Aguardando fechamento da vela... (candles ok: 165)
[COLETOR] Ticks:   3,936 | 1.16263 @ 2026-09-03T20:36:08
[BOT] 1.1626 | Aguardando fechamento da vela... (candles ok: 165)
[COLETOR] Ticks:   3,937 | 1.16262 @ 2026-09-03T20:36:09
[BOT] 1.1626 | Aguardando fechamento da vela... (candles ok: 165)
[COLETOR] Ticks:   3,938 | 1.16262 @ 2026-09-03T20:36:10
[BOT] 1.1626 | Aguardando fechamento da vela... (candles ok: 165)
[COLETOR] Ticks:   3,939 | 1.16262 @ 2026-09-03T20:36:11
[COLETOR] Ticks:   3,940 | 1.16262 @ 2026-09-03T20:36:12
[BOT] 1.1626 | Aguardando fechamento da vela... (candles ok: 165)
[BOT] 1.1626 | Aguardando fechamento da vela... (candles ok: 165)
[COLETOR] Ticks:   3,941 | 1.16263 @ 2026-09-03T20:36:13
[BOT] 1.1626 | Aguardando fechamento da vela... (candles ok: 165)
[COLETOR] Ticks:   3,942 | 1.16263 @ 2026-09-03T20:36:14
[BOT] 1.1626 | Aguardando fechamento da vela... (candles ok: 165)
[COLETOR] Ticks:   3,943 | 1.16263 @ 2026-09-03T20:36:15
[BOT] 1.1626 | Aguardando fechamento da vela... (candles ok: 165)
[COLETOR] Ticks:   3,944 | 1.16262 @ 2026-09-03T20:36:16
[BOT] 1.1626 | Aguardando fechamento da vela... (candles ok: 165)
[COLETOR] Ticks:   3,945 | 1.16262 @ 2026-09-03T20:36:17
[BOT] 1.1626 | Aguardando fechamento da vela... (candles ok: 165)
[COLETOR] Ticks:   3,946 | 1.16262 @ 2026-09-03T20:36:18
[COLETOR] Ticks:   3,947 | 1.16262 @ 2026-09-03T20:36:19
[BOT] 1.1626 | Aguardando fechamento da vela... (candles ok: 165)
[BOT] 1.1626 | Aguardando fechamento da vela... (candles ok: 165)
[COLETOR] Ticks:   3,948 | 1.16262 @ 2026-09-03T20:36:20
[BOT] 1.1626 | Aguardando fechamento da vela... (candles ok: 165)
[COLETOR] Ticks:   3,949 | 1.16262 @ 2026-09-03T20:36:21
[BOT] 1.1626 | Aguardando fechamento da vela... (candles ok: 165)
[COLETOR] Ticks:   3,950 | 1.16262 @ 2026-09-03T20:36:22
[BOT] 1.1626 | Aguardando fechamento da vela... (candles ok: 165)
[COLETOR] Ticks:   3,951 | 1.16262 @ 2026-09-03T20:36:23
[BOT] 1.1626 | Aguardando fechamento da vela... (candles ok: 165)
[COLETOR] Ticks:   3,952 | 1.16263 @ 2026-09-03T20:36:24
[COLETOR] Ticks:   3,953 | 1.16262 @ 2026-09-03T20:36:25
[BOT] 1.1626 | Aguardando fechamento da vela... (candles ok: 165)
[BOT] 1.1626 | Aguardando fechamento da vela... (candles ok: 165)
[COLETOR] Ticks:   3,954 | 1.16262 @ 2026-09-03T20:36:26
[BOT] 1.1626 | Aguardando fechamento da vela... (candles ok: 165)
[COLETOR] Ticks:   3,955 | 1.16262 @ 2026-09-03T20:36:27
[BOT] 1.1626 | Aguardando fechamento da vela... (candles ok: 165)
[COLETOR] Ticks:   3,956 | 1.16262 @ 2026-09-03T20:36:28
[COLETOR] Ticks:   3,957 | 1.16262 @ 2026-09-03T20:36:29
[BOT] 1.1626 | Aguardando fechamento da vela... (candles ok: 165)
[BOT] 1.1626 | Aguardando fechamento da vela... (candles ok: 165)
[COLETOR] Ticks:   3,958 | 1.16262 @ 2026-09-03T20:36:30
[BOT] 1.1626 | Aguardando fechamento da vela... (candles ok: 165)
[COLETOR] Ticks:   3,959 | 1.16262 @ 2026-09-03T20:36:31
[BOT] 1.1626 | Aguardando fechamento da vela... (candles ok: 165)
[COLETOR] Ticks:   3,960 | 1.16262 @ 2026-09-03T20:36:32
[COLETOR] Ticks:   3,961 | 1.16264 @ 2026-09-03T20:36:33
[BOT] 1.1626 | Aguardando fechamento da vela... (candles ok: 165)
[BOT] 1.1626 | Aguardando fechamento da vela... (candles ok: 165)
[COLETOR] Ticks:   3,962 | 1.16264 @ 2026-09-03T20:36:34
[BOT] 1.1626 | Aguardando fechamento da vela... (candles ok: 165)
[COLETOR] Ticks:   3,963 | 1.16264 @ 2026-09-03T20:36:35
[BOT] 1.1626 | Aguardando fechamento da vela... (candles ok: 165)
[COLETOR] Ticks:   3,964 | 1.16264 @ 2026-09-03T20:36:36
[BOT] 1.1626 | Aguardando fechamento da vela... (candles ok: 165)
[COLETOR] Ticks:   3,965 | 1.16264 @ 2026-09-03T20:36:37
[BOT] 1.1626 | Aguardando fechamento da vela... (candles ok: 165)
[COLETOR] Ticks:   3,966 | 1.16264 @ 2026-09-03T20:36:38
[COLETOR] Ticks:   3,967 | 1.16264 @ 2026-09-03T20:36:39
[BOT] 1.1626 | Aguardando fechamento da vela... (candles ok: 165)
[BOT] 1.1626 | Aguardando fechamento da vela... (candles ok: 165)
[COLETOR] Ticks:   3,968 | 1.16264 @ 2026-09-03T20:36:40
[COLETOR] Ticks:   3,969 | 1.16264 @ 2026-09-03T20:36:41
[BOT] 1.1626 | Aguardando fechamento da vela... (candles ok: 165)
[BOT] 1.1626 | Aguardando fechamento da vela... (candles ok: 165)
[COLETOR] Ticks:   3,970 | 1.16264 @ 2026-09-03T20:36:42
[BOT] 1.1626 | Aguardando fechamento da vela... (candles ok: 165)
[COLETOR] Ticks:   3,971 | 1.16265 @ 2026-09-03T20:36:43
[BOT] 1.1626 | Aguardando fechamento da vela... (candles ok: 165)
[COLETOR] Ticks:   3,972 | 1.16265 @ 2026-09-03T20:36:44
[BOT] 1.1626 | Aguardando fechamento da vela... (candles ok: 165)
[COLETOR] Ticks:   3,973 | 1.16265 @ 2026-09-03T20:36:45
[BOT] 1.1626 | Aguardando fechamento da vela... (candles ok: 165)
[COLETOR] Ticks:   3,974 | 1.16265 @ 2026-09-03T20:36:46
[BOT] 1.1626 | Aguardando fechamento da vela... (candles ok: 165)
[COLETOR] Ticks:   3,975 | 1.16265 @ 2026-09-03T20:36:47
[BOT] 1.1626 | Aguardando fechamento da vela... (candles ok: 165)
[COLETOR] Ticks:   3,976 | 1.16265 @ 2026-09-03T20:36:48
[BOT] 1.1626 | Aguardando fechamento da vela... (candles ok: 165)
[COLETOR] Ticks:   3,977 | 1.16265 @ 2026-09-03T20:36:49
[BOT] 1.1626 | Aguardando fechamento da vela... (candles ok: 165)
[COLETOR] Ticks:   3,978 | 1.16265 @ 2026-09-03T20:36:50
[BOT] 1.1626 | Aguardando fechamento da vela... (candles ok: 165)
[COLETOR] Ticks:   3,979 | 1.16265 @ 2026-09-03T20:36:51
[BOT] 1.1626 | Aguardando fechamento da vela... (candles ok: 165)
[COLETOR] Ticks:   3,980 | 1.16265 @ 2026-09-03T20:36:52
[BOT] 1.1626 | Aguardando fechamento da vela... (candles ok: 165)
[COLETOR] Ticks:   3,981 | 1.16265 @ 2026-09-03T20:36:53
[BOT] 1.1626 | Aguardando fechamento da vela... (candles ok: 165)
[COLETOR] Ticks:   3,982 | 1.16265 @ 2026-09-03T20:36:54
[BOT] 1.1626 | Aguardando fechamento da vela... (candles ok: 165)
[COLETOR] Ticks:   3,983 | 1.16265 @ 2026-09-03T20:36:55
[COLETOR] Ticks:   3,984 | 1.16265 @ 2026-09-03T20:36:56
[BOT] 1.1626 | Aguardando fechamento da vela... (candles ok: 165)
[COLETOR] Ticks:   3,985 | 1.16265 @ 2026-09-03T20:36:57
[BOT] 1.1626 | Aguardando fechamento da vela... (candles ok: 165)
[BOT] 1.1627 | Aguardando fechamento da vela... (candles ok: 165)
[COLETOR] Ticks:   3,986 | 1.16266 @ 2026-09-03T20:36:58
[BOT] 1.1627 | Aguardando fechamento da vela... (candles ok: 165)
[COLETOR] Ticks:   3,987 | 1.16266 @ 2026-09-03T20:36:59
[TICK] 1.1627 | EMA9:1.1626 EMA21:1.1625 | RSI:65.4 ADX:33.9 MACD_H:+0.00001 [→ BUY]
[BOT] → BUY | Stake: 10.00 USD | Duração: 15m | ADX:33.9 RSI:65.4
[COLETOR] Ticks:   3,988 | 1.16266 @ 2026-09-03T20:37:00[BOT] Erro API: Trading on forex contracts with duration less than 5 hours is not available from 21:00:00 to 23:59:59
[BOT] 1.1627 | Aguardando fechamento da vela... (candles ok: 166)
[COLETOR] Ticks:   3,989 | 1.16266 @ 2026-09-03T20:37:01
[BOT] 1.1627 | Aguardando fechamento da vela... (candles ok: 166)
[COLETOR] Ticks:   3,990 | 1.16266 @ 2026-09-03T20:37:02
[BOT] 1.1626 | Aguardando fechamento da vela... (candles ok: 166)
[COLETOR] Ticks:   3,991 | 1.16265 @ 2026-09-03T20:37:03
[BOT] 1.1626 | Aguardando fechamento da vela... (candles ok: 166)
[COLETOR] Ticks:   3,992 | 1.16265 @ 2026-09-03T20:37:04
[COLETOR] Ticks:   3,993 | 1.16265 @ 2026-09-03T20:37:05
[BOT] 1.1626 | Aguardando fechamento da vela... (candles ok: 166)
[BOT] 1.1626 | Aguardando fechamento da vela... (candles ok: 166)
[COLETOR] Ticks:   3,994 | 1.16264 @ 2026-09-03T20:37:06
[BOT] 1.1626 | Aguardando fechamento da vela... (candles ok: 166)
[COLETOR] Ticks:   3,995 | 1.16264 @ 2026-09-03T20:37:07
[BOT] 1.1626 | Aguardando fechamento da vela... (candles ok: 166)
[COLETOR] Ticks:   3,996 | 1.16263 @ 2026-09-03T20:37:08
[BOT] 1.1626 | Aguardando fechamento da vela... (candles ok: 166)
[COLETOR] Ticks:   3,997 | 1.16263 @ 2026-09-03T20:37:09
[BOT] 1.1626 | Aguardando fechamento da vela... (candles ok: 166)
[COLETOR] Ticks:   3,998 | 1.16263 @ 2026-09-03T20:37:10
[BOT] 1.1626 | Aguardando fechamento da vela... (candles ok: 166)
[COLETOR] Ticks:   3,999 | 1.16263 @ 2026-09-03T20:37:11
[COLETOR] Ticks:   4,000 | 1.16263 @ 2026-09-03T20:37:12
[BOT] 1.1626 | Aguardando fechamento da vela... (candles ok: 166)
[BOT] 1.1626 | Aguardando fechamento da vela... (candles ok: 166)
[COLETOR] Ticks:   4,001 | 1.16264 @ 2026-09-03T20:37:13
[BOT] 1.1626 | Aguardando fechamento da vela... (candles ok: 166)
[COLETOR] Ticks:   4,002 | 1.16264 @ 2026-09-03T20:37:14
[BOT] 1.1626 | Aguardando fechamento da vela... (candles ok: 166)
[COLETOR] Ticks:   4,003 | 1.16264 @ 2026-09-03T20:37:15
[COLETOR] Ticks:   4,004 | 1.16264 @ 2026-09-03T20:37:16
[BOT] 1.1626 | Aguardando fechamento da vela... (candles ok: 166)
[BOT] 1.1626 | Aguardando fechamento da vela... (candles ok: 166)
[COLETOR] Ticks:   4,005 | 1.16264 @ 2026-09-03T20:37:17
[BOT] 1.1626 | Aguardando fechamento da vela... (candles ok: 166)
[COLETOR] Ticks:   4,006 | 1.16264 @ 2026-09-03T20:37:18
[BOT] 1.1626 | Aguardando fechamento da vela... (candles ok: 166)
[COLETOR] Ticks:   4,007 | 1.16264 @ 2026-09-03T20:37:19
[BOT] 1.1626 | Aguardando fechamento da vela... (candles ok: 166)
[COLETOR] Ticks:   4,008 | 1.16265 @ 2026-09-03T20:37:20
[BOT] 1.1627 | Aguardando fechamento da vela... (candles ok: 166)
[COLETOR] Ticks:   4,009 | 1.16266 @ 2026-09-03T20:37:21
[BOT] 1.1627 | Aguardando fechamento da vela... (candles ok: 166)
[COLETOR] Ticks:   4,010 | 1.16266 @ 2026-09-03T20:37:22
[BOT] 1.1627 | Aguardando fechamento da vela... (candles ok: 166)
[COLETOR] Ticks:   4,011 | 1.16267 @ 2026-09-03T20:37:23
[BOT] 1.1627 | Aguardando fechamento da vela... (candles ok: 166)
[COLETOR] Ticks:   4,012 | 1.16267 @ 2026-09-03T20:37:24
[COLETOR] Ticks:   4,013 | 1.16266 @ 2026-09-03T20:37:25
[BOT] 1.1627 | Aguardando fechamento da vela... (candles ok: 166)
[COLETOR] Ticks:   4,014 | 1.16266 @ 2026-09-03T20:37:26
[BOT] 1.1627 | Aguardando fechamento da vela... (candles ok: 166)
[BOT] 1.1627 | Aguardando fechamento da vela... (candles ok: 166)
[COLETOR] Ticks:   4,015 | 1.16266 @ 2026-09-03T20:37:27
[BOT] 1.1626 | Aguardando fechamento da vela... (candles ok: 166)
[COLETOR] Ticks:   4,016 | 1.16265 @ 2026-09-03T20:37:28
[BOT] 1.1626 | Aguardando fechamento da vela... (candles ok: 166)
[COLETOR] Ticks:   4,017 | 1.16265 @ 2026-09-03T20:37:29
[BOT] 1.1627 | Aguardando fechamento da vela... (candles ok: 166)
[COLETOR] Ticks:   4,018 | 1.16266 @ 2026-09-03T20:37:30
[BOT] 1.1627 | Aguardando fechamento da vela... (candles ok: 166)
[COLETOR] Ticks:   4,019 | 1.16266 @ 2026-09-03T20:37:31
[BOT] 1.1626 | Aguardando fechamento da vela... (candles ok: 166)
[COLETOR] Ticks:   4,020 | 1.16265 @ 2026-09-03T20:37:32
[BOT] 1.1626 | Aguardando fechamento da vela... (candles ok: 166)
[COLETOR] Ticks:   4,021 | 1.16265 @ 2026-09-03T20:37:33
[BOT] 1.1626 | Aguardando fechamento da vela... (candles ok: 166)
[COLETOR] Ticks:   4,022 | 1.16265 @ 2026-09-03T20:37:34
[BOT] 1.1626 | Aguardando fechamento da vela... (candles ok: 166)
[COLETOR] Ticks:   4,023 | 1.16265 @ 2026-09-03T20:37:35
[BOT] 1.1626 | Aguardando fechamento da vela... (candles ok: 166)
[COLETOR] Ticks:   4,024 | 1.16265 @ 2026-09-03T20:37:36
[BOT] 1.1626 | Aguardando fechamento da vela... (candles ok: 166)
[COLETOR] Ticks:   4,025 | 1.16265 @ 2026-09-03T20:37:37
[BOT] 1.1626 | Aguardando fechamento da vela... (candles ok: 166)
[COLETOR] Ticks:   4,026 | 1.16265 @ 2026-09-03T20:37:38
[BOT] 1.1626 | Aguardando fechamento da vela... (candles ok: 166)
[COLETOR] Ticks:   4,027 | 1.16265 @ 2026-09-03T20:37:39
[BOT] 1.1626 | Aguardando fechamento da vela... (candles ok: 166)
[COLETOR] Ticks:   4,028 | 1.16265 @ 2026-09-03T20:37:40
[COLETOR] Ticks:   4,029 | 1.16265 @ 2026-09-03T20:37:41
[BOT] 1.1626 | Aguardando fechamento da vela... (candles ok: 166)
[BOT] 1.1626 | Aguardando fechamento da vela... (candles ok: 166)
[COLETOR] Ticks:   4,030 | 1.16265 @ 2026-09-03T20:37:42
[BOT] 1.1626 | Aguardando fechamento da vela... (candles ok: 166)
[COLETOR] Ticks:   4,031 | 1.16264 @ 2026-09-03T20:37:43
[BOT] 1.1626 | Aguardando fechamento da vela... (candles ok: 166)
[COLETOR] Ticks:   4,032 | 1.16263 @ 2026-09-03T20:37:44
[BOT] 1.1626 | Aguardando fechamento da vela... (candles ok: 166)
[COLETOR] Ticks:   4,033 | 1.16263 @ 2026-09-03T20:37:45
[BOT] 1.1626 | Aguardando fechamento da vela... (candles ok: 166)
[COLETOR] Ticks:   4,034 | 1.16263 @ 2026-09-03T20:37:46
[BOT] 1.1626 | Aguardando fechamento da vela... (candles ok: 166)
[COLETOR] Ticks:   4,035 | 1.16264 @ 2026-09-03T20:37:47
[COLETOR] Ticks:   4,036 | 1.16264 @ 2026-09-03T20:37:48
[BOT] 1.1626 | Aguardando fechamento da vela... (candles ok: 166)
[BOT] 1.1626 | Aguardando fechamento da vela... (candles ok: 166)
[COLETOR] Ticks:   4,037 | 1.16264 @ 2026-09-03T20:37:49
[BOT] 1.1626 | Aguardando fechamento da vela... (candles ok: 166)
[COLETOR] Ticks:   4,038 | 1.16263 @ 2026-09-03T20:37:50
[BOT] 1.1626 | Aguardando fechamento da vela... (candles ok: 166)
[COLETOR] Ticks:   4,039 | 1.16264 @ 2026-09-03T20:37:51
[BOT] 1.1626 | Aguardando fechamento da vela... (candles ok: 166)
[COLETOR] Ticks:   4,040 | 1.16263 @ 2026-09-03T20:37:52
[BOT] 1.1626 | Aguardando fechamento da vela... (candles ok: 166)
[COLETOR] Ticks:   4,041 | 1.16264 @ 2026-09-03T20:37:53
[BOT] 1.1626 | Aguardando fechamento da vela... (candles ok: 166)
[COLETOR] Ticks:   4,042 | 1.16264 @ 2026-09-03T20:37:54
[BOT] 1.1626 | Aguardando fechamento da vela... (candles ok: 166)
[COLETOR] Ticks:   4,043 | 1.16264 @ 2026-09-03T20:37:55
[BOT] 1.1626 | Aguardando fechamento da vela... (candles ok: 166)
[COLETOR] Ticks:   4,044 | 1.16264 @ 2026-09-03T20:37:56
[BOT] 1.1626 | Aguardando fechamento da vela... (candles ok: 166)
[COLETOR] Ticks:   4,045 | 1.16264 @ 2026-09-03T20:37:57
[BOT] 1.1626 | Aguardando fechamento da vela... (candles ok: 166)
[COLETOR] Ticks:   4,046 | 1.16264 @ 2026-09-03T20:37:58
[BOT] 1.1626 | Aguardando fechamento da vela... (candles ok: 166)
[COLETOR] Ticks:   4,047 | 1.16264 @ 2026-09-03T20:37:59
[TICK] 1.1626 | EMA9:1.1626 EMA21:1.1625 | RSI:62.5 ADX:35.4 MACD_H:+0.00001 [→ BUY]
[BOT] → BUY | Stake: 10.00 USD | Duração: 15m | ADX:35.4 RSI:62.5
[COLETOR] Ticks:   4,048 | 1.16264 @ 2026-09-03T20:38:00[BOT] Erro API: Trading on forex contracts with duration less than 5 hours is not available from 21:00:00 to 23:59:59
[BOT] 1.1626 | Aguardando fechamento da vela... (candles ok: 167)
[COLETOR] Ticks:   4,049 | 1.16263 @ 2026-09-03T20:38:01
[BOT] 1.1626 | Aguardando fechamento da vela... (candles ok: 167)
[COLETOR] Ticks:   4,050 | 1.16263 @ 2026-09-03T20:38:02
[COLETOR] Ticks:   4,051 | 1.16263 @ 2026-09-03T20:38:03
[BOT] 1.1626 | Aguardando fechamento da vela... (candles ok: 167)
[BOT] 1.1626 | Aguardando fechamento da vela... (candles ok: 167)
[COLETOR] Ticks:   4,052 | 1.16263 @ 2026-09-03T20:38:04
[BOT] 1.1626 | Aguardando fechamento da vela... (candles ok: 167)
[COLETOR] Ticks:   4,053 | 1.16263 @ 2026-09-03T20:38:05
[BOT] 1.1626 | Aguardando fechamento da vela... (candles ok: 167)
[COLETOR] Ticks:   4,054 | 1.16263 @ 2026-09-03T20:38:06
[BOT] 1.1626 | Aguardando fechamento da vela... (candles ok: 167)
[COLETOR] Ticks:   4,055 | 1.16263 @ 2026-09-03T20:38:07
[BOT] 1.1626 | Aguardando fechamento da vela... (candles ok: 167)
[COLETOR] Ticks:   4,056 | 1.16263 @ 2026-09-03T20:38:08
[BOT] 1.1626 | Aguardando fechamento da vela... (candles ok: 167)
[COLETOR] Ticks:   4,057 | 1.16263 @ 2026-09-03T20:38:09
[BOT] 1.1626 | Aguardando fechamento da vela... (candles ok: 167)
[COLETOR] Ticks:   4,058 | 1.16263 @ 2026-09-03T20:38:10
[BOT] 1.1626 | Aguardando fechamento da vela... (candles ok: 167)
[COLETOR] Ticks:   4,059 | 1.16262 @ 2026-09-03T20:38:11
[COLETOR] Ticks:   4,060 | 1.16262 @ 2026-09-03T20:38:12
[BOT] 1.1626 | Aguardando fechamento da vela... (candles ok: 167)
[BOT] 1.1626 | Aguardando fechamento da vela... (candles ok: 167)
[COLETOR] Ticks:   4,061 | 1.16262 @ 2026-09-03T20:38:13
[BOT] 1.1626 | Aguardando fechamento da vela... (candles ok: 167)
[COLETOR] Ticks:   4,062 | 1.16262 @ 2026-09-03T20:38:14
[BOT] 1.1626 | Aguardando fechamento da vela... (candles ok: 167)
[COLETOR] Ticks:   4,063 | 1.16262 @ 2026-09-03T20:38:15
[BOT] 1.1626 | Aguardando fechamento da vela... (candles ok: 167)
[COLETOR] Ticks:   4,064 | 1.16262 @ 2026-09-03T20:38:16
[BOT] 1.1626 | Aguardando fechamento da vela... (candles ok: 167)
[COLETOR] Ticks:   4,065 | 1.16261 @ 2026-09-03T20:38:17
[BOT] 1.1626 | Aguardando fechamento da vela... (candles ok: 167)
[COLETOR] Ticks:   4,066 | 1.1626 @ 2026-09-03T20:38:18
[COLETOR] Ticks:   4,067 | 1.1626 @ 2026-09-03T20:38:19
[BOT] 1.1626 | Aguardando fechamento da vela... (candles ok: 167)
[BOT] 1.1626 | Aguardando fechamento da vela... (candles ok: 167)
[COLETOR] Ticks:   4,068 | 1.1626 @ 2026-09-03T20:38:20
[BOT] 1.1626 | Aguardando fechamento da vela... (candles ok: 167)
[COLETOR] Ticks:   4,069 | 1.1626 @ 2026-09-03T20:38:21
[BOT] 1.1626 | Aguardando fechamento da vela... (candles ok: 167)
[COLETOR] Ticks:   4,070 | 1.1626 @ 2026-09-03T20:38:22
[BOT] 1.1626 | Aguardando fechamento da vela... (candles ok: 167)
[COLETOR] Ticks:   4,071 | 1.1626 @ 2026-09-03T20:38:23
[BOT] 1.1626 | Aguardando fechamento da vela... (candles ok: 167)
[COLETOR] Ticks:   4,072 | 1.1626 @ 2026-09-03T20:38:24
[BOT] 1.1626 | Aguardando fechamento da vela... (candles ok: 167)
[COLETOR] Ticks:   4,073 | 1.1626 @ 2026-09-03T20:38:25
[BOT] 1.1626 | Aguardando fechamento da vela... (candles ok: 167)
[COLETOR] Ticks:   4,074 | 1.16261 @ 2026-09-03T20:38:26
[BOT] 1.1626 | Aguardando fechamento da vela... (candles ok: 167)
[COLETOR] Ticks:   4,075 | 1.1626 @ 2026-09-03T20:38:27
[BOT] 1.1626 | Aguardando fechamento da vela... (candles ok: 167)
[COLETOR] Ticks:   4,076 | 1.1626 @ 2026-09-03T20:38:28
[BOT] 1.1626 | Aguardando fechamento da vela... (candles ok: 167)
[COLETOR] Ticks:   4,077 | 1.1626 @ 2026-09-03T20:38:29
[BOT] 1.1626 | Aguardando fechamento da vela... (candles ok: 167)
[COLETOR] Ticks:   4,078 | 1.1626 @ 2026-09-03T20:38:30
[BOT] 1.1626 | Aguardando fechamento da vela... (candles ok: 167)
[COLETOR] Ticks:   4,079 | 1.1626 @ 2026-09-03T20:38:31
[BOT] 1.1626 | Aguardando fechamento da vela... (candles ok: 167)
[COLETOR] Ticks:   4,080 | 1.1626 @ 2026-09-03T20:38:32
[COLETOR] Ticks:   4,081 | 1.1626 @ 2026-09-03T20:38:33
[BOT] 1.1626 | Aguardando fechamento da vela... (candles ok: 167)
[BOT] 1.1626 | Aguardando fechamento da vela... (candles ok: 167)
[COLETOR] Ticks:   4,082 | 1.1626 @ 2026-09-03T20:38:34
[BOT] 1.1626 | Aguardando fechamento da vela... (candles ok: 167)
[COLETOR] Ticks:   4,083 | 1.1626 @ 2026-09-03T20:38:35
[BOT] 1.1626 | Aguardando fechamento da vela... (candles ok: 167)
[COLETOR] Ticks:   4,084 | 1.1626 @ 2026-09-03T20:38:36
[BOT] 1.1626 | Aguardando fechamento da vela... (candles ok: 167)
[COLETOR] Ticks:   4,085 | 1.1626 @ 2026-09-03T20:38:37
[BOT] 1.1626 | Aguardando fechamento da vela... (candles ok: 167)
[COLETOR] Ticks:   4,086 | 1.1626 @ 2026-09-03T20:38:38
[BOT] 1.1626 | Aguardando fechamento da vela... (candles ok: 167)
[COLETOR] Ticks:   4,087 | 1.1626 @ 2026-09-03T20:38:39
[BOT] 1.1626 | Aguardando fechamento da vela... (candles ok: 167)
[COLETOR] Ticks:   4,088 | 1.1626 @ 2026-09-03T20:38:40
[COLETOR] Ticks:   4,089 | 1.1626 @ 2026-09-03T20:38:41
[BOT] 1.1626 | Aguardando fechamento da vela... (candles ok: 167)
[COLETOR] Ticks:   4,090 | 1.1626 @ 2026-09-03T20:38:42
[BOT] 1.1626 | Aguardando fechamento da vela... (candles ok: 167)
[BOT] 1.1626 | Aguardando fechamento da vela... (candles ok: 167)
[COLETOR] Ticks:   4,091 | 1.1626 @ 2026-09-03T20:38:43
[BOT] 1.1626 | Aguardando fechamento da vela... (candles ok: 167)
[COLETOR] Ticks:   4,092 | 1.1626 @ 2026-09-03T20:38:44
[BOT] 1.1626 | Aguardando fechamento da vela... (candles ok: 167)
[COLETOR] Ticks:   4,093 | 1.1626 @ 2026-09-03T20:38:45
[COLETOR] Ticks:   4,094 | 1.1626 @ 2026-09-03T20:38:46
[BOT] 1.1626 | Aguardando fechamento da vela... (candles ok: 167)
[COLETOR] Ticks:   4,095 | 1.1626 @ 2026-09-03T20:38:47
[BOT] 1.1626 | Aguardando fechamento da vela... (candles ok: 167)
[BOT] 1.1626 | Aguardando fechamento da vela... (candles ok: 167)
[COLETOR] Ticks:   4,096 | 1.1626 @ 2026-09-03T20:38:48
[COLETOR] Ticks:   4,097 | 1.1626 @ 2026-09-03T20:38:49
[BOT] 1.1626 | Aguardando fechamento da vela... (candles ok: 167)
[BOT] 1.1626 | Aguardando fechamento da vela... (candles ok: 167)
[COLETOR] Ticks:   4,098 | 1.1626 @ 2026-09-03T20:38:50
[COLETOR] Ticks:   4,099 | 1.1626 @ 2026-09-03T20:38:51
[BOT] 1.1626 | Aguardando fechamento da vela... (candles ok: 167)
[BOT] 1.1626 | Aguardando fechamento da vela... (candles ok: 167)
[COLETOR] Ticks:   4,100 | 1.1626 @ 2026-09-03T20:38:52
[COLETOR] Ticks:   4,101 | 1.1626 @ 2026-09-03T20:38:53
[BOT] 1.1626 | Aguardando fechamento da vela... (candles ok: 167)
[BOT] 1.1626 | Aguardando fechamento da vela... (candles ok: 167)
[COLETOR] Ticks:   4,102 | 1.1626 @ 2026-09-03T20:38:54
[COLETOR] Ticks:   4,103 | 1.1626 @ 2026-09-03T20:38:55
[BOT] 1.1626 | Aguardando fechamento da vela... (candles ok: 167)
[BOT] 1.1626 | Aguardando fechamento da vela... (candles ok: 167)
[COLETOR] Ticks:   4,104 | 1.1626 @ 2026-09-03T20:38:56
[BOT] 1.1626 | Aguardando fechamento da vela... (candles ok: 167)
[COLETOR] Ticks:   4,105 | 1.16259 @ 2026-09-03T20:38:57
[BOT] 1.1626 | Aguardando fechamento da vela... (candles ok: 167)
[COLETOR] Ticks:   4,106 | 1.16258 @ 2026-09-03T20:38:58
[COLETOR] Ticks:   4,107 | 1.16258 @ 2026-09-03T20:38:59
[BOT] 1.1626 | Aguardando fechamento da vela... (candles ok: 167)
[COLETOR] Ticks:   4,108 | 1.16258 @ 2026-09-03T20:39:00
[TICK] 1.1626 | EMA9:1.1626 EMA21:1.1626 | RSI:54.5 ADX:34.8 MACD_H:+0.00000
[COLETOR] Ticks:   4,109 | 1.16258 @ 2026-09-03T20:39:01
[BOT] 1.1626 | Aguardando fechamento da vela... (candles ok: 168)
[BOT] 1.1626 | Aguardando fechamento da vela... (candles ok: 168)
[COLETOR] Ticks:   4,110 | 1.16258 @ 2026-09-03T20:39:02
[BOT] 1.1626 | Aguardando fechamento da vela... (candles ok: 168)
[COLETOR] Ticks:   4,111 | 1.16256 @ 2026-09-03T20:39:03
[BOT] 1.1626 | Aguardando fechamento da vela... (candles ok: 168)
[COLETOR] Ticks:   4,112 | 1.16257 @ 2026-09-03T20:39:04
[COLETOR] Ticks:   4,113 | 1.16257 @ 2026-09-03T20:39:05
[BOT] 1.1626 | Aguardando fechamento da vela... (candles ok: 168)
[BOT] 1.1626 | Aguardando fechamento da vela... (candles ok: 168)
[COLETOR] Ticks:   4,114 | 1.16257 @ 2026-09-03T20:39:06
[BOT] 1.1626 | Aguardando fechamento da vela... (candles ok: 168)
[COLETOR] Ticks:   4,115 | 1.16257 @ 2026-09-03T20:39:07
[BOT] 1.1626 | Aguardando fechamento da vela... (candles ok: 168)
[COLETOR] Ticks:   4,116 | 1.16257 @ 2026-09-03T20:39:08
[COLETOR] Ticks:   4,117 | 1.16257 @ 2026-09-03T20:39:09
[BOT] 1.1626 | Aguardando fechamento da vela... (candles ok: 168)
[BOT] 1.1626 | Aguardando fechamento da vela... (candles ok: 168)
[COLETOR] Ticks:   4,118 | 1.16257 @ 2026-09-03T20:39:10
[COLETOR] Ticks:   4,119 | 1.16257 @ 2026-09-03T20:39:11
[BOT] 1.1626 | Aguardando fechamento da vela... (candles ok: 168)
[BOT] 1.1626 | Aguardando fechamento da vela... (candles ok: 168)
[COLETOR] Ticks:   4,120 | 1.16257 @ 2026-09-03T20:39:12
[COLETOR] Ticks:   4,121 | 1.16257 @ 2026-09-03T20:39:13
[BOT] 1.1626 | Aguardando fechamento da vela... (candles ok: 168)
[BOT] 1.1626 | Aguardando fechamento da vela... (candles ok: 168)
[COLETOR] Ticks:   4,122 | 1.16257 @ 2026-09-03T20:39:14
[BOT] 1.1626 | Aguardando fechamento da vela... (candles ok: 168)
[COLETOR] Ticks:   4,123 | 1.16257 @ 2026-09-03T20:39:15
[BOT] 1.1626 | Aguardando fechamento da vela... (candles ok: 168)
[COLETOR] Ticks:   4,124 | 1.16257 @ 2026-09-03T20:39:16
[COLETOR] Ticks:   4,125 | 1.16262 @ 2026-09-03T20:39:17
[BOT] 1.1626 | Aguardando fechamento da vela... (candles ok: 168)
[BOT] 1.1626 | Aguardando fechamento da vela... (candles ok: 168)
[COLETOR] Ticks:   4,126 | 1.16262 @ 2026-09-03T20:39:18
[COLETOR] Ticks:   4,127 | 1.16262 @ 2026-09-03T20:39:19
[BOT] 1.1626 | Aguardando fechamento da vela... (candles ok: 168)
[COLETOR] Ticks:   4,128 | 1.16262 @ 2026-09-03T20:39:20
[BOT] 1.1626 | Aguardando fechamento da vela... (candles ok: 168)
[BOT] 1.1626 | Aguardando fechamento da vela... (candles ok: 168)
[COLETOR] Ticks:   4,129 | 1.16262 @ 2026-09-03T20:39:21
[COLETOR] Ticks:   4,130 | 1.16262 @ 2026-09-03T20:39:22
[BOT] 1.1626 | Aguardando fechamento da vela... (candles ok: 168)
[BOT] 1.1626 | Aguardando fechamento da vela... (candles ok: 168)
[COLETOR] Ticks:   4,131 | 1.16262 @ 2026-09-03T20:39:23
[BOT] 1.1626 | Aguardando fechamento da vela... (candles ok: 168)
[COLETOR] Ticks:   4,132 | 1.16262 @ 2026-09-03T20:39:24
[BOT] 1.1626 | Aguardando fechamento da vela... (candles ok: 168)
[COLETOR] Ticks:   4,133 | 1.16262 @ 2026-09-03T20:39:25
[BOT] 1.1626 | Aguardando fechamento da vela... (candles ok: 168)
[COLETOR] Ticks:   4,134 | 1.16262 @ 2026-09-03T20:39:26
[BOT] 1.1626 | Aguardando fechamento da vela... (candles ok: 168)
[COLETOR] Ticks:   4,135 | 1.16262 @ 2026-09-03T20:39:27
[BOT] 1.1626 | Aguardando fechamento da vela... (candles ok: 168)
[COLETOR] Ticks:   4,136 | 1.16262 @ 2026-09-03T20:39:28
[BOT] 1.1626 | Aguardando fechamento da vela... (candles ok: 168)
[COLETOR] Ticks:   4,137 | 1.16262 @ 2026-09-03T20:39:29
[BOT] 1.1626 | Aguardando fechamento da vela... (candles ok: 168)
[COLETOR] Ticks:   4,138 | 1.16262 @ 2026-09-03T20:39:30
[BOT] 1.1626 | Aguardando fechamento da vela... (candles ok: 168)
[COLETOR] Ticks:   4,139 | 1.16262 @ 2026-09-03T20:39:31
[BOT] 1.1626 | Aguardando fechamento da vela... (candles ok: 168)
[COLETOR] Ticks:   4,140 | 1.16261 @ 2026-09-03T20:39:32
[BOT] 1.1626 | Aguardando fechamento da vela... (candles ok: 168)
[COLETOR] Ticks:   4,141 | 1.16262 @ 2026-09-03T20:39:33
[BOT] 1.1626 | Aguardando fechamento da vela... (candles ok: 168)
[COLETOR] Ticks:   4,142 | 1.16261 @ 2026-09-03T20:39:34
[BOT] 1.1626 | Aguardando fechamento da vela... (candles ok: 168)
[COLETOR] Ticks:   4,143 | 1.16262 @ 2026-09-03T20:39:35
[BOT] 1.1626 | Aguardando fechamento da vela... (candles ok: 168)
[COLETOR] Ticks:   4,144 | 1.16262 @ 2026-09-03T20:39:36
[COLETOR] Ticks:   4,145 | 1.16262 @ 2026-09-03T20:39:37
[BOT] 1.1626 | Aguardando fechamento da vela... (candles ok: 168)
[BOT] 1.1626 | Aguardando fechamento da vela... (candles ok: 168)
[COLETOR] Ticks:   4,146 | 1.16262 @ 2026-09-03T20:39:38
[BOT] 1.1626 | Aguardando fechamento da vela... (candles ok: 168)
[COLETOR] Ticks:   4,147 | 1.16262 @ 2026-09-03T20:39:39
[BOT] 1.1626 | Aguardando fechamento da vela... (candles ok: 168)
[COLETOR] Ticks:   4,148 | 1.16262 @ 2026-09-03T20:39:40
[BOT] 1.1626 | Aguardando fechamento da vela... (candles ok: 168)
[COLETOR] Ticks:   4,149 | 1.16262 @ 2026-09-03T20:39:41
[COLETOR] Ticks:   4,150 | 1.16262 @ 2026-09-03T20:39:42
[BOT] 1.1626 | Aguardando fechamento da vela... (candles ok: 168)
[COLETOR] Ticks:   4,151 | 1.16262 @ 2026-09-03T20:39:43
[BOT] 1.1626 | Aguardando fechamento da vela... (candles ok: 168)
[BOT] 1.1626 | Aguardando fechamento da vela... (candles ok: 168)
[COLETOR] Ticks:   4,152 | 1.16262 @ 2026-09-03T20:39:44
[BOT] 1.1626 | Aguardando fechamento da vela... (candles ok: 168)
[COLETOR] Ticks:   4,153 | 1.16262 @ 2026-09-03T20:39:45
[BOT] 1.1626 | Aguardando fechamento da vela... (candles ok: 168)
[COLETOR] Ticks:   4,154 | 1.16262 @ 2026-09-03T20:39:46
[BOT] 1.1626 | Aguardando fechamento da vela... (candles ok: 168)
[COLETOR] Ticks:   4,155 | 1.16262 @ 2026-09-03T20:39:47
[COLETOR] Ticks:   4,156 | 1.16261 @ 2026-09-03T20:39:48
[BOT] 1.1626 | Aguardando fechamento da vela... (candles ok: 168)
[COLETOR] Ticks:   4,157 | 1.16262 @ 2026-09-03T20:39:49
[BOT] 1.1626 | Aguardando fechamento da vela... (candles ok: 168)
[BOT] 1.1626 | Aguardando fechamento da vela... (candles ok: 168)
[COLETOR] Ticks:   4,158 | 1.16262 @ 2026-09-03T20:39:50
[COLETOR] Ticks:   4,159 | 1.16262 @ 2026-09-03T20:39:51
[BOT] 1.1626 | Aguardando fechamento da vela... (candles ok: 168)
[BOT] 1.1626 | Aguardando fechamento da vela... (candles ok: 168)
[COLETOR] Ticks:   4,160 | 1.16262 @ 2026-09-03T20:39:52
[BOT] 1.1626 | Aguardando fechamento da vela... (candles ok: 168)
[COLETOR] Ticks:   4,161 | 1.16261 @ 2026-09-03T20:39:53
[BOT] 1.1626 | Aguardando fechamento da vela... (candles ok: 168)
[COLETOR] Ticks:   4,162 | 1.16261 @ 2026-09-03T20:39:54
[BOT] 1.1626 | Aguardando fechamento da vela... (candles ok: 168)
[COLETOR] Ticks:   4,163 | 1.16261 @ 2026-09-03T20:39:55
[BOT] 1.1626 | Aguardando fechamento da vela... (candles ok: 168)
[COLETOR] Ticks:   4,164 | 1.16261 @ 2026-09-03T20:39:56
[BOT] 1.1626 | Aguardando fechamento da vela... (candles ok: 168)
[COLETOR] Ticks:   4,165 | 1.16261 @ 2026-09-03T20:39:57
[BOT] 1.1626 | Aguardando fechamento da vela... (candles ok: 168)
[COLETOR] Ticks:   4,166 | 1.16261 @ 2026-09-03T20:39:58
[BOT] 1.1626 | Aguardando fechamento da vela... (candles ok: 168)
[COLETOR] Ticks:   4,167 | 1.16261 @ 2026-09-03T20:39:59
[TICK] 1.1626 | EMA9:1.1626 EMA21:1.1626 | RSI:57.4 ADX:34.4 MACD_H:+0.00000
[COLETOR] Ticks:   4,168 | 1.16261 @ 2026-09-03T20:40:00
[COLETOR] Ticks:   4,169 | 1.16261 @ 2026-09-03T20:40:01
[BOT] 1.1626 | Aguardando fechamento da vela... (candles ok: 169)
[COLETOR] Ticks:   4,170 | 1.16261 @ 2026-09-03T20:40:02
[BOT] 1.1626 | Aguardando fechamento da vela... (candles ok: 169)
[BOT] 1.1626 | Aguardando fechamento da vela... (candles ok: 169)
[COLETOR] Ticks:   4,171 | 1.16261 @ 2026-09-03T20:40:03
[BOT] 1.1626 | Aguardando fechamento da vela... (candles ok: 169)
[COLETOR] Ticks:   4,172 | 1.16262 @ 2026-09-03T20:40:04
[BOT] 1.1626 | Aguardando fechamento da vela... (candles ok: 169)
[COLETOR] Ticks:   4,173 | 1.16264 @ 2026-09-03T20:40:05
[BOT] 1.1626 | Aguardando fechamento da vela... (candles ok: 169)
[COLETOR] Ticks:   4,174 | 1.16264 @ 2026-09-03T20:40:06
[BOT] 1.1626 | Aguardando fechamento da vela... (candles ok: 169)
[COLETOR] Ticks:   4,175 | 1.16264 @ 2026-09-03T20:40:07
[BOT] 1.1626 | Aguardando fechamento da vela... (candles ok: 169)
[COLETOR] Ticks:   4,176 | 1.16264 @ 2026-09-03T20:40:08
[COLETOR] Ticks:   4,177 | 1.16264 @ 2026-09-03T20:40:09
[BOT] 1.1626 | Aguardando fechamento da vela... (candles ok: 169)
[BOT] 1.1626 | Aguardando fechamento da vela... (candles ok: 169)
[COLETOR] Ticks:   4,178 | 1.16264 @ 2026-09-03T20:40:10
[BOT] 1.1626 | Aguardando fechamento da vela... (candles ok: 169)
[COLETOR] Ticks:   4,179 | 1.16264 @ 2026-09-03T20:40:11
[BOT] 1.1626 | Aguardando fechamento da vela... (candles ok: 169)
[COLETOR] Ticks:   4,180 | 1.16264 @ 2026-09-03T20:40:12
[COLETOR] Ticks:   4,181 | 1.16264 @ 2026-09-03T20:40:13
[BOT] 1.1626 | Aguardando fechamento da vela... (candles ok: 169)
[BOT] 1.1626 | Aguardando fechamento da vela... (candles ok: 169)
[COLETOR] Ticks:   4,182 | 1.16264 @ 2026-09-03T20:40:14
[BOT] 1.1626 | Aguardando fechamento da vela... (candles ok: 169)
[COLETOR] Ticks:   4,183 | 1.16264 @ 2026-09-03T20:40:15
[BOT] 1.1626 | Aguardando fechamento da vela... (candles ok: 169)
[COLETOR] Ticks:   4,184 | 1.16264 @ 2026-09-03T20:40:16
[BOT] 1.1626 | Aguardando fechamento da vela... (candles ok: 169)
[COLETOR] Ticks:   4,185 | 1.16264 @ 2026-09-03T20:40:17
[BOT] 1.1626 | Aguardando fechamento da vela... (candles ok: 169)
[COLETOR] Ticks:   4,186 | 1.16265 @ 2026-09-03T20:40:18
[COLETOR] Ticks:   4,187 | 1.16265 @ 2026-09-03T20:40:19
[BOT] 1.1626 | Aguardando fechamento da vela... (candles ok: 169)
[BOT] 1.1626 | Aguardando fechamento da vela... (candles ok: 169)
[COLETOR] Ticks:   4,188 | 1.16265 @ 2026-09-03T20:40:20
[BOT] 1.1626 | Aguardando fechamento da vela... (candles ok: 169)
[COLETOR] Ticks:   4,189 | 1.16265 @ 2026-09-03T20:40:21
[BOT] 1.1626 | Aguardando fechamento da vela... (candles ok: 169)
[COLETOR] Ticks:   4,190 | 1.16265 @ 2026-09-03T20:40:22
[COLETOR] Ticks:   4,191 | 1.16266 @ 2026-09-03T20:40:23
[BOT] 1.1627 | Aguardando fechamento da vela... (candles ok: 169)
[BOT] 1.1627 | Aguardando fechamento da vela... (candles ok: 169)
[COLETOR] Ticks:   4,192 | 1.16266 @ 2026-09-03T20:40:24
[BOT] 1.1627 | Aguardando fechamento da vela... (candles ok: 169)
[COLETOR] Ticks:   4,193 | 1.16266 @ 2026-09-03T20:40:25
[BOT] 1.1627 | Aguardando fechamento da vela... (candles ok: 169)
[COLETOR] Ticks:   4,194 | 1.16266 @ 2026-09-03T20:40:26
[BOT] 1.1627 | Aguardando fechamento da vela... (candles ok: 169)
[COLETOR] Ticks:   4,195 | 1.16266 @ 2026-09-03T20:40:27
[BOT] 1.1627 | Aguardando fechamento da vela... (candles ok: 169)
[COLETOR] Ticks:   4,196 | 1.16266 @ 2026-09-03T20:40:28
[BOT] 1.1627 | Aguardando fechamento da vela... (candles ok: 169)
[COLETOR] Ticks:   4,197 | 1.16266 @ 2026-09-03T20:40:29
[BOT] 1.1627 | Aguardando fechamento da vela... (candles ok: 169)
[COLETOR] Ticks:   4,198 | 1.16266 @ 2026-09-03T20:40:30
[BOT] 1.1627 | Aguardando fechamento da vela... (candles ok: 169)
[COLETOR] Ticks:   4,199 | 1.16266 @ 2026-09-03T20:40:31
[BOT] 1.1627 | Aguardando fechamento da vela... (candles ok: 169)
[COLETOR] Ticks:   4,200 | 1.16266 @ 2026-09-03T20:40:32
[BOT] 1.1627 | Aguardando fechamento da vela... (candles ok: 169)
[COLETOR] Ticks:   4,201 | 1.16266 @ 2026-09-03T20:40:33
[COLETOR] Ticks:   4,202 | 1.16266 @ 2026-09-03T20:40:34
[BOT] 1.1627 | Aguardando fechamento da vela... (candles ok: 169)
[BOT] 1.1627 | Aguardando fechamento da vela... (candles ok: 169)
[COLETOR] Ticks:   4,203 | 1.16266 @ 2026-09-03T20:40:35
[COLETOR] Ticks:   4,204 | 1.16266 @ 2026-09-03T20:40:36
[BOT] 1.1627 | Aguardando fechamento da vela... (candles ok: 169)
[COLETOR] Ticks:   4,205 | 1.16266 @ 2026-09-03T20:40:37
[BOT] 1.1627 | Aguardando fechamento da vela... (candles ok: 169)
[COLETOR] Ticks:   4,206 | 1.16266 @ 2026-09-03T20:40:38
[BOT] 1.1627 | Aguardando fechamento da vela... (candles ok: 169)
[COLETOR] Ticks:   4,207 | 1.16266 @ 2026-09-03T20:40:39
[BOT] 1.1627 | Aguardando fechamento da vela... (candles ok: 169)
[COLETOR] Ticks:   4,208 | 1.16266 @ 2026-09-03T20:40:40
[BOT] 1.1627 | Aguardando fechamento da vela... (candles ok: 169)
[COLETOR] Ticks:   4,209 | 1.16266 @ 2026-09-03T20:40:41
[BOT] 1.1627 | Aguardando fechamento da vela... (candles ok: 169)
[COLETOR] Ticks:   4,210 | 1.16266 @ 2026-09-03T20:40:42
[BOT] 1.1627 | Aguardando fechamento da vela... (candles ok: 169)
[COLETOR] Ticks:   4,211 | 1.16265 @ 2026-09-03T20:40:43
[BOT] 1.1626 | Aguardando fechamento da vela... (candles ok: 169)
[BOT] 1.1626 | Aguardando fechamento da vela... (candles ok: 169)
[COLETOR] Ticks:   4,212 | 1.16265 @ 2026-09-03T20:40:44
[COLETOR] Ticks:   4,213 | 1.16265 @ 2026-09-03T20:40:45
[BOT] 1.1626 | Aguardando fechamento da vela... (candles ok: 169)
[BOT] 1.1626 | Aguardando fechamento da vela... (candles ok: 169)
[COLETOR] Ticks:   4,214 | 1.16265 @ 2026-09-03T20:40:46
[COLETOR] Ticks:   4,215 | 1.16265 @ 2026-09-03T20:40:47
[BOT] 1.1626 | Aguardando fechamento da vela... (candles ok: 169)
[BOT] 1.1626 | Aguardando fechamento da vela... (candles ok: 169)
[COLETOR] Ticks:   4,216 | 1.16265 @ 2026-09-03T20:40:48
[BOT] 1.1627 | Aguardando fechamento da vela... (candles ok: 169)
[COLETOR] Ticks:   4,217 | 1.16266 @ 2026-09-03T20:40:49
[BOT] 1.1627 | Aguardando fechamento da vela... (candles ok: 169)
[COLETOR] Ticks:   4,218 | 1.16266 @ 2026-09-03T20:40:50
[COLETOR] Ticks:   4,219 | 1.16266 @ 2026-09-03T20:40:51
[BOT] 1.1627 | Aguardando fechamento da vela... (candles ok: 169)
[BOT] 1.1627 | Aguardando fechamento da vela... (candles ok: 169)
[COLETOR] Ticks:   4,220 | 1.16266 @ 2026-09-03T20:40:52
[BOT] 1.1626 | Aguardando fechamento da vela... (candles ok: 169)
[COLETOR] Ticks:   4,221 | 1.16265 @ 2026-09-03T20:40:53
[BOT] 1.1626 | Aguardando fechamento da vela... (candles ok: 169)
[COLETOR] Ticks:   4,222 | 1.16265 @ 2026-09-03T20:40:54
[BOT] 1.1627 | Aguardando fechamento da vela... (candles ok: 169)
[COLETOR] Ticks:   4,223 | 1.16266 @ 2026-09-03T20:40:55
[COLETOR] Ticks:   4,224 | 1.16266 @ 2026-09-03T20:40:56
[BOT] 1.1627 | Aguardando fechamento da vela... (candles ok: 169)
[COLETOR] Ticks:   4,225 | 1.16267 @ 2026-09-03T20:40:57
[BOT] 1.1627 | Aguardando fechamento da vela... (candles ok: 169)
[BOT] 1.1627 | Aguardando fechamento da vela... (candles ok: 169)
[COLETOR] Ticks:   4,226 | 1.16268 @ 2026-09-03T20:40:58
[COLETOR] Ticks:   4,227 | 1.16268 @ 2026-09-03T20:40:59
[BOT] 1.1627 | Aguardando fechamento da vela... (candles ok: 169)
[COLETOR] Ticks:   4,228 | 1.16269 @ 2026-09-03T20:41:00
[TICK] 1.1627 | EMA9:1.1626 EMA21:1.1626 | RSI:63.3 ADX:34.9 MACD_H:+0.00000 [→ BUY]
[BOT] → BUY | Stake: 10.00 USD | Duração: 15m | ADX:34.9 RSI:63.3
[BOT] Erro API: Trading on forex contracts with duration less than 5 hours is not available from 21:00:00 to 23:59:59
[BOT] 1.1627 | Aguardando fechamento da vela... (candles ok: 170)
[COLETOR] Ticks:   4,229 | 1.16268 @ 2026-09-03T20:41:01
[BOT] 1.1627 | Aguardando fechamento da vela... (candles ok: 170)
[COLETOR] Ticks:   4,230 | 1.16268 @ 2026-09-03T20:41:02
[COLETOR] Ticks:   4,231 | 1.1627 @ 2026-09-03T20:41:03
[BOT] 1.1627 | Aguardando fechamento da vela... (candles ok: 170)
[BOT] 1.1627 | Aguardando fechamento da vela... (candles ok: 170)
[COLETOR] Ticks:   4,232 | 1.1627 @ 2026-09-03T20:41:04
[BOT] 1.1627 | Aguardando fechamento da vela... (candles ok: 170)
[COLETOR] Ticks:   4,233 | 1.16269 @ 2026-09-03T20:41:05
[BOT] 1.1627 | Aguardando fechamento da vela... (candles ok: 170)
[COLETOR] Ticks:   4,234 | 1.16269 @ 2026-09-03T20:41:06
[BOT] 1.1627 | Aguardando fechamento da vela... (candles ok: 170)
[COLETOR] Ticks:   4,235 | 1.16268 @ 2026-09-03T20:41:07
[BOT] 1.1627 | Aguardando fechamento da vela... (candles ok: 170)
[COLETOR] Ticks:   4,236 | 1.16268 @ 2026-09-03T20:41:08
[COLETOR] Ticks:   4,237 | 1.16268 @ 2026-09-03T20:41:09
[BOT] 1.1627 | Aguardando fechamento da vela... (candles ok: 170)
[BOT] 1.1627 | Aguardando fechamento da vela... (candles ok: 170)
[COLETOR] Ticks:   4,238 | 1.16269 @ 2026-09-03T20:41:10
[COLETOR] Ticks:   4,239 | 1.16269 @ 2026-09-03T20:41:11
[BOT] 1.1627 | Aguardando fechamento da vela... (candles ok: 170)
[BOT] 1.1627 | Aguardando fechamento da vela... (candles ok: 170)
[COLETOR] Ticks:   4,240 | 1.16268 @ 2026-09-03T20:41:12
[BOT] 1.1627 | Aguardando fechamento da vela... (candles ok: 170)
[COLETOR] Ticks:   4,241 | 1.16269 @ 2026-09-03T20:41:13
[BOT] 1.1627 | Aguardando fechamento da vela... (candles ok: 170)
[COLETOR] Ticks:   4,242 | 1.16268 @ 2026-09-03T20:41:14
[BOT] 1.1627 | Aguardando fechamento da vela... (candles ok: 170)
[COLETOR] Ticks:   4,243 | 1.16269 @ 2026-09-03T20:41:15
[BOT] 1.1627 | Aguardando fechamento da vela... (candles ok: 170)
[COLETOR] Ticks:   4,244 | 1.16268 @ 2026-09-03T20:41:16
[BOT] 1.1627 | Aguardando fechamento da vela... (candles ok: 170)
[COLETOR] Ticks:   4,245 | 1.16269 @ 2026-09-03T20:41:17
[BOT] 1.1627 | Aguardando fechamento da vela... (candles ok: 170)
[COLETOR] Ticks:   4,246 | 1.16269 @ 2026-09-03T20:41:18
[COLETOR] Ticks:   4,247 | 1.16269 @ 2026-09-03T20:41:19
[BOT] 1.1627 | Aguardando fechamento da vela... (candles ok: 170)
[BOT] 1.1627 | Aguardando fechamento da vela... (candles ok: 170)
[COLETOR] Ticks:   4,248 | 1.16269 @ 2026-09-03T20:41:20
[COLETOR] Ticks:   4,249 | 1.16269 @ 2026-09-03T20:41:21
[BOT] 1.1627 | Aguardando fechamento da vela... (candles ok: 170)
[BOT] 1.1627 | Aguardando fechamento da vela... (candles ok: 170)
[COLETOR] Ticks:   4,250 | 1.16269 @ 2026-09-03T20:41:22
[BOT] 1.1627 | Aguardando fechamento da vela... (candles ok: 170)
[COLETOR] Ticks:   4,251 | 1.16269 @ 2026-09-03T20:41:23
[BOT] 1.1627 | Aguardando fechamento da vela... (candles ok: 170)
[COLETOR] Ticks:   4,252 | 1.16269 @ 2026-09-03T20:41:24
[COLETOR] Ticks:   4,253 | 1.1627 @ 2026-09-03T20:41:25
[BOT] 1.1627 | Aguardando fechamento da vela... (candles ok: 170)
[COLETOR] Ticks:   4,254 | 1.1627 @ 2026-09-03T20:41:26
[BOT] 1.1627 | Aguardando fechamento da vela... (candles ok: 170)
[BOT] 1.1627 | Aguardando fechamento da vela... (candles ok: 170)
[COLETOR] Ticks:   4,255 | 1.1627 @ 2026-09-03T20:41:27
[BOT] 1.1627 | Aguardando fechamento da vela... (candles ok: 170)
[COLETOR] Ticks:   4,256 | 1.1627 @ 2026-09-03T20:41:28
[COLETOR] Ticks:   4,257 | 1.1627 @ 2026-09-03T20:41:29
[BOT] 1.1627 | Aguardando fechamento da vela... (candles ok: 170)
[BOT] 1.1627 | Aguardando fechamento da vela... (candles ok: 170)
[COLETOR] Ticks:   4,258 | 1.16269 @ 2026-09-03T20:41:30
[COLETOR] Ticks:   4,259 | 1.16269 @ 2026-09-03T20:41:31
[BOT] 1.1627 | Aguardando fechamento da vela... (candles ok: 170)
[BOT] 1.1627 | Aguardando fechamento da vela... (candles ok: 170)
[COLETOR] Ticks:   4,260 | 1.16269 @ 2026-09-03T20:41:32
[COLETOR] Ticks:   4,261 | 1.16269 @ 2026-09-03T20:41:33
[BOT] 1.1627 | Aguardando fechamento da vela... (candles ok: 170)
[BOT] 1.1627 | Aguardando fechamento da vela... (candles ok: 170)
[COLETOR] Ticks:   4,262 | 1.16269 @ 2026-09-03T20:41:34
[BOT] 1.1627 | Aguardando fechamento da vela... (candles ok: 170)
[COLETOR] Ticks:   4,263 | 1.16269 @ 2026-09-03T20:41:35
[BOT] 1.1627 | Aguardando fechamento da vela... (candles ok: 170)
[COLETOR] Ticks:   4,264 | 1.16269 @ 2026-09-03T20:41:36
[COLETOR] Ticks:   4,265 | 1.16269 @ 2026-09-03T20:41:37
[BOT] 1.1627 | Aguardando fechamento da vela... (candles ok: 170)
[BOT] 1.1627 | Aguardando fechamento da vela... (candles ok: 170)
[COLETOR] Ticks:   4,266 | 1.16269 @ 2026-09-03T20:41:38
[BOT] 1.1627 | Aguardando fechamento da vela... (candles ok: 170)
[COLETOR] Ticks:   4,267 | 1.16269 @ 2026-09-03T20:41:39
[BOT] 1.1627 | Aguardando fechamento da vela... (candles ok: 170)
[COLETOR] Ticks:   4,268 | 1.16269 @ 2026-09-03T20:41:40
[COLETOR] Ticks:   4,269 | 1.16269 @ 2026-09-03T20:41:41
[BOT] 1.1627 | Aguardando fechamento da vela... (candles ok: 170)
[COLETOR] Ticks:   4,270 | 1.16269 @ 2026-09-03T20:41:42
[BOT] 1.1627 | Aguardando fechamento da vela... (candles ok: 170)
[COLETOR] Ticks:   4,271 | 1.16269 @ 2026-09-03T20:41:43
[BOT] 1.1627 | Aguardando fechamento da vela... (candles ok: 170)
[BOT] 1.1627 | Aguardando fechamento da vela... (candles ok: 170)
[COLETOR] Ticks:   4,272 | 1.16269 @ 2026-09-03T20:41:44
[COLETOR] Ticks:   4,273 | 1.16269 @ 2026-09-03T20:41:45
[BOT] 1.1627 | Aguardando fechamento da vela... (candles ok: 170)
[BOT] 1.1627 | Aguardando fechamento da vela... (candles ok: 170)
[COLETOR] Ticks:   4,274 | 1.16269 @ 2026-09-03T20:41:46
[BOT] 1.1627 | Aguardando fechamento da vela... (candles ok: 170)
[COLETOR] Ticks:   4,275 | 1.16269 @ 2026-09-03T20:41:47
[COLETOR] Ticks:   4,276 | 1.16269 @ 2026-09-03T20:41:48
[BOT] 1.1627 | Aguardando fechamento da vela... (candles ok: 170)
[BOT] 1.1627 | Aguardando fechamento da vela... (candles ok: 170)
[COLETOR] Ticks:   4,277 | 1.16269 @ 2026-09-03T20:41:49
[COLETOR] Ticks:   4,278 | 1.16268 @ 2026-09-03T20:41:50
[BOT] 1.1627 | Aguardando fechamento da vela... (candles ok: 170)
[BOT] 1.1627 | Aguardando fechamento da vela... (candles ok: 170)
[COLETOR] Ticks:   4,279 | 1.16268 @ 2026-09-03T20:41:51
[BOT] 1.1627 | Aguardando fechamento da vela... (candles ok: 170)
[COLETOR] Ticks:   4,280 | 1.16267 @ 2026-09-03T20:41:52
[BOT] 1.1627 | Aguardando fechamento da vela... (candles ok: 170)
[COLETOR] Ticks:   4,281 | 1.16267 @ 2026-09-03T20:41:53
[BOT] 1.1627 | Aguardando fechamento da vela... (candles ok: 170)
[COLETOR] Ticks:   4,282 | 1.16267 @ 2026-09-03T20:41:54
[BOT] 1.1627 | Aguardando fechamento da vela... (candles ok: 170)
[COLETOR] Ticks:   4,283 | 1.16267 @ 2026-09-03T20:41:55
[BOT] 1.1627 | Aguardando fechamento da vela... (candles ok: 170)
[COLETOR] Ticks:   4,284 | 1.16267 @ 2026-09-03T20:41:56
[COLETOR] Ticks:   4,285 | 1.16267 @ 2026-09-03T20:41:57
[BOT] 1.1627 | Aguardando fechamento da vela... (candles ok: 170)
[BOT] 1.1627 | Aguardando fechamento da vela... (candles ok: 170)
[COLETOR] Ticks:   4,286 | 1.16268 @ 2026-09-03T20:41:58
[BOT] 1.1627 | Aguardando fechamento da vela... (candles ok: 170)
[COLETOR] Ticks:   4,287 | 1.16267 @ 2026-09-03T20:41:59
[COLETOR] Ticks:   4,288 | 1.16267 @ 2026-09-03T20:42:00
[TICK] 1.1627 | EMA9:1.1626 EMA21:1.1626 | RSI:62.0 ADX:35.4 MACD_H:+0.00001 [→ BUY]
[BOT] → BUY | Stake: 10.00 USD | Duração: 15m | ADX:35.4 RSI:62.0
[BOT] Erro API: Trading on forex contracts with duration less than 5 hours is not available from 21:00:00 to 23:59:59
[BOT] 1.1627 | Aguardando fechamento da vela... (candles ok: 171)
[COLETOR] Ticks:   4,289 | 1.16267 @ 2026-09-03T20:42:01
[COLETOR] Ticks:   4,290 | 1.16265 @ 2026-09-03T20:42:02
[BOT] 1.1626 | Aguardando fechamento da vela... (candles ok: 171)
[BOT] 1.1626 | Aguardando fechamento da vela... (candles ok: 171)
[COLETOR] Ticks:   4,291 | 1.16265 @ 2026-09-03T20:42:03
[BOT] 1.1626 | Aguardando fechamento da vela... (candles ok: 171)
[COLETOR] Ticks:   4,292 | 1.16265 @ 2026-09-03T20:42:04
[BOT] 1.1626 | Aguardando fechamento da vela... (candles ok: 171)
[COLETOR] Ticks:   4,293 | 1.16264 @ 2026-09-03T20:42:05
[COLETOR] Ticks:   4,294 | 1.16263 @ 2026-09-03T20:42:06
[BOT] 1.1626 | Aguardando fechamento da vela... (candles ok: 171)
[COLETOR] Ticks:   4,295 | 1.16262 @ 2026-09-03T20:42:07
[BOT] 1.1626 | Aguardando fechamento da vela... (candles ok: 171)
[BOT] 1.1626 | Aguardando fechamento da vela... (candles ok: 171)
[COLETOR] Ticks:   4,296 | 1.16263 @ 2026-09-03T20:42:08
[COLETOR] Ticks:   4,297 | 1.16263 @ 2026-09-03T20:42:09
[BOT] 1.1626 | Aguardando fechamento da vela... (candles ok: 171)
[COLETOR] Ticks:   4,298 | 1.16263 @ 2026-09-03T20:42:10
[BOT] 1.1626 | Aguardando fechamento da vela... (candles ok: 171)
[COLETOR] Ticks:   4,299 | 1.16263 @ 2026-09-03T20:42:11
[BOT] 1.1626 | Aguardando fechamento da vela... (candles ok: 171)
[BOT] 1.1626 | Aguardando fechamento da vela... (candles ok: 171)
[COLETOR] Ticks:   4,300 | 1.16263 @ 2026-09-03T20:42:12
[COLETOR] Ticks:   4,301 | 1.16262 @ 2026-09-03T20:42:13
[BOT] 1.1626 | Aguardando fechamento da vela... (candles ok: 171)
[BOT] 1.1626 | Aguardando fechamento da vela... (candles ok: 171)
[COLETOR] Ticks:   4,302 | 1.16263 @ 2026-09-03T20:42:14
[BOT] 1.1626 | Aguardando fechamento da vela... (candles ok: 171)
[COLETOR] Ticks:   4,303 | 1.16262 @ 2026-09-03T20:42:15
[BOT] 1.1626 | Aguardando fechamento da vela... (candles ok: 171)
[COLETOR] Ticks:   4,304 | 1.16263 @ 2026-09-03T20:42:16
[BOT] 1.1626 | Aguardando fechamento da vela... (candles ok: 171)
[COLETOR] Ticks:   4,305 | 1.16262 @ 2026-09-03T20:42:17
[COLETOR] Ticks:   4,306 | 1.16262 @ 2026-09-03T20:42:18
[BOT] 1.1626 | Aguardando fechamento da vela... (candles ok: 171)
[BOT] 1.1626 | Aguardando fechamento da vela... (candles ok: 171)
[COLETOR] Ticks:   4,307 | 1.16262 @ 2026-09-03T20:42:19
[BOT] 1.1626 | Aguardando fechamento da vela... (candles ok: 171)
[COLETOR] Ticks:   4,308 | 1.16262 @ 2026-09-03T20:42:20
[BOT] 1.1626 | Aguardando fechamento da vela... (candles ok: 171)
[COLETOR] Ticks:   4,309 | 1.16262 @ 2026-09-03T20:42:21
[BOT] 1.1626 | Aguardando fechamento da vela... (candles ok: 171)
[COLETOR] Ticks:   4,310 | 1.16262 @ 2026-09-03T20:42:22
[BOT] 1.1626 | Aguardando fechamento da vela... (candles ok: 171)
[COLETOR] Ticks:   4,311 | 1.16259 @ 2026-09-03T20:42:23
[BOT] 1.1626 | Aguardando fechamento da vela... (candles ok: 171)
[COLETOR] Ticks:   4,312 | 1.16258 @ 2026-09-03T20:42:24
[BOT] 1.1626 | Aguardando fechamento da vela... (candles ok: 171)
[COLETOR] Ticks:   4,313 | 1.16257 @ 2026-09-03T20:42:25
[BOT] 1.1626 | Aguardando fechamento da vela... (candles ok: 171)
[COLETOR] Ticks:   4,314 | 1.16257 @ 2026-09-03T20:42:26
[BOT] 1.1626 | Aguardando fechamento da vela... (candles ok: 171)
[COLETOR] Ticks:   4,315 | 1.16257 @ 2026-09-03T20:42:27
[BOT] 1.1626 | Aguardando fechamento da vela... (candles ok: 171)
[COLETOR] Ticks:   4,316 | 1.16256 @ 2026-09-03T20:42:28
[BOT] 1.1626 | Aguardando fechamento da vela... (candles ok: 171)
[COLETOR] Ticks:   4,317 | 1.16257 @ 2026-09-03T20:42:29
[BOT] 1.1626 | Aguardando fechamento da vela... (candles ok: 171)
[COLETOR] Ticks:   4,318 | 1.16256 @ 2026-09-03T20:42:30
[BOT] 1.1626 | Aguardando fechamento da vela... (candles ok: 171)
[COLETOR] Ticks:   4,319 | 1.16256 @ 2026-09-03T20:42:31
[BOT] 1.1626 | Aguardando fechamento da vela... (candles ok: 171)
[COLETOR] Ticks:   4,320 | 1.16256 @ 2026-09-03T20:42:32
[BOT] 1.1626 | Aguardando fechamento da vela... (candles ok: 171)
[COLETOR] Ticks:   4,321 | 1.16256 @ 2026-09-03T20:42:33
[BOT] 1.1626 | Aguardando fechamento da vela... (candles ok: 171)
[COLETOR] Ticks:   4,322 | 1.16256 @ 2026-09-03T20:42:34
[BOT] 1.1626 | Aguardando fechamento da vela... (candles ok: 171)
[COLETOR] Ticks:   4,323 | 1.16256 @ 2026-09-03T20:42:35
[BOT] 1.1626 | Aguardando fechamento da vela... (candles ok: 171)
[COLETOR] Ticks:   4,324 | 1.16256 @ 2026-09-03T20:42:36
[BOT] 1.1625 | Aguardando fechamento da vela... (candles ok: 171)
[COLETOR] Ticks:   4,325 | 1.16255 @ 2026-09-03T20:42:37
[BOT] 1.1626 | Aguardando fechamento da vela... (candles ok: 171)
[COLETOR] Ticks:   4,326 | 1.16256 @ 2026-09-03T20:42:38
[BOT] 1.1625 | Aguardando fechamento da vela... (candles ok: 171)
[COLETOR] Ticks:   4,327 | 1.16255 @ 2026-09-03T20:42:39
[BOT] 1.1625 | Aguardando fechamento da vela... (candles ok: 171)
[COLETOR] Ticks:   4,328 | 1.16255 @ 2026-09-03T20:42:40
[COLETOR] Ticks:   4,329 | 1.16255 @ 2026-09-03T20:42:41
[BOT] 1.1625 | Aguardando fechamento da vela... (candles ok: 171)
[BOT] 1.1625 | Aguardando fechamento da vela... (candles ok: 171)
[COLETOR] Ticks:   4,330 | 1.16255 @ 2026-09-03T20:42:42
[BOT] 1.1625 | Aguardando fechamento da vela... (candles ok: 171)
[COLETOR] Ticks:   4,331 | 1.16255 @ 2026-09-03T20:42:43
[BOT] 1.1626 | Aguardando fechamento da vela... (candles ok: 171)
[COLETOR] Ticks:   4,332 | 1.16256 @ 2026-09-03T20:42:44
[BOT] 1.1626 | Aguardando fechamento da vela... (candles ok: 171)
[COLETOR] Ticks:   4,333 | 1.16256 @ 2026-09-03T20:42:45
[BOT] 1.1626 | Aguardando fechamento da vela... (candles ok: 171)
[COLETOR] Ticks:   4,334 | 1.16256 @ 2026-09-03T20:42:46
[BOT] 1.1626 | Aguardando fechamento da vela... (candles ok: 171)
[COLETOR] Ticks:   4,335 | 1.16256 @ 2026-09-03T20:42:47
[BOT] 1.1626 | Aguardando fechamento da vela... (candles ok: 171)
[COLETOR] Ticks:   4,336 | 1.16256 @ 2026-09-03T20:42:48
[BOT] 1.1626 | Aguardando fechamento da vela... (candles ok: 171)
[COLETOR] Ticks:   4,337 | 1.16256 @ 2026-09-03T20:42:49
[BOT] 1.1626 | Aguardando fechamento da vela... (candles ok: 171)
[COLETOR] Ticks:   4,338 | 1.16256 @ 2026-09-03T20:42:50
[BOT] 1.1626 | Aguardando fechamento da vela... (candles ok: 171)
[COLETOR] Ticks:   4,339 | 1.16256 @ 2026-09-03T20:42:51
[BOT] 1.1626 | Aguardando fechamento da vela... (candles ok: 171)
[COLETOR] Ticks:   4,340 | 1.16256 @ 2026-09-03T20:42:52
[BOT] 1.1626 | Aguardando fechamento da vela... (candles ok: 171)
[COLETOR] Ticks:   4,341 | 1.16256 @ 2026-09-03T20:42:53
[BOT] 1.1626 | Aguardando fechamento da vela... (candles ok: 171)
[COLETOR] Ticks:   4,342 | 1.16256 @ 2026-09-03T20:42:54
[BOT] 1.1625 | Aguardando fechamento da vela... (candles ok: 171)
[COLETOR] Ticks:   4,343 | 1.16255 @ 2026-09-03T20:42:55
[BOT] 1.1626 | Aguardando fechamento da vela... (candles ok: 171)
[COLETOR] Ticks:   4,344 | 1.16256 @ 2026-09-03T20:42:56
[BOT] 1.1626 | Aguardando fechamento da vela... (candles ok: 171)
[COLETOR] Ticks:   4,345 | 1.16256 @ 2026-09-03T20:42:57
[BOT] 1.1626 | Aguardando fechamento da vela... (candles ok: 171)
[COLETOR] Ticks:   4,346 | 1.16256 @ 2026-09-03T20:42:58
[BOT] 1.1625 | Aguardando fechamento da vela... (candles ok: 171)
[COLETOR] Ticks:   4,347 | 1.16255 @ 2026-09-03T20:42:59
[TICK] 1.1625 | EMA9:1.1626 EMA21:1.1626 | RSI:48.8 ADX:33.1 MACD_H:-0.00000
[COLETOR] Ticks:   4,348 | 1.16255 @ 2026-09-03T20:43:00
[BOT] 1.1625 | Aguardando fechamento da vela... (candles ok: 172)
[COLETOR] Ticks:   4,349 | 1.16255 @ 2026-09-03T20:43:01
[BOT] 1.1625 | Aguardando fechamento da vela... (candles ok: 172)
[COLETOR] Ticks:   4,350 | 1.16255 @ 2026-09-03T20:43:02
[BOT] 1.1626 | Aguardando fechamento da vela... (candles ok: 172)
[COLETOR] Ticks:   4,351 | 1.16256 @ 2026-09-03T20:43:03
[BOT] 1.1626 | Aguardando fechamento da vela... (candles ok: 172)
[COLETOR] Ticks:   4,352 | 1.16256 @ 2026-09-03T20:43:04
[BOT] 1.1626 | Aguardando fechamento da vela... (candles ok: 172)
[COLETOR] Ticks:   4,353 | 1.16256 @ 2026-09-03T20:43:05
[BOT] 1.1626 | Aguardando fechamento da vela... (candles ok: 172)
[COLETOR] Ticks:   4,354 | 1.16256 @ 2026-09-03T20:43:06
[BOT] 1.1626 | Aguardando fechamento da vela... (candles ok: 172)
[COLETOR] Ticks:   4,355 | 1.16256 @ 2026-09-03T20:43:07
[BOT] 1.1626 | Aguardando fechamento da vela... (candles ok: 172)
[COLETOR] Ticks:   4,356 | 1.16256 @ 2026-09-03T20:43:08
[BOT] 1.1626 | Aguardando fechamento da vela... (candles ok: 172)
[COLETOR] Ticks:   4,357 | 1.16256 @ 2026-09-03T20:43:09
[BOT] 1.1626 | Aguardando fechamento da vela... (candles ok: 172)
[COLETOR] Ticks:   4,358 | 1.16256 @ 2026-09-03T20:43:10
[BOT] 1.1626 | Aguardando fechamento da vela... (candles ok: 172)
[COLETOR] Ticks:   4,359 | 1.16256 @ 2026-09-03T20:43:11
[BOT] 1.1626 | Aguardando fechamento da vela... (candles ok: 172)
[COLETOR] Ticks:   4,360 | 1.16256 @ 2026-09-03T20:43:12
[BOT] 1.1626 | Aguardando fechamento da vela... (candles ok: 172)
[COLETOR] Ticks:   4,361 | 1.16256 @ 2026-09-03T20:43:13
[BOT] 1.1626 | Aguardando fechamento da vela... (candles ok: 172)
[COLETOR] Ticks:   4,362 | 1.16258 @ 2026-09-03T20:43:14
[BOT] 1.1626 | Aguardando fechamento da vela... (candles ok: 172)
[COLETOR] Ticks:   4,363 | 1.16258 @ 2026-09-03T20:43:15
[BOT] 1.1626 | Aguardando fechamento da vela... (candles ok: 172)
[COLETOR] Ticks:   4,364 | 1.16258 @ 2026-09-03T20:43:16
[BOT] 1.1626 | Aguardando fechamento da vela... (candles ok: 172)
[COLETOR] Ticks:   4,365 | 1.16258 @ 2026-09-03T20:43:17
[BOT] 1.1626 | Aguardando fechamento da vela... (candles ok: 172)
[COLETOR] Ticks:   4,366 | 1.16261 @ 2026-09-03T20:43:18
[BOT] 1.1626 | Aguardando fechamento da vela... (candles ok: 172)
[COLETOR] Ticks:   4,367 | 1.16262 @ 2026-09-03T20:43:19
[BOT] 1.1626 | Aguardando fechamento da vela... (candles ok: 172)
[COLETOR] Ticks:   4,368 | 1.16261 @ 2026-09-03T20:43:20
[BOT] 1.1626 | Aguardando fechamento da vela... (candles ok: 172)
[COLETOR] Ticks:   4,369 | 1.16262 @ 2026-09-03T20:43:21
[BOT] 1.1626 | Aguardando fechamento da vela... (candles ok: 172)
[COLETOR] Ticks:   4,370 | 1.16262 @ 2026-09-03T20:43:22
[BOT] 1.1626 | Aguardando fechamento da vela... (candles ok: 172)
[COLETOR] Ticks:   4,371 | 1.16262 @ 2026-09-03T20:43:23
[BOT] 1.1626 | Aguardando fechamento da vela... (candles ok: 172)
[COLETOR] Ticks:   4,372 | 1.16261 @ 2026-09-03T20:43:24
[BOT] 1.1626 | Aguardando fechamento da vela... (candles ok: 172)
[COLETOR] Ticks:   4,373 | 1.16261 @ 2026-09-03T20:43:25
[BOT] 1.1626 | Aguardando fechamento da vela... (candles ok: 172)
[COLETOR] Ticks:   4,374 | 1.16261 @ 2026-09-03T20:43:26
[BOT] 1.1626 | Aguardando fechamento da vela... (candles ok: 172)
[COLETOR] Ticks:   4,375 | 1.16262 @ 2026-09-03T20:43:27
[BOT] 1.1626 | Aguardando fechamento da vela... (candles ok: 172)
[COLETOR] Ticks:   4,376 | 1.16262 @ 2026-09-03T20:43:28
[BOT] 1.1626 | Aguardando fechamento da vela... (candles ok: 172)
[COLETOR] Ticks:   4,377 | 1.16262 @ 2026-09-03T20:43:29
[BOT] 1.1626 | Aguardando fechamento da vela... (candles ok: 172)
[COLETOR] Ticks:   4,378 | 1.16262 @ 2026-09-03T20:43:30
[BOT] 1.1626 | Aguardando fechamento da vela... (candles ok: 172)
[COLETOR] Ticks:   4,379 | 1.16262 @ 2026-09-03T20:43:31
[BOT] 1.1626 | Aguardando fechamento da vela... (candles ok: 172)
[COLETOR] Ticks:   4,380 | 1.16262 @ 2026-09-03T20:43:32
[BOT] 1.1626 | Aguardando fechamento da vela... (candles ok: 172)
[COLETOR] Ticks:   4,381 | 1.16262 @ 2026-09-03T20:43:33
[BOT] 1.1626 | Aguardando fechamento da vela... (candles ok: 172)
[COLETOR] Ticks:   4,382 | 1.16262 @ 2026-09-03T20:43:34
[COLETOR] Ticks:   4,383 | 1.16262 @ 2026-09-03T20:43:35
[BOT] 1.1626 | Aguardando fechamento da vela... (candles ok: 172)
[BOT] 1.1626 | Aguardando fechamento da vela... (candles ok: 172)
[COLETOR] Ticks:   4,384 | 1.16262 @ 2026-09-03T20:43:36
[BOT] 1.1626 | Aguardando fechamento da vela... (candles ok: 172)
[COLETOR] Ticks:   4,385 | 1.16262 @ 2026-09-03T20:43:37
[BOT] 1.1626 | Aguardando fechamento da vela... (candles ok: 172)
[COLETOR] Ticks:   4,386 | 1.16262 @ 2026-09-03T20:43:38
[BOT] 1.1626 | Aguardando fechamento da vela... (candles ok: 172)
[COLETOR] Ticks:   4,387 | 1.16262 @ 2026-09-03T20:43:39
[BOT] 1.1626 | Aguardando fechamento da vela... (candles ok: 172)
[COLETOR] Ticks:   4,388 | 1.16262 @ 2026-09-03T20:43:40
[BOT] 1.1626 | Aguardando fechamento da vela... (candles ok: 172)
[COLETOR] Ticks:   4,389 | 1.16262 @ 2026-09-03T20:43:41
[BOT] 1.1626 | Aguardando fechamento da vela... (candles ok: 172)
[COLETOR] Ticks:   4,390 | 1.16262 @ 2026-09-03T20:43:42
[BOT] 1.1626 | Aguardando fechamento da vela... (candles ok: 172)
[COLETOR] Ticks:   4,391 | 1.16262 @ 2026-09-03T20:43:43
[BOT] 1.1626 | Aguardando fechamento da vela... (candles ok: 172)
[COLETOR] Ticks:   4,392 | 1.16262 @ 2026-09-03T20:43:44
[BOT] 1.1626 | Aguardando fechamento da vela... (candles ok: 172)
[COLETOR] Ticks:   4,393 | 1.16262 @ 2026-09-03T20:43:45
[BOT] 1.1626 | Aguardando fechamento da vela... (candles ok: 172)
[COLETOR] Ticks:   4,394 | 1.16262 @ 2026-09-03T20:43:46
[BOT] 1.1626 | Aguardando fechamento da vela... (candles ok: 172)
[COLETOR] Ticks:   4,395 | 1.16262 @ 2026-09-03T20:43:47
[BOT] 1.1626 | Aguardando fechamento da vela... (candles ok: 172)
[COLETOR] Ticks:   4,396 | 1.16262 @ 2026-09-03T20:43:48
[BOT] 1.1626 | Aguardando fechamento da vela... (candles ok: 172)
[COLETOR] Ticks:   4,397 | 1.16262 @ 2026-09-03T20:43:49
[BOT] 1.1626 | Aguardando fechamento da vela... (candles ok: 172)
[COLETOR] Ticks:   4,398 | 1.16263 @ 2026-09-03T20:43:50
[BOT] 1.1626 | Aguardando fechamento da vela... (candles ok: 172)
[COLETOR] Ticks:   4,399 | 1.16262 @ 2026-09-03T20:43:51
[BOT] 1.1626 | Aguardando fechamento da vela... (candles ok: 172)
[COLETOR] Ticks:   4,400 | 1.16263 @ 2026-09-03T20:43:52
[BOT] 1.1626 | Aguardando fechamento da vela... (candles ok: 172)
[COLETOR] Ticks:   4,401 | 1.16263 @ 2026-09-03T20:43:53
[BOT] 1.1626 | Aguardando fechamento da vela... (candles ok: 172)
[COLETOR] Ticks:   4,402 | 1.16264 @ 2026-09-03T20:43:54
[BOT] 1.1626 | Aguardando fechamento da vela... (candles ok: 172)
[COLETOR] Ticks:   4,403 | 1.16265 @ 2026-09-03T20:43:55
[BOT] 1.1626 | Aguardando fechamento da vela... (candles ok: 172)
[COLETOR] Ticks:   4,404 | 1.16264 @ 2026-09-03T20:43:56
[BOT] 1.1626 | Aguardando fechamento da vela... (candles ok: 172)
[COLETOR] Ticks:   4,405 | 1.16264 @ 2026-09-03T20:43:57
[BOT] 1.1626 | Aguardando fechamento da vela... (candles ok: 172)
[COLETOR] Ticks:   4,406 | 1.16264 @ 2026-09-03T20:43:58
[BOT] 1.1626 | Aguardando fechamento da vela... (candles ok: 172)
[COLETOR] Ticks:   4,407 | 1.16264 @ 2026-09-03T20:43:59
[TICK] 1.1626 | EMA9:1.1626 EMA21:1.1626 | RSI:56.3 ADX:30.9 MACD_H:-0.00000
[COLETOR] Ticks:   4,408 | 1.16264 @ 2026-09-03T20:44:00
[BOT] 1.1626 | Aguardando fechamento da vela... (candles ok: 173)
[COLETOR] Ticks:   4,409 | 1.16264 @ 2026-09-03T20:44:01
[BOT] 1.1626 | Aguardando fechamento da vela... (candles ok: 173)
[COLETOR] Ticks:   4,410 | 1.16264 @ 2026-09-03T20:44:02
[BOT] 1.1626 | Aguardando fechamento da vela... (candles ok: 173)
[COLETOR] Ticks:   4,411 | 1.16264 @ 2026-09-03T20:44:03
[BOT] 1.1626 | Aguardando fechamento da vela... (candles ok: 173)
[COLETOR] Ticks:   4,412 | 1.16264 @ 2026-09-03T20:44:04
[BOT] 1.1626 | Aguardando fechamento da vela... (candles ok: 173)
[COLETOR] Ticks:   4,413 | 1.16264 @ 2026-09-03T20:44:05
[BOT] 1.1626 | Aguardando fechamento da vela... (candles ok: 173)
[COLETOR] Ticks:   4,414 | 1.16263 @ 2026-09-03T20:44:06
[BOT] 1.1626 | Aguardando fechamento da vela... (candles ok: 173)
[COLETOR] Ticks:   4,415 | 1.16262 @ 2026-09-03T20:44:07
[BOT] 1.1626 | Aguardando fechamento da vela... (candles ok: 173)
[COLETOR] Ticks:   4,416 | 1.16263 @ 2026-09-03T20:44:08
[BOT] 1.1626 | Aguardando fechamento da vela... (candles ok: 173)
[COLETOR] Ticks:   4,417 | 1.16263 @ 2026-09-03T20:44:09
[BOT] 1.1626 | Aguardando fechamento da vela... (candles ok: 173)
[COLETOR] Ticks:   4,418 | 1.16263 @ 2026-09-03T20:44:10
[BOT] 1.1626 | Aguardando fechamento da vela... (candles ok: 173)
[COLETOR] Ticks:   4,419 | 1.16264 @ 2026-09-03T20:44:11
[BOT] 1.1626 | Aguardando fechamento da vela... (candles ok: 173)
[COLETOR] Ticks:   4,420 | 1.16264 @ 2026-09-03T20:44:12
[BOT] 1.1626 | Aguardando fechamento da vela... (candles ok: 173)
[COLETOR] Ticks:   4,421 | 1.16263 @ 2026-09-03T20:44:13
[BOT] 1.1626 | Aguardando fechamento da vela... (candles ok: 173)
[COLETOR] Ticks:   4,422 | 1.16263 @ 2026-09-03T20:44:14
[BOT] 1.1626 | Aguardando fechamento da vela... (candles ok: 173)
[COLETOR] Ticks:   4,423 | 1.16263 @ 2026-09-03T20:44:15
[BOT] 1.1626 | Aguardando fechamento da vela... (candles ok: 173)
[COLETOR] Ticks:   4,424 | 1.16263 @ 2026-09-03T20:44:16
[BOT] 1.1626 | Aguardando fechamento da vela... (candles ok: 173)
[COLETOR] Ticks:   4,425 | 1.16264 @ 2026-09-03T20:44:17
[BOT] 1.1626 | Aguardando fechamento da vela... (candles ok: 173)
[COLETOR] Ticks:   4,426 | 1.16263 @ 2026-09-03T20:44:18
[BOT] 1.1626 | Aguardando fechamento da vela... (candles ok: 173)
[COLETOR] Ticks:   4,427 | 1.16264 @ 2026-09-03T20:44:19
[BOT] 1.1626 | Aguardando fechamento da vela... (candles ok: 173)
[COLETOR] Ticks:   4,428 | 1.16262 @ 2026-09-03T20:44:20
[BOT] 1.1626 | Aguardando fechamento da vela... (candles ok: 173)
[COLETOR] Ticks:   4,429 | 1.16262 @ 2026-09-03T20:44:21
[BOT] 1.1626 | Aguardando fechamento da vela... (candles ok: 173)
[COLETOR] Ticks:   4,430 | 1.16262 @ 2026-09-03T20:44:22
[BOT] 1.1626 | Aguardando fechamento da vela... (candles ok: 173)
[COLETOR] Ticks:   4,431 | 1.16262 @ 2026-09-03T20:44:23
[BOT] 1.1626 | Aguardando fechamento da vela... (candles ok: 173)
[COLETOR] Ticks:   4,432 | 1.16262 @ 2026-09-03T20:44:24
[BOT] 1.1626 | Aguardando fechamento da vela... (candles ok: 173)
[COLETOR] Ticks:   4,433 | 1.16262 @ 2026-09-03T20:44:25
[BOT] 1.1626 | Aguardando fechamento da vela... (candles ok: 173)
[COLETOR] Ticks:   4,434 | 1.16262 @ 2026-09-03T20:44:26
[BOT] 1.1626 | Aguardando fechamento da vela... (candles ok: 173)
[COLETOR] Ticks:   4,435 | 1.16262 @ 2026-09-03T20:44:27
[BOT] 1.1626 | Aguardando fechamento da vela... (candles ok: 173)
[COLETOR] Ticks:   4,436 | 1.16262 @ 2026-09-03T20:44:28
[BOT] 1.1626 | Aguardando fechamento da vela... (candles ok: 173)
[COLETOR] Ticks:   4,437 | 1.16263 @ 2026-09-03T20:44:29
[BOT] 1.1626 | Aguardando fechamento da vela... (candles ok: 173)
[COLETOR] Ticks:   4,438 | 1.16263 @ 2026-09-03T20:44:30
[BOT] 1.1626 | Aguardando fechamento da vela... (candles ok: 173)
[COLETOR] Ticks:   4,439 | 1.16263 @ 2026-09-03T20:44:31
[BOT] 1.1626 | Aguardando fechamento da vela... (candles ok: 173)
[COLETOR] Ticks:   4,440 | 1.16263 @ 2026-09-03T20:44:32
[BOT] 1.1626 | Aguardando fechamento da vela... (candles ok: 173)
[COLETOR] Ticks:   4,441 | 1.16263 @ 2026-09-03T20:44:33
[BOT] 1.1626 | Aguardando fechamento da vela... (candles ok: 173)
[COLETOR] Ticks:   4,442 | 1.16263 @ 2026-09-03T20:44:34
[BOT] 1.1626 | Aguardando fechamento da vela... (candles ok: 173)
[COLETOR] Ticks:   4,443 | 1.16262 @ 2026-09-03T20:44:35
[BOT] 1.1626 | Aguardando fechamento da vela... (candles ok: 173)
[COLETOR] Ticks:   4,444 | 1.16262 @ 2026-09-03T20:44:36
[BOT] 1.1626 | Aguardando fechamento da vela... (candles ok: 173)
[COLETOR] Ticks:   4,445 | 1.16262 @ 2026-09-03T20:44:37
[BOT] 1.1626 | Aguardando fechamento da vela... (candles ok: 173)
[COLETOR] Ticks:   4,446 | 1.16263 @ 2026-09-03T20:44:38
[BOT] 1.1626 | Aguardando fechamento da vela... (candles ok: 173)
[COLETOR] Ticks:   4,447 | 1.16263 @ 2026-09-03T20:44:39
[BOT] 1.1626 | Aguardando fechamento da vela... (candles ok: 173)
[COLETOR] Ticks:   4,448 | 1.16262 @ 2026-09-03T20:44:40
[BOT] 1.1626 | Aguardando fechamento da vela... (candles ok: 173)
[COLETOR] Ticks:   4,449 | 1.16262 @ 2026-09-03T20:44:41
[BOT] 1.1626 | Aguardando fechamento da vela... (candles ok: 173)
[COLETOR] Ticks:   4,450 | 1.16262 @ 2026-09-03T20:44:42
[BOT] 1.1626 | Aguardando fechamento da vela... (candles ok: 173)
[COLETOR] Ticks:   4,451 | 1.16264 @ 2026-09-03T20:44:43
[BOT] 1.1626 | Aguardando fechamento da vela... (candles ok: 173)
[COLETOR] Ticks:   4,452 | 1.16264 @ 2026-09-03T20:44:44
[BOT] 1.1626 | Aguardando fechamento da vela... (candles ok: 173)
[COLETOR] Ticks:   4,453 | 1.16264 @ 2026-09-03T20:44:45
[BOT] 1.1626 | Aguardando fechamento da vela... (candles ok: 173)
[COLETOR] Ticks:   4,454 | 1.16264 @ 2026-09-03T20:44:46
[COLETOR] Ticks:   4,455 | 1.16264 @ 2026-09-03T20:44:47
[BOT] 1.1626 | Aguardando fechamento da vela... (candles ok: 173)
[BOT] 1.1626 | Aguardando fechamento da vela... (candles ok: 173)
[COLETOR] Ticks:   4,456 | 1.16264 @ 2026-09-03T20:44:48
[BOT] 1.1626 | Aguardando fechamento da vela... (candles ok: 173)
[COLETOR] Ticks:   4,457 | 1.16264 @ 2026-09-03T20:44:49
[BOT] 1.1626 | Aguardando fechamento da vela... (candles ok: 173)
[COLETOR] Ticks:   4,458 | 1.16264 @ 2026-09-03T20:44:50
[BOT] 1.1626 | Aguardando fechamento da vela... (candles ok: 173)
[COLETOR] Ticks:   4,459 | 1.16263 @ 2026-09-03T20:44:51
[BOT] 1.1626 | Aguardando fechamento da vela... (candles ok: 173)
[COLETOR] Ticks:   4,460 | 1.16263 @ 2026-09-03T20:44:52
[BOT] 1.1626 | Aguardando fechamento da vela... (candles ok: 173)
[COLETOR] Ticks:   4,461 | 1.16262 @ 2026-09-03T20:44:53
[BOT] 1.1626 | Aguardando fechamento da vela... (candles ok: 173)
[COLETOR] Ticks:   4,462 | 1.16262 @ 2026-09-03T20:44:54
[BOT] 1.1626 | Aguardando fechamento da vela... (candles ok: 173)
[COLETOR] Ticks:   4,463 | 1.16262 @ 2026-09-03T20:44:55
[BOT] 1.1626 | Aguardando fechamento da vela... (candles ok: 173)
[COLETOR] Ticks:   4,464 | 1.16262 @ 2026-09-03T20:44:56
[BOT] 1.1626 | Aguardando fechamento da vela... (candles ok: 173)
[COLETOR] Ticks:   4,465 | 1.16264 @ 2026-09-03T20:44:57
[BOT] 1.1626 | Aguardando fechamento da vela... (candles ok: 173)
[COLETOR] Ticks:   4,466 | 1.16264 @ 2026-09-03T20:44:58
[BOT] 1.1626 | Aguardando fechamento da vela... (candles ok: 173)
[COLETOR] Ticks:   4,467 | 1.16264 @ 2026-09-03T20:44:59
[TICK] 1.1626 | EMA9:1.1626 EMA21:1.1626 | RSI:56.3 ADX:28.9 MACD_H:-0.00000
[COLETOR] Ticks:   4,468 | 1.16264 @ 2026-09-03T20:45:00
[BOT] 1.1626 | Aguardando fechamento da vela... (candles ok: 174)
[COLETOR] Ticks:   4,469 | 1.16264 @ 2026-09-03T20:45:01
[BOT] 1.1627 | Aguardando fechamento da vela... (candles ok: 174)
[COLETOR] Ticks:   4,470 | 1.16266 @ 2026-09-03T20:45:02
[BOT] 1.1626 | Aguardando fechamento da vela... (candles ok: 174)
[COLETOR] Ticks:   4,471 | 1.16265 @ 2026-09-03T20:45:03
[BOT] 1.1626 | Aguardando fechamento da vela... (candles ok: 174)
[COLETOR] Ticks:   4,472 | 1.16265 @ 2026-09-03T20:45:04
[BOT] 1.1626 | Aguardando fechamento da vela... (candles ok: 174)
[COLETOR] Ticks:   4,473 | 1.16265 @ 2026-09-03T20:45:05
[BOT] 1.1626 | Aguardando fechamento da vela... (candles ok: 174)
[COLETOR] Ticks:   4,474 | 1.16265 @ 2026-09-03T20:45:06
[BOT] 1.1626 | Aguardando fechamento da vela... (candles ok: 174)
[COLETOR] Ticks:   4,475 | 1.16265 @ 2026-09-03T20:45:07
[BOT] 1.1626 | Aguardando fechamento da vela... (candles ok: 174)
[COLETOR] Ticks:   4,476 | 1.16265 @ 2026-09-03T20:45:08
[BOT] 1.1626 | Aguardando fechamento da vela... (candles ok: 174)
[COLETOR] Ticks:   4,477 | 1.16265 @ 2026-09-03T20:45:09
[BOT] 1.1626 | Aguardando fechamento da vela... (candles ok: 174)
[COLETOR] Ticks:   4,478 | 1.16265 @ 2026-09-03T20:45:10
[BOT] 1.1627 | Aguardando fechamento da vela... (candles ok: 174)
[COLETOR] Ticks:   4,479 | 1.16266 @ 2026-09-03T20:45:11
[BOT] 1.1627 | Aguardando fechamento da vela... (candles ok: 174)
[COLETOR] Ticks:   4,480 | 1.16266 @ 2026-09-03T20:45:12
[BOT] 1.1626 | Aguardando fechamento da vela... (candles ok: 174)
[COLETOR] Ticks:   4,481 | 1.16264 @ 2026-09-03T20:45:13
[BOT] 1.1626 | Aguardando fechamento da vela... (candles ok: 174)
[COLETOR] Ticks:   4,482 | 1.16264 @ 2026-09-03T20:45:14
[BOT] 1.1626 | Aguardando fechamento da vela... (candles ok: 174)
[COLETOR] Ticks:   4,483 | 1.16263 @ 2026-09-03T20:45:15
[BOT] 1.1626 | Aguardando fechamento da vela... (candles ok: 174)
[COLETOR] Ticks:   4,484 | 1.16263 @ 2026-09-03T20:45:16
[BOT] 1.1626 | Aguardando fechamento da vela... (candles ok: 174)
[COLETOR] Ticks:   4,485 | 1.16263 @ 2026-09-03T20:45:17
[BOT] 1.1626 | Aguardando fechamento da vela... (candles ok: 174)
[COLETOR] Ticks:   4,486 | 1.16263 @ 2026-09-03T20:45:18
[BOT] 1.1626 | Aguardando fechamento da vela... (candles ok: 174)
[COLETOR] Ticks:   4,487 | 1.16263 @ 2026-09-03T20:45:19
[BOT] 1.1626 | Aguardando fechamento da vela... (candles ok: 174)
[COLETOR] Ticks:   4,488 | 1.16262 @ 2026-09-03T20:45:20
[BOT] 1.1626 | Aguardando fechamento da vela... (candles ok: 174)
[COLETOR] Ticks:   4,489 | 1.16262 @ 2026-09-03T20:45:21
[BOT] 1.1626 | Aguardando fechamento da vela... (candles ok: 174)
[COLETOR] Ticks:   4,490 | 1.16262 @ 2026-09-03T20:45:22
[BOT] 1.1626 | Aguardando fechamento da vela... (candles ok: 174)
[COLETOR] Ticks:   4,491 | 1.16262 @ 2026-09-03T20:45:23
[BOT] 1.1626 | Aguardando fechamento da vela... (candles ok: 174)
[COLETOR] Ticks:   4,492 | 1.16262 @ 2026-09-03T20:45:24
[BOT] 1.1626 | Aguardando fechamento da vela... (candles ok: 174)
[COLETOR] Ticks:   4,493 | 1.16262 @ 2026-09-03T20:45:25
[BOT] 1.1626 | Aguardando fechamento da vela... (candles ok: 174)
[COLETOR] Ticks:   4,494 | 1.16262 @ 2026-09-03T20:45:26
[BOT] 1.1626 | Aguardando fechamento da vela... (candles ok: 174)
[COLETOR] Ticks:   4,495 | 1.16261 @ 2026-09-03T20:45:27
[BOT] 1.1626 | Aguardando fechamento da vela... (candles ok: 174)
[COLETOR] Ticks:   4,496 | 1.16261 @ 2026-09-03T20:45:28
[BOT] 1.1626 | Aguardando fechamento da vela... (candles ok: 174)
[COLETOR] Ticks:   4,497 | 1.16261 @ 2026-09-03T20:45:29
[BOT] 1.1626 | Aguardando fechamento da vela... (candles ok: 174)
[COLETOR] Ticks:   4,498 | 1.16261 @ 2026-09-03T20:45:30
[BOT] 1.1626 | Aguardando fechamento da vela... (candles ok: 174)
[COLETOR] Ticks:   4,499 | 1.16261 @ 2026-09-03T20:45:31
[BOT] 1.1626 | Aguardando fechamento da vela... (candles ok: 174)
[COLETOR] Ticks:   4,500 | 1.16261 @ 2026-09-03T20:45:32
[BOT] 1.1626 | Aguardando fechamento da vela... (candles ok: 174)
[COLETOR] Ticks:   4,501 | 1.16261 @ 2026-09-03T20:45:33
[BOT] 1.1626 | Aguardando fechamento da vela... (candles ok: 174)
[COLETOR] Ticks:   4,502 | 1.16261 @ 2026-09-03T20:45:34
[COLETOR] Ticks:   4,503 | 1.16261 @ 2026-09-03T20:45:35
[BOT] 1.1626 | Aguardando fechamento da vela... (candles ok: 174)
[BOT] 1.1626 | Aguardando fechamento da vela... (candles ok: 174)
[COLETOR] Ticks:   4,504 | 1.16261 @ 2026-09-03T20:45:36
[BOT] 1.1626 | Aguardando fechamento da vela... (candles ok: 174)
[COLETOR] Ticks:   4,505 | 1.16261 @ 2026-09-03T20:45:37
[BOT] 1.1626 | Aguardando fechamento da vela... (candles ok: 174)
[COLETOR] Ticks:   4,506 | 1.16261 @ 2026-09-03T20:45:38
[BOT] 1.1626 | Aguardando fechamento da vela... (candles ok: 174)
[COLETOR] Ticks:   4,507 | 1.16261 @ 2026-09-03T20:45:39
[BOT] 1.1626 | Aguardando fechamento da vela... (candles ok: 174)
[COLETOR] Ticks:   4,508 | 1.16261 @ 2026-09-03T20:45:40
[BOT] 1.1626 | Aguardando fechamento da vela... (candles ok: 174)
[COLETOR] Ticks:   4,509 | 1.16261 @ 2026-09-03T20:45:41
[BOT] 1.1626 | Aguardando fechamento da vela... (candles ok: 174)
[COLETOR] Ticks:   4,510 | 1.16261 @ 2026-09-03T20:45:42
[BOT] 1.1626 | Aguardando fechamento da vela... (candles ok: 174)
[COLETOR] Ticks:   4,511 | 1.16261 @ 2026-09-03T20:45:43
[BOT] 1.1626 | Aguardando fechamento da vela... (candles ok: 174)
[COLETOR] Ticks:   4,512 | 1.16261 @ 2026-09-03T20:45:44
[BOT] 1.1626 | Aguardando fechamento da vela... (candles ok: 174)
[COLETOR] Ticks:   4,513 | 1.16261 @ 2026-09-03T20:45:45
[BOT] 1.1626 | Aguardando fechamento da vela... (candles ok: 174)
[COLETOR] Ticks:   4,514 | 1.16261 @ 2026-09-03T20:45:46
[BOT] 1.1626 | Aguardando fechamento da vela... (candles ok: 174)
[COLETOR] Ticks:   4,515 | 1.1626 @ 2026-09-03T20:45:47
[BOT] 1.1626 | Aguardando fechamento da vela... (candles ok: 174)
[COLETOR] Ticks:   4,516 | 1.16261 @ 2026-09-03T20:45:48
[BOT] 1.1626 | Aguardando fechamento da vela... (candles ok: 174)
[COLETOR] Ticks:   4,517 | 1.16261 @ 2026-09-03T20:45:49
[BOT] 1.1626 | Aguardando fechamento da vela... (candles ok: 174)
[COLETOR] Ticks:   4,518 | 1.1626 @ 2026-09-03T20:45:50
[BOT] 1.1626 | Aguardando fechamento da vela... (candles ok: 174)
[COLETOR] Ticks:   4,519 | 1.1626 @ 2026-09-03T20:45:51
[BOT] 1.1626 | Aguardando fechamento da vela... (candles ok: 174)
[COLETOR] Ticks:   4,520 | 1.1626 @ 2026-09-03T20:45:52
[BOT] 1.1626 | Aguardando fechamento da vela... (candles ok: 174)
[COLETOR] Ticks:   4,521 | 1.16261 @ 2026-09-03T20:45:53
[BOT] 1.1626 | Aguardando fechamento da vela... (candles ok: 174)
[COLETOR] Ticks:   4,522 | 1.1626 @ 2026-09-03T20:45:54
[BOT] 1.1626 | Aguardando fechamento da vela... (candles ok: 174)
[COLETOR] Ticks:   4,523 | 1.16261 @ 2026-09-03T20:45:55
[BOT] 1.1626 | Aguardando fechamento da vela... (candles ok: 174)
[COLETOR] Ticks:   4,524 | 1.1626 @ 2026-09-03T20:45:56
[BOT] 1.1626 | Aguardando fechamento da vela... (candles ok: 174)
[COLETOR] Ticks:   4,525 | 1.1626 @ 2026-09-03T20:45:57
[COLETOR] Ticks:   4,526 | 1.1626 @ 2026-09-03T20:45:58
[BOT] 1.1626 | Aguardando fechamento da vela... (candles ok: 174)
[COLETOR] Ticks:   4,527 | 1.1626 @ 2026-09-03T20:45:59
[BOT] 1.1626 | Aguardando fechamento da vela... (candles ok: 174)
[TICK] 1.1626 | EMA9:1.1626 EMA21:1.1626 | RSI:52.4 ADX:27.4 MACD_H:-0.00001
[COLETOR] Ticks:   4,528 | 1.16263 @ 2026-09-03T20:46:00
[COLETOR] Ticks:   4,529 | 1.16264 @ 2026-09-03T20:46:01
[BOT] 1.1626 | Aguardando fechamento da vela... (candles ok: 175)
[BOT] 1.1626 | Aguardando fechamento da vela... (candles ok: 175)
[COLETOR] Ticks:   4,530 | 1.16264 @ 2026-09-03T20:46:02
[BOT] 1.1626 | Aguardando fechamento da vela... (candles ok: 175)
[COLETOR] Ticks:   4,531 | 1.16264 @ 2026-09-03T20:46:03
[COLETOR] Ticks:   4,532 | 1.16265 @ 2026-09-03T20:46:04
[BOT] 1.1626 | Aguardando fechamento da vela... (candles ok: 175)
[BOT] 1.1626 | Aguardando fechamento da vela... (candles ok: 175)
[COLETOR] Ticks:   4,533 | 1.16264 @ 2026-09-03T20:46:05
[COLETOR] Ticks:   4,534 | 1.16266 @ 2026-09-03T20:46:06
[BOT] 1.1627 | Aguardando fechamento da vela... (candles ok: 175)
[COLETOR] Ticks:   4,535 | 1.16267 @ 2026-09-03T20:46:07
[BOT] 1.1627 | Aguardando fechamento da vela... (candles ok: 175)
[BOT] 1.1627 | Aguardando fechamento da vela... (candles ok: 175)
[COLETOR] Ticks:   4,536 | 1.16266 @ 2026-09-03T20:46:08
[COLETOR] Ticks:   4,537 | 1.16266 @ 2026-09-03T20:46:09
[BOT] 1.1627 | Aguardando fechamento da vela... (candles ok: 175)
[BOT] 1.1627 | Aguardando fechamento da vela... (candles ok: 175)
[COLETOR] Ticks:   4,538 | 1.16266 @ 2026-09-03T20:46:10
[BOT] 1.1627 | Aguardando fechamento da vela... (candles ok: 175)
[COLETOR] Ticks:   4,539 | 1.16266 @ 2026-09-03T20:46:11
[COLETOR] Ticks:   4,540 | 1.16266 @ 2026-09-03T20:46:12
[BOT] 1.1627 | Aguardando fechamento da vela... (candles ok: 175)
[BOT] 1.1627 | Aguardando fechamento da vela... (candles ok: 175)
[COLETOR] Ticks:   4,541 | 1.16266 @ 2026-09-03T20:46:13
[BOT] 1.1627 | Aguardando fechamento da vela... (candles ok: 175)
[COLETOR] Ticks:   4,542 | 1.16266 @ 2026-09-03T20:46:14
[BOT] 1.1627 | Aguardando fechamento da vela... (candles ok: 175)
[COLETOR] Ticks:   4,543 | 1.16268 @ 2026-09-03T20:46:15
[BOT] 1.1627 | Aguardando fechamento da vela... (candles ok: 175)
[COLETOR] Ticks:   4,544 | 1.16267 @ 2026-09-03T20:46:16
[COLETOR] Ticks:   4,545 | 1.16267 @ 2026-09-03T20:46:17
[BOT] 1.1627 | Aguardando fechamento da vela... (candles ok: 175)
[BOT] 1.1627 | Aguardando fechamento da vela... (candles ok: 175)
[COLETOR] Ticks:   4,546 | 1.16267 @ 2026-09-03T20:46:18
[COLETOR] Ticks:   4,547 | 1.16268 @ 2026-09-03T20:46:19
[BOT] 1.1627 | Aguardando fechamento da vela... (candles ok: 175)
[BOT] 1.1627 | Aguardando fechamento da vela... (candles ok: 175)
[COLETOR] Ticks:   4,548 | 1.16268 @ 2026-09-03T20:46:20
[COLETOR] Ticks:   4,549 | 1.16267 @ 2026-09-03T20:46:21
[BOT] 1.1627 | Aguardando fechamento da vela... (candles ok: 175)
[BOT] 1.1626 | Aguardando fechamento da vela... (candles ok: 175)
[COLETOR] Ticks:   4,550 | 1.16264 @ 2026-09-03T20:46:22
[BOT] 1.1626 | Aguardando fechamento da vela... (candles ok: 175)
[COLETOR] Ticks:   4,551 | 1.16264 @ 2026-09-03T20:46:23
[COLETOR] Ticks:   4,552 | 1.16264 @ 2026-09-03T20:46:24
[BOT] 1.1626 | Aguardando fechamento da vela... (candles ok: 175)
[BOT] 1.1626 | Aguardando fechamento da vela... (candles ok: 175)
[COLETOR] Ticks:   4,553 | 1.16264 @ 2026-09-03T20:46:25
[BOT] 1.1626 | Aguardando fechamento da vela... (candles ok: 175)
[COLETOR] Ticks:   4,554 | 1.16264 @ 2026-09-03T20:46:26
[COLETOR] Ticks:   4,555 | 1.16264 @ 2026-09-03T20:46:27
[BOT] 1.1626 | Aguardando fechamento da vela... (candles ok: 175)
[BOT] 1.1626 | Aguardando fechamento da vela... (candles ok: 175)
[COLETOR] Ticks:   4,556 | 1.16265 @ 2026-09-03T20:46:28
[BOT] 1.1626 | Aguardando fechamento da vela... (candles ok: 175)
[COLETOR] Ticks:   4,557 | 1.16264 @ 2026-09-03T20:46:29
[BOT] 1.1626 | Aguardando fechamento da vela... (candles ok: 175)
[COLETOR] Ticks:   4,558 | 1.16264 @ 2026-09-03T20:46:30
[COLETOR] Ticks:   4,559 | 1.16264 @ 2026-09-03T20:46:31
[BOT] 1.1626 | Aguardando fechamento da vela... (candles ok: 175)
[BOT] 1.1626 | Aguardando fechamento da vela... (candles ok: 175)
[COLETOR] Ticks:   4,560 | 1.16264 @ 2026-09-03T20:46:32
[BOT] 1.1626 | Aguardando fechamento da vela... (candles ok: 175)
[COLETOR] Ticks:   4,561 | 1.16264 @ 2026-09-03T20:46:33
[BOT] 1.1626 | Aguardando fechamento da vela... (candles ok: 175)
[COLETOR] Ticks:   4,562 | 1.16264 @ 2026-09-03T20:46:34
[COLETOR] Ticks:   4,563 | 1.16265 @ 2026-09-03T20:46:35
[BOT] 1.1626 | Aguardando fechamento da vela... (candles ok: 175)
[BOT] 1.1626 | Aguardando fechamento da vela... (candles ok: 175)
[COLETOR] Ticks:   4,564 | 1.16265 @ 2026-09-03T20:46:36
[BOT] 1.1626 | Aguardando fechamento da vela... (candles ok: 175)
[COLETOR] Ticks:   4,565 | 1.16265 @ 2026-09-03T20:46:37
[BOT] 1.1626 | Aguardando fechamento da vela... (candles ok: 175)
[COLETOR] Ticks:   4,566 | 1.16265 @ 2026-09-03T20:46:38
[BOT] 1.1626 | Aguardando fechamento da vela... (candles ok: 175)
[COLETOR] Ticks:   4,567 | 1.16264 @ 2026-09-03T20:46:39
[BOT] 1.1626 | Aguardando fechamento da vela... (candles ok: 175)
[COLETOR] Ticks:   4,568 | 1.16264 @ 2026-09-03T20:46:40
[COLETOR] Ticks:   4,569 | 1.16264 @ 2026-09-03T20:46:41
[BOT] 1.1626 | Aguardando fechamento da vela... (candles ok: 175)
[COLETOR] Ticks:   4,570 | 1.16264 @ 2026-09-03T20:46:42
[BOT] 1.1626 | Aguardando fechamento da vela... (candles ok: 175)
[BOT] 1.1626 | Aguardando fechamento da vela... (candles ok: 175)
[COLETOR] Ticks:   4,571 | 1.16264 @ 2026-09-03T20:46:43
[BOT] 1.1626 | Aguardando fechamento da vela... (candles ok: 175)
[COLETOR] Ticks:   4,572 | 1.16264 @ 2026-09-03T20:46:44
[BOT] 1.1626 | Aguardando fechamento da vela... (candles ok: 175)
[COLETOR] Ticks:   4,573 | 1.16264 @ 2026-09-03T20:46:45
[BOT] 1.1626 | Aguardando fechamento da vela... (candles ok: 175)
[COLETOR] Ticks:   4,574 | 1.16264 @ 2026-09-03T20:46:46
[BOT] 1.1626 | Aguardando fechamento da vela... (candles ok: 175)
[COLETOR] Ticks:   4,575 | 1.16264 @ 2026-09-03T20:46:47
[COLETOR] Ticks:   4,576 | 1.16264 @ 2026-09-03T20:46:48
[BOT] 1.1626 | Aguardando fechamento da vela... (candles ok: 175)
[COLETOR] Ticks:   4,577 | 1.16264 @ 2026-09-03T20:46:49
[BOT] 1.1626 | Aguardando fechamento da vela... (candles ok: 175)
[BOT] 1.1626 | Aguardando fechamento da vela... (candles ok: 175)
[COLETOR] Ticks:   4,578 | 1.16264 @ 2026-09-03T20:46:50
[COLETOR] Ticks:   4,579 | 1.16264 @ 2026-09-03T20:46:51
[BOT] 1.1626 | Aguardando fechamento da vela... (candles ok: 175)
[BOT] 1.1626 | Aguardando fechamento da vela... (candles ok: 175)
[COLETOR] Ticks:   4,580 | 1.16264 @ 2026-09-03T20:46:52
[BOT] 1.1626 | Aguardando fechamento da vela... (candles ok: 175)
[COLETOR] Ticks:   4,581 | 1.16264 @ 2026-09-03T20:46:53
[BOT] 1.1626 | Aguardando fechamento da vela... (candles ok: 175)
[COLETOR] Ticks:   4,582 | 1.16264 @ 2026-09-03T20:46:54
[COLETOR] Ticks:   4,583 | 1.16264 @ 2026-09-03T20:46:55
[BOT] 1.1626 | Aguardando fechamento da vela... (candles ok: 175)
[BOT] 1.1626 | Aguardando fechamento da vela... (candles ok: 175)
[COLETOR] Ticks:   4,584 | 1.16265 @ 2026-09-03T20:46:56
[COLETOR] Ticks:   4,585 | 1.16265 @ 2026-09-03T20:46:57
[BOT] 1.1626 | Aguardando fechamento da vela... (candles ok: 175)
[BOT] 1.1626 | Aguardando fechamento da vela... (candles ok: 175)
[COLETOR] Ticks:   4,586 | 1.16264 @ 2026-09-03T20:46:58
[BOT] 1.1626 | Aguardando fechamento da vela... (candles ok: 175)
[COLETOR] Ticks:   4,587 | 1.16264 @ 2026-09-03T20:46:59
[TICK] 1.1626 | EMA9:1.1626 EMA21:1.1626 | RSI:55.7 ADX:26.0 MACD_H:-0.00000
[COLETOR] Ticks:   4,588 | 1.16265 @ 2026-09-03T20:47:00
[BOT] 1.1627 | Aguardando fechamento da vela... (candles ok: 176)
[COLETOR] Ticks:   4,589 | 1.16266 @ 2026-09-03T20:47:01
[BOT] 1.1627 | Aguardando fechamento da vela... (candles ok: 176)
[COLETOR] Ticks:   4,590 | 1.16266 @ 2026-09-03T20:47:02
[BOT] 1.1626 | Aguardando fechamento da vela... (candles ok: 176)
[COLETOR] Ticks:   4,591 | 1.16265 @ 2026-09-03T20:47:03
[BOT] 1.1626 | Aguardando fechamento da vela... (candles ok: 176)
[COLETOR] Ticks:   4,592 | 1.16265 @ 2026-09-03T20:47:04
[BOT] 1.1626 | Aguardando fechamento da vela... (candles ok: 176)
[COLETOR] Ticks:   4,593 | 1.16265 @ 2026-09-03T20:47:05
[BOT] 1.1627 | Aguardando fechamento da vela... (candles ok: 176)
[COLETOR] Ticks:   4,594 | 1.16266 @ 2026-09-03T20:47:06
[COLETOR] Ticks:   4,595 | 1.16265 @ 2026-09-03T20:47:07
[BOT] 1.1626 | Aguardando fechamento da vela... (candles ok: 176)
[BOT] 1.1627 | Aguardando fechamento da vela... (candles ok: 176)
[COLETOR] Ticks:   4,596 | 1.16267 @ 2026-09-03T20:47:08
[COLETOR] Ticks:   4,597 | 1.16267 @ 2026-09-03T20:47:09
[BOT] 1.1627 | Aguardando fechamento da vela... (candles ok: 176)
[BOT] 1.1627 | Aguardando fechamento da vela... (candles ok: 176)
[COLETOR] Ticks:   4,598 | 1.16267 @ 2026-09-03T20:47:10
[COLETOR] Ticks:   4,599 | 1.16267 @ 2026-09-03T20:47:11
[BOT] 1.1627 | Aguardando fechamento da vela... (candles ok: 176)
[BOT] 1.1627 | Aguardando fechamento da vela... (candles ok: 176)
[COLETOR] Ticks:   4,600 | 1.16266 @ 2026-09-03T20:47:12
[BOT] 1.1627 | Aguardando fechamento da vela... (candles ok: 176)
[COLETOR] Ticks:   4,601 | 1.16266 @ 2026-09-03T20:47:13
[BOT] 1.1627 | Aguardando fechamento da vela... (candles ok: 176)
[COLETOR] Ticks:   4,602 | 1.16267 @ 2026-09-03T20:47:14
[BOT] 1.1627 | Aguardando fechamento da vela... (candles ok: 176)
[COLETOR] Ticks:   4,603 | 1.16267 @ 2026-09-03T20:47:15
[BOT] 1.1627 | Aguardando fechamento da vela... (candles ok: 176)
[COLETOR] Ticks:   4,604 | 1.16267 @ 2026-09-03T20:47:16
[COLETOR] Ticks:   4,605 | 1.16267 @ 2026-09-03T20:47:17
[BOT] 1.1627 | Aguardando fechamento da vela... (candles ok: 176)
[COLETOR] Ticks:   4,606 | 1.16267 @ 2026-09-03T20:47:18
[BOT] 1.1627 | Aguardando fechamento da vela... (candles ok: 176)
[BOT] 1.1627 | Aguardando fechamento da vela... (candles ok: 176)
[COLETOR] Ticks:   4,607 | 1.16267 @ 2026-09-03T20:47:19
[BOT] 1.1627 | Aguardando fechamento da vela... (candles ok: 176)
[COLETOR] Ticks:   4,608 | 1.16267 @ 2026-09-03T20:47:20
[BOT] 1.1627 | Aguardando fechamento da vela... (candles ok: 176)
[COLETOR] Ticks:   4,609 | 1.16267 @ 2026-09-03T20:47:21
[COLETOR] Ticks:   4,610 | 1.16267 @ 2026-09-03T20:47:22
[BOT] 1.1627 | Aguardando fechamento da vela... (candles ok: 176)
[BOT] 1.1627 | Aguardando fechamento da vela... (candles ok: 176)
[COLETOR] Ticks:   4,611 | 1.16267 @ 2026-09-03T20:47:23
[BOT] 1.1627 | Aguardando fechamento da vela... (candles ok: 176)
[COLETOR] Ticks:   4,612 | 1.16267 @ 2026-09-03T20:47:24
[BOT] 1.1627 | Aguardando fechamento da vela... (candles ok: 176)
[COLETOR] Ticks:   4,613 | 1.16267 @ 2026-09-03T20:47:25
[BOT] 1.1627 | Aguardando fechamento da vela... (candles ok: 176)
[COLETOR] Ticks:   4,614 | 1.16268 @ 2026-09-03T20:47:26
[BOT] 1.1627 | Aguardando fechamento da vela... (candles ok: 176)
[COLETOR] Ticks:   4,615 | 1.16268 @ 2026-09-03T20:47:27
[BOT] 1.1627 | Aguardando fechamento da vela... (candles ok: 176)
[COLETOR] Ticks:   4,616 | 1.16268 @ 2026-09-03T20:47:28
[COLETOR] Ticks:   4,617 | 1.16267 @ 2026-09-03T20:47:29
[BOT] 1.1627 | Aguardando fechamento da vela... (candles ok: 176)
[BOT] 1.1627 | Aguardando fechamento da vela... (candles ok: 176)
[COLETOR] Ticks:   4,618 | 1.16267 @ 2026-09-03T20:47:30
[BOT] 1.1627 | Aguardando fechamento da vela... (candles ok: 176)
[COLETOR] Ticks:   4,619 | 1.16267 @ 2026-09-03T20:47:31
[COLETOR] Ticks:   4,620 | 1.16267 @ 2026-09-03T20:47:32
[BOT] 1.1627 | Aguardando fechamento da vela... (candles ok: 176)
[BOT] 1.1627 | Aguardando fechamento da vela... (candles ok: 176)
[COLETOR] Ticks:   4,621 | 1.16267 @ 2026-09-03T20:47:33
[BOT] 1.1627 | Aguardando fechamento da vela... (candles ok: 176)
[COLETOR] Ticks:   4,622 | 1.16267 @ 2026-09-03T20:47:34
[BOT] 1.1627 | Aguardando fechamento da vela... (candles ok: 176)
[COLETOR] Ticks:   4,623 | 1.16267 @ 2026-09-03T20:47:35
[BOT] 1.1627 | Aguardando fechamento da vela... (candles ok: 176)
[COLETOR] Ticks:   4,624 | 1.16267 @ 2026-09-03T20:47:36
[BOT] 1.1627 | Aguardando fechamento da vela... (candles ok: 176)
[COLETOR] Ticks:   4,625 | 1.16267 @ 2026-09-03T20:47:37
[COLETOR] Ticks:   4,626 | 1.16267 @ 2026-09-03T20:47:38
[BOT] 1.1627 | Aguardando fechamento da vela... (candles ok: 176)
[BOT] 1.1627 | Aguardando fechamento da vela... (candles ok: 176)
[COLETOR] Ticks:   4,627 | 1.16267 @ 2026-09-03T20:47:39
[BOT] 1.1627 | Aguardando fechamento da vela... (candles ok: 176)
[COLETOR] Ticks:   4,628 | 1.16267 @ 2026-09-03T20:47:40
[BOT] 1.1627 | Aguardando fechamento da vela... (candles ok: 176)
[COLETOR] Ticks:   4,629 | 1.16267 @ 2026-09-03T20:47:41
[BOT] 1.1627 | Aguardando fechamento da vela... (candles ok: 176)
[COLETOR] Ticks:   4,630 | 1.16267 @ 2026-09-03T20:47:42
[COLETOR] Ticks:   4,631 | 1.16267 @ 2026-09-03T20:47:43
[BOT] 1.1627 | Aguardando fechamento da vela... (candles ok: 176)
[BOT] 1.1627 | Aguardando fechamento da vela... (candles ok: 176)
[COLETOR] Ticks:   4,632 | 1.16267 @ 2026-09-03T20:47:44
[COLETOR] Ticks:   4,633 | 1.16266 @ 2026-09-03T20:47:45
[BOT] 1.1627 | Aguardando fechamento da vela... (candles ok: 176)
[BOT] 1.1627 | Aguardando fechamento da vela... (candles ok: 176)
[COLETOR] Ticks:   4,634 | 1.16266 @ 2026-09-03T20:47:46
[BOT] 1.1627 | Aguardando fechamento da vela... (candles ok: 176)
[COLETOR] Ticks:   4,635 | 1.16266 @ 2026-09-03T20:47:47
[BOT] 1.1627 | Aguardando fechamento da vela... (candles ok: 176)
[COLETOR] Ticks:   4,636 | 1.16266 @ 2026-09-03T20:47:48
[BOT] 1.1627 | Aguardando fechamento da vela... (candles ok: 176)
[COLETOR] Ticks:   4,637 | 1.16266 @ 2026-09-03T20:47:49
[BOT] 1.1626 | Aguardando fechamento da vela... (candles ok: 176)
[COLETOR] Ticks:   4,638 | 1.16265 @ 2026-09-03T20:47:50
[BOT] 1.1626 | Aguardando fechamento da vela... (candles ok: 176)
[COLETOR] Ticks:   4,639 | 1.16265 @ 2026-09-03T20:47:51
[BOT] 1.1626 | Aguardando fechamento da vela... (candles ok: 176)
[COLETOR] Ticks:   4,640 | 1.16265 @ 2026-09-03T20:47:52
[BOT] 1.1627 | Aguardando fechamento da vela... (candles ok: 176)
[COLETOR] Ticks:   4,641 | 1.16266 @ 2026-09-03T20:47:53
[BOT] 1.1627 | Aguardando fechamento da vela... (candles ok: 176)
[COLETOR] Ticks:   4,642 | 1.16266 @ 2026-09-03T20:47:54
[BOT] 1.1627 | Aguardando fechamento da vela... (candles ok: 176)
[COLETOR] Ticks:   4,643 | 1.16266 @ 2026-09-03T20:47:55
[BOT] 1.1627 | Aguardando fechamento da vela... (candles ok: 176)
[COLETOR] Ticks:   4,644 | 1.16266 @ 2026-09-03T20:47:56
[BOT] 1.1627 | Aguardando fechamento da vela... (candles ok: 176)
[COLETOR] Ticks:   4,645 | 1.16266 @ 2026-09-03T20:47:57
[BOT] 1.1627 | Aguardando fechamento da vela... (candles ok: 176)
[COLETOR] Ticks:   4,646 | 1.16266 @ 2026-09-03T20:47:58
[BOT] 1.1627 | Aguardando fechamento da vela... (candles ok: 176)
[COLETOR] Ticks:   4,647 | 1.16266 @ 2026-09-03T20:47:59
[COLETOR] Ticks:   4,648 | 1.16267 @ 2026-09-03T20:48:00
[TICK] 1.1627 | EMA9:1.1626 EMA21:1.1626 | RSI:57.3 ADX:24.2 MACD_H:-0.00000
[BOT] 1.1627 | Aguardando fechamento da vela... (candles ok: 177)
[COLETOR] Ticks:   4,649 | 1.16266 @ 2026-09-03T20:48:01
[BOT] 1.1627 | Aguardando fechamento da vela... (candles ok: 177)
[COLETOR] Ticks:   4,650 | 1.16266 @ 2026-09-03T20:48:02
[COLETOR] Ticks:   4,651 | 1.16266 @ 2026-09-03T20:48:03
[BOT] 1.1627 | Aguardando fechamento da vela... (candles ok: 177)
[BOT] 1.1627 | Aguardando fechamento da vela... (candles ok: 177)
[COLETOR] Ticks:   4,652 | 1.16266 @ 2026-09-03T20:48:04
[BOT] 1.1627 | Aguardando fechamento da vela... (candles ok: 177)
[COLETOR] Ticks:   4,653 | 1.16266 @ 2026-09-03T20:48:05
[BOT] 1.1627 | Aguardando fechamento da vela... (candles ok: 177)
[COLETOR] Ticks:   4,654 | 1.16266 @ 2026-09-03T20:48:06
[COLETOR] Ticks:   4,655 | 1.16266 @ 2026-09-03T20:48:07
[BOT] 1.1627 | Aguardando fechamento da vela... (candles ok: 177)
[BOT] 1.1627 | Aguardando fechamento da vela... (candles ok: 177)
[COLETOR] Ticks:   4,656 | 1.16266 @ 2026-09-03T20:48:08
[BOT] 1.1627 | Aguardando fechamento da vela... (candles ok: 177)
[COLETOR] Ticks:   4,657 | 1.16266 @ 2026-09-03T20:48:09
[BOT] 1.1627 | Aguardando fechamento da vela... (candles ok: 177)
[COLETOR] Ticks:   4,658 | 1.16266 @ 2026-09-03T20:48:10
[COLETOR] Ticks:   4,659 | 1.16266 @ 2026-09-03T20:48:11
[BOT] 1.1627 | Aguardando fechamento da vela... (candles ok: 177)
[COLETOR] Ticks:   4,660 | 1.16266 @ 2026-09-03T20:48:12
[BOT] 1.1627 | Aguardando fechamento da vela... (candles ok: 177)
[BOT] 1.1627 | Aguardando fechamento da vela... (candles ok: 177)
[COLETOR] Ticks:   4,661 | 1.16266 @ 2026-09-03T20:48:13
[BOT] 1.1627 | Aguardando fechamento da vela... (candles ok: 177)
[COLETOR] Ticks:   4,662 | 1.16266 @ 2026-09-03T20:48:14
[BOT] 1.1627 | Aguardando fechamento da vela... (candles ok: 177)
[COLETOR] Ticks:   4,663 | 1.16266 @ 2026-09-03T20:48:15
[COLETOR] Ticks:   4,664 | 1.16266 @ 2026-09-03T20:48:16
[BOT] 1.1627 | Aguardando fechamento da vela... (candles ok: 177)
[COLETOR] Ticks:   4,665 | 1.16266 @ 2026-09-03T20:48:17
[BOT] 1.1627 | Aguardando fechamento da vela... (candles ok: 177)
[BOT] 1.1627 | Aguardando fechamento da vela... (candles ok: 177)
[COLETOR] Ticks:   4,666 | 1.16266 @ 2026-09-03T20:48:18
[COLETOR] Ticks:   4,667 | 1.16266 @ 2026-09-03T20:48:19
[BOT] 1.1627 | Aguardando fechamento da vela... (candles ok: 177)
[COLETOR] Ticks:   4,668 | 1.16265 @ 2026-09-03T20:48:20
[BOT] 1.1626 | Aguardando fechamento da vela... (candles ok: 177)
[BOT] 1.1626 | Aguardando fechamento da vela... (candles ok: 177)
[COLETOR] Ticks:   4,669 | 1.16265 @ 2026-09-03T20:48:21
[BOT] 1.1626 | Aguardando fechamento da vela... (candles ok: 177)
[COLETOR] Ticks:   4,670 | 1.16265 @ 2026-09-03T20:48:22
[COLETOR] Ticks:   4,671 | 1.16265 @ 2026-09-03T20:48:23
[BOT] 1.1626 | Aguardando fechamento da vela... (candles ok: 177)
[BOT] 1.1626 | Aguardando fechamento da vela... (candles ok: 177)
[COLETOR] Ticks:   4,672 | 1.16265 @ 2026-09-03T20:48:24
[BOT] 1.1626 | Aguardando fechamento da vela... (candles ok: 177)
[COLETOR] Ticks:   4,673 | 1.16265 @ 2026-09-03T20:48:25
[BOT] 1.1626 | Aguardando fechamento da vela... (candles ok: 177)
[COLETOR] Ticks:   4,674 | 1.16264 @ 2026-09-03T20:48:26
[BOT] 1.1626 | Aguardando fechamento da vela... (candles ok: 177)
[COLETOR] Ticks:   4,675 | 1.16265 @ 2026-09-03T20:48:27
[BOT] 1.1626 | Aguardando fechamento da vela... (candles ok: 177)
[COLETOR] Ticks:   4,676 | 1.16265 @ 2026-09-03T20:48:28
[COLETOR] Ticks:   4,677 | 1.16265 @ 2026-09-03T20:48:29
[BOT] 1.1626 | Aguardando fechamento da vela... (candles ok: 177)
[BOT] 1.1626 | Aguardando fechamento da vela... (candles ok: 177)
[COLETOR] Ticks:   4,678 | 1.16265 @ 2026-09-03T20:48:30
[BOT] 1.1626 | Aguardando fechamento da vela... (candles ok: 177)
[COLETOR] Ticks:   4,679 | 1.16265 @ 2026-09-03T20:48:31
[BOT] 1.1627 | Aguardando fechamento da vela... (candles ok: 177)
[COLETOR] Ticks:   4,680 | 1.16266 @ 2026-09-03T20:48:32
[COLETOR] Ticks:   4,681 | 1.16265 @ 2026-09-03T20:48:33
[BOT] 1.1626 | Aguardando fechamento da vela... (candles ok: 177)
[COLETOR] Ticks:   4,682 | 1.16265 @ 2026-09-03T20:48:34
[BOT] 1.1626 | Aguardando fechamento da vela... (candles ok: 177)
[BOT] 1.1626 | Aguardando fechamento da vela... (candles ok: 177)
[COLETOR] Ticks:   4,683 | 1.16265 @ 2026-09-03T20:48:35
[COLETOR] Ticks:   4,684 | 1.16265 @ 2026-09-03T20:48:36
[BOT] 1.1626 | Aguardando fechamento da vela... (candles ok: 177)
[BOT] 1.1626 | Aguardando fechamento da vela... (candles ok: 177)
[COLETOR] Ticks:   4,685 | 1.16265 @ 2026-09-03T20:48:37
[BOT] 1.1626 | Aguardando fechamento da vela... (candles ok: 177)
[COLETOR] Ticks:   4,686 | 1.16265 @ 2026-09-03T20:48:38
[COLETOR] Ticks:   4,687 | 1.16265 @ 2026-09-03T20:48:39
[BOT] 1.1626 | Aguardando fechamento da vela... (candles ok: 177)
[BOT] 1.1626 | Aguardando fechamento da vela... (candles ok: 177)
[COLETOR] Ticks:   4,688 | 1.16265 @ 2026-09-03T20:48:40
[COLETOR] Ticks:   4,689 | 1.16265 @ 2026-09-03T20:48:41
[BOT] 1.1626 | Aguardando fechamento da vela... (candles ok: 177)
[COLETOR] Ticks:   4,690 | 1.16265 @ 2026-09-03T20:48:42
[BOT] 1.1626 | Aguardando fechamento da vela... (candles ok: 177)
[COLETOR] Ticks:   4,691 | 1.16265 @ 2026-09-03T20:48:43
[BOT] 1.1626 | Aguardando fechamento da vela... (candles ok: 177)
[BOT] 1.1626 | Aguardando fechamento da vela... (candles ok: 177)
[COLETOR] Ticks:   4,692 | 1.16265 @ 2026-09-03T20:48:44
[COLETOR] Ticks:   4,693 | 1.16265 @ 2026-09-03T20:48:45
[BOT] 1.1626 | Aguardando fechamento da vela... (candles ok: 177)
[BOT] 1.1626 | Aguardando fechamento da vela... (candles ok: 177)
[COLETOR] Ticks:   4,694 | 1.16265 @ 2026-09-03T20:48:46
[COLETOR] Ticks:   4,695 | 1.16265 @ 2026-09-03T20:48:47
[BOT] 1.1626 | Aguardando fechamento da vela... (candles ok: 177)
[BOT] 1.1626 | Aguardando fechamento da vela... (candles ok: 177)
[COLETOR] Ticks:   4,696 | 1.16265 @ 2026-09-03T20:48:48
[COLETOR] Ticks:   4,697 | 1.16265 @ 2026-09-03T20:48:49
[BOT] 1.1626 | Aguardando fechamento da vela... (candles ok: 177)
[COLETOR] Ticks:   4,698 | 1.16265 @ 2026-09-03T20:48:50
[BOT] 1.1626 | Aguardando fechamento da vela... (candles ok: 177)
[COLETOR] Ticks:   4,699 | 1.16265 @ 2026-09-03T20:48:51
[BOT] 1.1626 | Aguardando fechamento da vela... (candles ok: 177)
[BOT] 1.1626 | Aguardando fechamento da vela... (candles ok: 177)
[COLETOR] Ticks:   4,700 | 1.16265 @ 2026-09-03T20:48:52
[BOT] 1.1626 | Aguardando fechamento da vela... (candles ok: 177)
[COLETOR] Ticks:   4,701 | 1.16265 @ 2026-09-03T20:48:53
[COLETOR] Ticks:   4,702 | 1.16265 @ 2026-09-03T20:48:54
[BOT] 1.1626 | Aguardando fechamento da vela... (candles ok: 177)
[BOT] 1.1626 | Aguardando fechamento da vela... (candles ok: 177)
[COLETOR] Ticks:   4,703 | 1.16265 @ 2026-09-03T20:48:55
[BOT] 1.1626 | Aguardando fechamento da vela... (candles ok: 177)
[COLETOR] Ticks:   4,704 | 1.16265 @ 2026-09-03T20:48:56
[BOT] 1.1626 | Aguardando fechamento da vela... (candles ok: 177)
[COLETOR] Ticks:   4,705 | 1.16265 @ 2026-09-03T20:48:57
[BOT] 1.1626 | Aguardando fechamento da vela... (candles ok: 177)
[COLETOR] Ticks:   4,706 | 1.16265 @ 2026-09-03T20:48:58
[COLETOR] Ticks:   4,707 | 1.16265 @ 2026-09-03T20:48:59
[BOT] 1.1626 | Aguardando fechamento da vela... (candles ok: 177)
[TICK] 1.1626 | EMA9:1.1626 EMA21:1.1626 | RSI:56.2 ADX:22.6 MACD_H:-0.00000
[COLETOR] Ticks:   4,708 | 1.16265 @ 2026-09-03T20:49:00
[BOT] 1.1626 | Aguardando fechamento da vela... (candles ok: 178)
[COLETOR] Ticks:   4,709 | 1.16265 @ 2026-09-03T20:49:01
[BOT] 1.1627 | Aguardando fechamento da vela... (candles ok: 178)
[COLETOR] Ticks:   4,710 | 1.16266 @ 2026-09-03T20:49:02
[BOT] 1.1627 | Aguardando fechamento da vela... (candles ok: 178)
[COLETOR] Ticks:   4,711 | 1.16267 @ 2026-09-03T20:49:03
[BOT] 1.1627 | Aguardando fechamento da vela... (candles ok: 178)
[COLETOR] Ticks:   4,712 | 1.16267 @ 2026-09-03T20:49:04
[COLETOR] Ticks:   4,713 | 1.16267 @ 2026-09-03T20:49:05
[BOT] 1.1627 | Aguardando fechamento da vela... (candles ok: 178)
[BOT] 1.1627 | Aguardando fechamento da vela... (candles ok: 178)
[COLETOR] Ticks:   4,714 | 1.16267 @ 2026-09-03T20:49:06
[BOT] 1.1627 | Aguardando fechamento da vela... (candles ok: 178)
[COLETOR] Ticks:   4,715 | 1.16267 @ 2026-09-03T20:49:07
[BOT] 1.1627 | Aguardando fechamento da vela... (candles ok: 178)
[COLETOR] Ticks:   4,716 | 1.16267 @ 2026-09-03T20:49:08
[BOT] 1.1627 | Aguardando fechamento da vela... (candles ok: 178)
[COLETOR] Ticks:   4,717 | 1.16267 @ 2026-09-03T20:49:09
[BOT] 1.1627 | Aguardando fechamento da vela... (candles ok: 178)
[COLETOR] Ticks:   4,718 | 1.16267 @ 2026-09-03T20:49:10
[BOT] 1.1627 | Aguardando fechamento da vela... (candles ok: 178)
[COLETOR] Ticks:   4,719 | 1.16267 @ 2026-09-03T20:49:11
[COLETOR] Ticks:   4,720 | 1.16268 @ 2026-09-03T20:49:12
[BOT] 1.1627 | Aguardando fechamento da vela... (candles ok: 178)
[BOT] 1.1627 | Aguardando fechamento da vela... (candles ok: 178)
[COLETOR] Ticks:   4,721 | 1.16269 @ 2026-09-03T20:49:13
[BOT] 1.1627 | Aguardando fechamento da vela... (candles ok: 178)
[COLETOR] Ticks:   4,722 | 1.16272 @ 2026-09-03T20:49:14
[BOT] 1.1627 | Aguardando fechamento da vela... (candles ok: 178)
[COLETOR] Ticks:   4,723 | 1.16272 @ 2026-09-03T20:49:15
[BOT] 1.1627 | Aguardando fechamento da vela... (candles ok: 178)
[COLETOR] Ticks:   4,724 | 1.16272 @ 2026-09-03T20:49:16
[COLETOR] Ticks:   4,725 | 1.16272 @ 2026-09-03T20:49:17
[BOT] 1.1627 | Aguardando fechamento da vela... (candles ok: 178)
[BOT] 1.1627 | Aguardando fechamento da vela... (candles ok: 178)
[COLETOR] Ticks:   4,726 | 1.16272 @ 2026-09-03T20:49:18
[COLETOR] Ticks:   4,727 | 1.16271 @ 2026-09-03T20:49:19
[BOT] 1.1627 | Aguardando fechamento da vela... (candles ok: 178)
[BOT] 1.1627 | Aguardando fechamento da vela... (candles ok: 178)
[COLETOR] Ticks:   4,728 | 1.16272 @ 2026-09-03T20:49:20
[BOT] 1.1627 | Aguardando fechamento da vela... (candles ok: 178)
[COLETOR] Ticks:   4,729 | 1.16272 @ 2026-09-03T20:49:21
[BOT] 1.1627 | Aguardando fechamento da vela... (candles ok: 178)
[COLETOR] Ticks:   4,730 | 1.16272 @ 2026-09-03T20:49:22
[BOT] 1.1627 | Aguardando fechamento da vela... (candles ok: 178)
[COLETOR] Ticks:   4,731 | 1.16272 @ 2026-09-03T20:49:23
[BOT] 1.1627 | Aguardando fechamento da vela... (candles ok: 178)
[COLETOR] Ticks:   4,732 | 1.16271 @ 2026-09-03T20:49:24
[BOT] 1.1627 | Aguardando fechamento da vela... (candles ok: 178)
[COLETOR] Ticks:   4,733 | 1.16271 @ 2026-09-03T20:49:25
[BOT] 1.1627 | Aguardando fechamento da vela... (candles ok: 178)
[COLETOR] Ticks:   4,734 | 1.16271 @ 2026-09-03T20:49:26
[COLETOR] Ticks:   4,735 | 1.16271 @ 2026-09-03T20:49:27
[BOT] 1.1627 | Aguardando fechamento da vela... (candles ok: 178)
[BOT] 1.1627 | Aguardando fechamento da vela... (candles ok: 178)
[COLETOR] Ticks:   4,736 | 1.16271 @ 2026-09-03T20:49:28
[BOT] 1.1627 | Aguardando fechamento da vela... (candles ok: 178)
[COLETOR] Ticks:   4,737 | 1.16272 @ 2026-09-03T20:49:29
[BOT] 1.1627 | Aguardando fechamento da vela... (candles ok: 178)
[COLETOR] Ticks:   4,738 | 1.16271 @ 2026-09-03T20:49:30
[BOT] 1.1627 | Aguardando fechamento da vela... (candles ok: 178)
[COLETOR] Ticks:   4,739 | 1.16271 @ 2026-09-03T20:49:31
[BOT] 1.1627 | Aguardando fechamento da vela... (candles ok: 178)
[COLETOR] Ticks:   4,740 | 1.16272 @ 2026-09-03T20:49:32
[BOT] 1.1627 | Aguardando fechamento da vela... (candles ok: 178)
[COLETOR] Ticks:   4,741 | 1.16271 @ 2026-09-03T20:49:33
[BOT] 1.1627 | Aguardando fechamento da vela... (candles ok: 178)
[COLETOR] Ticks:   4,742 | 1.16272 @ 2026-09-03T20:49:34
[BOT] 1.1627 | Aguardando fechamento da vela... (candles ok: 178)
[COLETOR] Ticks:   4,743 | 1.16272 @ 2026-09-03T20:49:35
[BOT] 1.1627 | Aguardando fechamento da vela... (candles ok: 178)
[COLETOR] Ticks:   4,744 | 1.16272 @ 2026-09-03T20:49:36
[BOT] 1.1627 | Aguardando fechamento da vela... (candles ok: 178)
[COLETOR] Ticks:   4,745 | 1.16272 @ 2026-09-03T20:49:37
[BOT] 1.1627 | Aguardando fechamento da vela... (candles ok: 178)
[COLETOR] Ticks:   4,746 | 1.16272 @ 2026-09-03T20:49:38
[COLETOR] Ticks:   4,747 | 1.16272 @ 2026-09-03T20:49:39
[BOT] 1.1627 | Aguardando fechamento da vela... (candles ok: 178)
[BOT] 1.1627 | Aguardando fechamento da vela... (candles ok: 178)
[COLETOR] Ticks:   4,748 | 1.16272 @ 2026-09-03T20:49:40
[BOT] 1.1627 | Aguardando fechamento da vela... (candles ok: 178)
[COLETOR] Ticks:   4,749 | 1.16272 @ 2026-09-03T20:49:41
[BOT] 1.1627 | Aguardando fechamento da vela... (candles ok: 178)
[COLETOR] Ticks:   4,750 | 1.16273 @ 2026-09-03T20:49:42
[BOT] 1.1627 | Aguardando fechamento da vela... (candles ok: 178)
[COLETOR] Ticks:   4,751 | 1.16274 @ 2026-09-03T20:49:43
[BOT] 1.1627 | Aguardando fechamento da vela... (candles ok: 178)
[COLETOR] Ticks:   4,752 | 1.16274 @ 2026-09-03T20:49:44
[BOT] 1.1627 | Aguardando fechamento da vela... (candles ok: 178)
[COLETOR] Ticks:   4,753 | 1.16273 @ 2026-09-03T20:49:45
[COLETOR] Ticks:   4,754 | 1.16273 @ 2026-09-03T20:49:46
[BOT] 1.1627 | Aguardando fechamento da vela... (candles ok: 178)
[COLETOR] Ticks:   4,755 | 1.16273 @ 2026-09-03T20:49:47
[BOT] 1.1627 | Aguardando fechamento da vela... (candles ok: 178)
[BOT] 1.1627 | Aguardando fechamento da vela... (candles ok: 178)
[COLETOR] Ticks:   4,756 | 1.16274 @ 2026-09-03T20:49:48
[COLETOR] Ticks:   4,757 | 1.16276 @ 2026-09-03T20:49:49
[BOT] 1.1628 | Aguardando fechamento da vela... (candles ok: 178)
[BOT] 1.1628 | Aguardando fechamento da vela... (candles ok: 178)
[COLETOR] Ticks:   4,758 | 1.16277 @ 2026-09-03T20:49:50
[COLETOR] Ticks:   4,759 | 1.16276 @ 2026-09-03T20:49:51
[BOT] 1.1628 | Aguardando fechamento da vela... (candles ok: 178)
[BOT] 1.1628 | Aguardando fechamento da vela... (candles ok: 178)
[COLETOR] Ticks:   4,760 | 1.16276 @ 2026-09-03T20:49:52
[COLETOR] Ticks:   4,761 | 1.16276 @ 2026-09-03T20:49:53
[BOT] 1.1628 | Aguardando fechamento da vela... (candles ok: 178)
[BOT] 1.1627 | Aguardando fechamento da vela... (candles ok: 178)
[COLETOR] Ticks:   4,762 | 1.16274 @ 2026-09-03T20:49:54
[BOT] 1.1627 | Aguardando fechamento da vela... (candles ok: 178)
[COLETOR] Ticks:   4,763 | 1.16274 @ 2026-09-03T20:49:55
[BOT] 1.1627 | Aguardando fechamento da vela... (candles ok: 178)
[COLETOR] Ticks:   4,764 | 1.16273 @ 2026-09-03T20:49:56
[BOT] 1.1627 | Aguardando fechamento da vela... (candles ok: 178)
[COLETOR] Ticks:   4,765 | 1.16273 @ 2026-09-03T20:49:57
[BOT] 1.1627 | Aguardando fechamento da vela... (candles ok: 178)
[COLETOR] Ticks:   4,766 | 1.16273 @ 2026-09-03T20:49:58
[BOT] 1.1627 | Aguardando fechamento da vela... (candles ok: 178)
[COLETOR] Ticks:   4,767 | 1.16273 @ 2026-09-03T20:49:59
[TICK] 1.1627 | EMA9:1.1626 EMA21:1.1626 | RSI:62.5 ADX:22.2 MACD_H:+0.00000
[COLETOR] Ticks:   4,768 | 1.16273 @ 2026-09-03T20:50:00
[BOT] 1.1627 | Aguardando fechamento da vela... (candles ok: 179)
[COLETOR] Ticks:   4,769 | 1.16274 @ 2026-09-03T20:50:01
[BOT] 1.1627 | Aguardando fechamento da vela... (candles ok: 179)
[COLETOR] Ticks:   4,770 | 1.16275 @ 2026-09-03T20:50:02
[BOT] 1.1628 | Aguardando fechamento da vela... (candles ok: 179)
[COLETOR] Ticks:   4,771 | 1.16276 @ 2026-09-03T20:50:03
[BOT] 1.1628 | Aguardando fechamento da vela... (candles ok: 179)
[COLETOR] Ticks:   4,772 | 1.16276 @ 2026-09-03T20:50:04
[BOT] 1.1627 | Aguardando fechamento da vela... (candles ok: 179)
[COLETOR] Ticks:   4,773 | 1.16275 @ 2026-09-03T20:50:05
[BOT] 1.1628 | Aguardando fechamento da vela... (candles ok: 179)
[COLETOR] Ticks:   4,774 | 1.16276 @ 2026-09-03T20:50:06
[BOT] 1.1628 | Aguardando fechamento da vela... (candles ok: 179)
[COLETOR] Ticks:   4,775 | 1.16276 @ 2026-09-03T20:50:07
[BOT] 1.1628 | Aguardando fechamento da vela... (candles ok: 179)
[COLETOR] Ticks:   4,776 | 1.16276 @ 2026-09-03T20:50:08
[BOT] 1.1627 | Aguardando fechamento da vela... (candles ok: 179)
[COLETOR] Ticks:   4,777 | 1.16274 @ 2026-09-03T20:50:09
[BOT] 1.1627 | Aguardando fechamento da vela... (candles ok: 179)
[COLETOR] Ticks:   4,778 | 1.16275 @ 2026-09-03T20:50:10
[BOT] 1.1627 | Aguardando fechamento da vela... (candles ok: 179)
[COLETOR] Ticks:   4,779 | 1.16275 @ 2026-09-03T20:50:11
[COLETOR] Ticks:   4,780 | 1.16275 @ 2026-09-03T20:50:12
[BOT] 1.1627 | Aguardando fechamento da vela... (candles ok: 179)
[BOT] 1.1627 | Aguardando fechamento da vela... (candles ok: 179)
[COLETOR] Ticks:   4,781 | 1.16275 @ 2026-09-03T20:50:13
[BOT] 1.1628 | Aguardando fechamento da vela... (candles ok: 179)
[COLETOR] Ticks:   4,782 | 1.16276 @ 2026-09-03T20:50:14
[COLETOR] Ticks:   4,783 | 1.16276 @ 2026-09-03T20:50:15
[BOT] 1.1628 | Aguardando fechamento da vela... (candles ok: 179)
[BOT] 1.1628 | Aguardando fechamento da vela... (candles ok: 179)
[COLETOR] Ticks:   4,784 | 1.16277 @ 2026-09-03T20:50:16
[COLETOR] Ticks:   4,785 | 1.16277 @ 2026-09-03T20:50:17
[BOT] 1.1628 | Aguardando fechamento da vela... (candles ok: 179)
[BOT] 1.1628 | Aguardando fechamento da vela... (candles ok: 179)
[COLETOR] Ticks:   4,786 | 1.16277 @ 2026-09-03T20:50:18
[COLETOR] Ticks:   4,787 | 1.16277 @ 2026-09-03T20:50:19
[BOT] 1.1628 | Aguardando fechamento da vela... (candles ok: 179)
[BOT] 1.1628 | Aguardando fechamento da vela... (candles ok: 179)
[COLETOR] Ticks:   4,788 | 1.16277 @ 2026-09-03T20:50:20
[BOT] 1.1628 | Aguardando fechamento da vela... (candles ok: 179)
[COLETOR] Ticks:   4,789 | 1.16277 @ 2026-09-03T20:50:21
[BOT] 1.1628 | Aguardando fechamento da vela... (candles ok: 179)
[COLETOR] Ticks:   4,790 | 1.16277 @ 2026-09-03T20:50:22
[BOT] 1.1628 | Aguardando fechamento da vela... (candles ok: 179)
[COLETOR] Ticks:   4,791 | 1.16277 @ 2026-09-03T20:50:23
[BOT] 1.1628 | Aguardando fechamento da vela... (candles ok: 179)
[COLETOR] Ticks:   4,792 | 1.16277 @ 2026-09-03T20:50:24
[COLETOR] Ticks:   4,793 | 1.16277 @ 2026-09-03T20:50:25
[BOT] 1.1628 | Aguardando fechamento da vela... (candles ok: 179)
[BOT] 1.1628 | Aguardando fechamento da vela... (candles ok: 179)
[COLETOR] Ticks:   4,794 | 1.16277 @ 2026-09-03T20:50:26
[COLETOR] Ticks:   4,795 | 1.1628 @ 2026-09-03T20:50:27
[BOT] 1.1628 | Aguardando fechamento da vela... (candles ok: 179)
[BOT] 1.1628 | Aguardando fechamento da vela... (candles ok: 179)
[COLETOR] Ticks:   4,796 | 1.16281 @ 2026-09-03T20:50:28
[BOT] 1.1628 | Aguardando fechamento da vela... (candles ok: 179)
[COLETOR] Ticks:   4,797 | 1.1628 @ 2026-09-03T20:50:29
[BOT] 1.1628 | Aguardando fechamento da vela... (candles ok: 179)
[COLETOR] Ticks:   4,798 | 1.1628 @ 2026-09-03T20:50:30
[BOT] 1.1628 | Aguardando fechamento da vela... (candles ok: 179)
[COLETOR] Ticks:   4,799 | 1.1628 @ 2026-09-03T20:50:31
[BOT] 1.1628 | Aguardando fechamento da vela... (candles ok: 179)
[COLETOR] Ticks:   4,800 | 1.1628 @ 2026-09-03T20:50:32
[BOT] 1.1628 | Aguardando fechamento da vela... (candles ok: 179)
[COLETOR] Ticks:   4,801 | 1.16281 @ 2026-09-03T20:50:33
[BOT] 1.1628 | Aguardando fechamento da vela... (candles ok: 179)
[COLETOR] Ticks:   4,802 | 1.1628 @ 2026-09-03T20:50:34
[BOT] 1.1628 | Aguardando fechamento da vela... (candles ok: 179)
[COLETOR] Ticks:   4,803 | 1.1628 @ 2026-09-03T20:50:35
[BOT] 1.1628 | Aguardando fechamento da vela... (candles ok: 179)
[COLETOR] Ticks:   4,804 | 1.1628 @ 2026-09-03T20:50:36
[COLETOR] Ticks:   4,805 | 1.1628 @ 2026-09-03T20:50:37
[BOT] 1.1628 | Aguardando fechamento da vela... (candles ok: 179)
[BOT] 1.1628 | Aguardando fechamento da vela... (candles ok: 179)
[COLETOR] Ticks:   4,806 | 1.1628 @ 2026-09-03T20:50:38
[BOT] 1.1628 | Aguardando fechamento da vela... (candles ok: 179)
[COLETOR] Ticks:   4,807 | 1.1628 @ 2026-09-03T20:50:39
[BOT] 1.1628 | Aguardando fechamento da vela... (candles ok: 179)
[COLETOR] Ticks:   4,808 | 1.16281 @ 2026-09-03T20:50:40
[COLETOR] Ticks:   4,809 | 1.1628 @ 2026-09-03T20:50:41
[BOT] 1.1628 | Aguardando fechamento da vela... (candles ok: 179)
[COLETOR] Ticks:   4,810 | 1.1628 @ 2026-09-03T20:50:42
[BOT] 1.1628 | Aguardando fechamento da vela... (candles ok: 179)
[COLETOR] Ticks:   4,811 | 1.1628 @ 2026-09-03T20:50:43
[BOT] 1.1628 | Aguardando fechamento da vela... (candles ok: 179)
[BOT] 1.1628 | Aguardando fechamento da vela... (candles ok: 179)
[COLETOR] Ticks:   4,812 | 1.1628 @ 2026-09-03T20:50:44
[BOT] 1.1628 | Aguardando fechamento da vela... (candles ok: 179)
[COLETOR] Ticks:   4,813 | 1.1628 @ 2026-09-03T20:50:45
[COLETOR] Ticks:   4,814 | 1.1628 @ 2026-09-03T20:50:46
[BOT] 1.1628 | Aguardando fechamento da vela... (candles ok: 179)
[COLETOR] Ticks:   4,815 | 1.1628 @ 2026-09-03T20:50:47
[BOT] 1.1628 | Aguardando fechamento da vela... (candles ok: 179)
[BOT] 1.1628 | Aguardando fechamento da vela... (candles ok: 179)
[COLETOR] Ticks:   4,816 | 1.16281 @ 2026-09-03T20:50:48
[BOT] 1.1628 | Aguardando fechamento da vela... (candles ok: 179)
[COLETOR] Ticks:   4,817 | 1.16282 @ 2026-09-03T20:50:49
[BOT] 1.1628 | Aguardando fechamento da vela... (candles ok: 179)
[COLETOR] Ticks:   4,818 | 1.16282 @ 2026-09-03T20:50:50
[COLETOR] Ticks:   4,819 | 1.16281 @ 2026-09-03T20:50:51
[BOT] 1.1628 | Aguardando fechamento da vela... (candles ok: 179)
[BOT] 1.1628 | Aguardando fechamento da vela... (candles ok: 179)
[COLETOR] Ticks:   4,820 | 1.16281 @ 2026-09-03T20:50:52
[BOT] 1.1628 | Aguardando fechamento da vela... (candles ok: 179)
[COLETOR] Ticks:   4,821 | 1.16281 @ 2026-09-03T20:50:53
[BOT] 1.1628 | Aguardando fechamento da vela... (candles ok: 179)
[COLETOR] Ticks:   4,822 | 1.16281 @ 2026-09-03T20:50:54
[COLETOR] Ticks:   4,823 | 1.16281 @ 2026-09-03T20:50:55
[BOT] 1.1628 | Aguardando fechamento da vela... (candles ok: 179)
[BOT] 1.1628 | Aguardando fechamento da vela... (candles ok: 179)
[COLETOR] Ticks:   4,824 | 1.16281 @ 2026-09-03T20:50:56
[BOT] 1.1628 | Aguardando fechamento da vela... (candles ok: 179)
[COLETOR] Ticks:   4,825 | 1.16281 @ 2026-09-03T20:50:57
[COLETOR] Ticks:   4,826 | 1.16281 @ 2026-09-03T20:50:58
[BOT] 1.1628 | Aguardando fechamento da vela... (candles ok: 179)
[BOT] 1.1628 | Aguardando fechamento da vela... (candles ok: 179)
[COLETOR] Ticks:   4,827 | 1.16281 @ 2026-09-03T20:50:59
[VELA] ━━━━━━━━━━━━━━━━━━━━━━━━━━━━━━━━
  🟢 Three White Soldiers (força: 0.72)
  Preço: 1.1628 | Contexto: Supply Zone + Resistência próxima + FVG Bearish
  Ação sugerida: BUY favorecido
[VELA] ━━━━━━━━━━━━━━━━━━━━━━━━━━━━━━━━
[TICK] 1.1628 | EMA9:1.1627 EMA21:1.1626 | RSI:67.5 ADX:23.0 MACD_H:+0.00001
[COLETOR] Ticks:   4,828 | 1.16281 @ 2026-09-03T20:51:00
[COLETOR] Ticks:   4,829 | 1.16281 @ 2026-09-03T20:51:01
[BOT] 1.1628 | Aguardando fechamento da vela... (candles ok: 180)
[BOT] 1.1628 | Aguardando fechamento da vela... (candles ok: 180)
[COLETOR] Ticks:   4,830 | 1.16281 @ 2026-09-03T20:51:02
[BOT] 1.1628 | Aguardando fechamento da vela... (candles ok: 180)
[COLETOR] Ticks:   4,831 | 1.16281 @ 2026-09-03T20:51:03
[COLETOR] Ticks:   4,832 | 1.16281 @ 2026-09-03T20:51:04
[BOT] 1.1628 | Aguardando fechamento da vela... (candles ok: 180)
[BOT] 1.1628 | Aguardando fechamento da vela... (candles ok: 180)
[COLETOR] Ticks:   4,833 | 1.16281 @ 2026-09-03T20:51:05
[BOT] 1.1628 | Aguardando fechamento da vela... (candles ok: 180)
[COLETOR] Ticks:   4,834 | 1.16281 @ 2026-09-03T20:51:06
[BOT] 1.1628 | Aguardando fechamento da vela... (candles ok: 180)
[COLETOR] Ticks:   4,835 | 1.16281 @ 2026-09-03T20:51:07
[BOT] 1.1628 | Aguardando fechamento da vela... (candles ok: 180)
[COLETOR] Ticks:   4,836 | 1.16281 @ 2026-09-03T20:51:08
[BOT] 1.1628 | Aguardando fechamento da vela... (candles ok: 180)
[COLETOR] Ticks:   4,837 | 1.16281 @ 2026-09-03T20:51:09
[BOT] 1.1628 | Aguardando fechamento da vela... (candles ok: 180)
[COLETOR] Ticks:   4,838 | 1.1628 @ 2026-09-03T20:51:10
[BOT] 1.1628 | Aguardando fechamento da vela... (candles ok: 180)
[COLETOR] Ticks:   4,839 | 1.1628 @ 2026-09-03T20:51:11
[COLETOR] Ticks:   4,840 | 1.1628 @ 2026-09-03T20:51:12
[BOT] 1.1628 | Aguardando fechamento da vela... (candles ok: 180)
[BOT] 1.1628 | Aguardando fechamento da vela... (candles ok: 180)
[COLETOR] Ticks:   4,841 | 1.1628 @ 2026-09-03T20:51:13
[BOT] 1.1628 | Aguardando fechamento da vela... (candles ok: 180)
[COLETOR] Ticks:   4,842 | 1.1628 @ 2026-09-03T20:51:14
[BOT] 1.1628 | Aguardando fechamento da vela... (candles ok: 180)
[COLETOR] Ticks:   4,843 | 1.16281 @ 2026-09-03T20:51:15
[BOT] 1.1628 | Aguardando fechamento da vela... (candles ok: 180)
[COLETOR] Ticks:   4,844 | 1.16281 @ 2026-09-03T20:51:16
[BOT] 1.1628 | Aguardando fechamento da vela... (candles ok: 180)
[COLETOR] Ticks:   4,845 | 1.16281 @ 2026-09-03T20:51:17
[BOT] 1.1628 | Aguardando fechamento da vela... (candles ok: 180)
[COLETOR] Ticks:   4,846 | 1.16281 @ 2026-09-03T20:51:18
[BOT] 1.1628 | Aguardando fechamento da vela... (candles ok: 180)
[COLETOR] Ticks:   4,847 | 1.16281 @ 2026-09-03T20:51:19
[COLETOR] Ticks:   4,848 | 1.16281 @ 2026-09-03T20:51:20
[BOT] 1.1628 | Aguardando fechamento da vela... (candles ok: 180)
[COLETOR] Ticks:   4,849 | 1.16281 @ 2026-09-03T20:51:21
[BOT] 1.1628 | Aguardando fechamento da vela... (candles ok: 180)
[BOT] 1.1628 | Aguardando fechamento da vela... (candles ok: 180)
[COLETOR] Ticks:   4,850 | 1.16281 @ 2026-09-03T20:51:22
[BOT] 1.1628 | Aguardando fechamento da vela... (candles ok: 180)
[COLETOR] Ticks:   4,851 | 1.16281 @ 2026-09-03T20:51:23
[COLETOR] Ticks:   4,852 | 1.16281 @ 2026-09-03T20:51:24
[BOT] 1.1628 | Aguardando fechamento da vela... (candles ok: 180)
[BOT] 1.1628 | Aguardando fechamento da vela... (candles ok: 180)
[COLETOR] Ticks:   4,853 | 1.16281 @ 2026-09-03T20:51:25
[BOT] 1.1628 | Aguardando fechamento da vela... (candles ok: 180)
[COLETOR] Ticks:   4,854 | 1.16281 @ 2026-09-03T20:51:26
[BOT] 1.1628 | Aguardando fechamento da vela... (candles ok: 180)
[COLETOR] Ticks:   4,855 | 1.16281 @ 2026-09-03T20:51:27
[BOT] 1.1628 | Aguardando fechamento da vela... (candles ok: 180)
[COLETOR] Ticks:   4,856 | 1.1628 @ 2026-09-03T20:51:28
[BOT] 1.1628 | Aguardando fechamento da vela... (candles ok: 180)
[COLETOR] Ticks:   4,857 | 1.1628 @ 2026-09-03T20:51:29
[BOT] 1.1628 | Aguardando fechamento da vela... (candles ok: 180)
[COLETOR] Ticks:   4,858 | 1.16281 @ 2026-09-03T20:51:30
[COLETOR] Ticks:   4,859 | 1.16281 @ 2026-09-03T20:51:31
[BOT] 1.1628 | Aguardando fechamento da vela... (candles ok: 180)
[BOT] 1.1628 | Aguardando fechamento da vela... (candles ok: 180)
[COLETOR] Ticks:   4,860 | 1.16282 @ 2026-09-03T20:51:32
[COLETOR] Ticks:   4,861 | 1.16282 @ 2026-09-03T20:51:33
[BOT] 1.1628 | Aguardando fechamento da vela... (candles ok: 180)
[BOT] 1.1628 | Aguardando fechamento da vela... (candles ok: 180)
[COLETOR] Ticks:   4,862 | 1.16282 @ 2026-09-03T20:51:34
[COLETOR] Ticks:   4,863 | 1.16282 @ 2026-09-03T20:51:35
[BOT] 1.1628 | Aguardando fechamento da vela... (candles ok: 180)
[BOT] 1.1628 | Aguardando fechamento da vela... (candles ok: 180)
[COLETOR] Ticks:   4,864 | 1.16282 @ 2026-09-03T20:51:36
[BOT] 1.1628 | Aguardando fechamento da vela... (candles ok: 180)
[COLETOR] Ticks:   4,865 | 1.16282 @ 2026-09-03T20:51:37
[BOT] 1.1628 | Aguardando fechamento da vela... (candles ok: 180)
[COLETOR] Ticks:   4,866 | 1.16282 @ 2026-09-03T20:51:38
[BOT] 1.1628 | Aguardando fechamento da vela... (candles ok: 180)
[COLETOR] Ticks:   4,867 | 1.16282 @ 2026-09-03T20:51:39
[BOT] 1.1628 | Aguardando fechamento da vela... (candles ok: 180)
[COLETOR] Ticks:   4,868 | 1.16282 @ 2026-09-03T20:51:40
[COLETOR] Ticks:   4,869 | 1.16281 @ 2026-09-03T20:51:41
[BOT] 1.1628 | Aguardando fechamento da vela... (candles ok: 180)
[COLETOR] Ticks:   4,870 | 1.16281 @ 2026-09-03T20:51:42
[BOT] 1.1628 | Aguardando fechamento da vela... (candles ok: 180)
[BOT] 1.1628 | Aguardando fechamento da vela... (candles ok: 180)
[COLETOR] Ticks:   4,871 | 1.16281 @ 2026-09-03T20:51:43
[BOT] 1.1628 | Aguardando fechamento da vela... (candles ok: 180)
[COLETOR] Ticks:   4,872 | 1.16281 @ 2026-09-03T20:51:44
[BOT] 1.1628 | Aguardando fechamento da vela... (candles ok: 180)
[COLETOR] Ticks:   4,873 | 1.16281 @ 2026-09-03T20:51:45
[BOT] 1.1628 | Aguardando fechamento da vela... (candles ok: 180)
[COLETOR] Ticks:   4,874 | 1.16281 @ 2026-09-03T20:51:46
[BOT] 1.1628 | Aguardando fechamento da vela... (candles ok: 180)
[COLETOR] Ticks:   4,875 | 1.16281 @ 2026-09-03T20:51:47
[COLETOR] Ticks:   4,876 | 1.16281 @ 2026-09-03T20:51:48
[BOT] 1.1628 | Aguardando fechamento da vela... (candles ok: 180)
[BOT] 1.1628 | Aguardando fechamento da vela... (candles ok: 180)
[COLETOR] Ticks:   4,877 | 1.16281 @ 2026-09-03T20:51:49
[BOT] 1.1628 | Aguardando fechamento da vela... (candles ok: 180)
[COLETOR] Ticks:   4,878 | 1.16281 @ 2026-09-03T20:51:50
[COLETOR] Ticks:   4,879 | 1.16281 @ 2026-09-03T20:51:51
[BOT] 1.1628 | Aguardando fechamento da vela... (candles ok: 180)
[BOT] 1.1628 | Aguardando fechamento da vela... (candles ok: 180)
[COLETOR] Ticks:   4,880 | 1.16281 @ 2026-09-03T20:51:52
[BOT] 1.1628 | Aguardando fechamento da vela... (candles ok: 180)
[COLETOR] Ticks:   4,881 | 1.16281 @ 2026-09-03T20:51:53
[BOT] 1.1628 | Aguardando fechamento da vela... (candles ok: 180)
[COLETOR] Ticks:   4,882 | 1.16281 @ 2026-09-03T20:51:54
[COLETOR] Ticks:   4,883 | 1.16281 @ 2026-09-03T20:51:55
[BOT] 1.1628 | Aguardando fechamento da vela... (candles ok: 180)
[BOT] 1.1628 | Aguardando fechamento da vela... (candles ok: 180)
[COLETOR] Ticks:   4,884 | 1.16281 @ 2026-09-03T20:51:56
[BOT] 1.1628 | Aguardando fechamento da vela... (candles ok: 180)
[COLETOR] Ticks:   4,885 | 1.16281 @ 2026-09-03T20:51:57
[BOT] 1.1628 | Aguardando fechamento da vela... (candles ok: 180)
[COLETOR] Ticks:   4,886 | 1.16282 @ 2026-09-03T20:51:58
[BOT] 1.1628 | Aguardando fechamento da vela... (candles ok: 180)
[COLETOR] Ticks:   4,887 | 1.16281 @ 2026-09-03T20:51:59
[VELA] ━━━━━━━━━━━━━━━━━━━━━━━━━━━━━━━━
  🟢 Three White Soldiers (força: 0.72)
  Preço: 1.1628 | Contexto: Supply Zone + Resistência próxima + FVG Bearish
  Ação sugerida: BUY favorecido
[VELA] ━━━━━━━━━━━━━━━━━━━━━━━━━━━━━━━━
[TICK] 1.1628 | EMA9:1.1627 EMA21:1.1626 | RSI:67.5 ADX:23.6 MACD_H:+0.00001
[COLETOR] Ticks:   4,888 | 1.16281 @ 2026-09-03T20:52:00
[COLETOR] Ticks:   4,889 | 1.16281 @ 2026-09-03T20:52:01
[BOT] 1.1628 | Aguardando fechamento da vela... (candles ok: 181)
[COLETOR] Ticks:   4,890 | 1.16281 @ 2026-09-03T20:52:02
[BOT] 1.1628 | Aguardando fechamento da vela... (candles ok: 181)
[BOT] 1.1628 | Aguardando fechamento da vela... (candles ok: 181)
[COLETOR] Ticks:   4,891 | 1.16278 @ 2026-09-03T20:52:03
[BOT] 1.1628 | Aguardando fechamento da vela... (candles ok: 181)
[COLETOR] Ticks:   4,892 | 1.16276 @ 2026-09-03T20:52:04
[BOT] 1.1628 | Aguardando fechamento da vela... (candles ok: 181)
[COLETOR] Ticks:   4,893 | 1.16277 @ 2026-09-03T20:52:05
[BOT] 1.1628 | Aguardando fechamento da vela... (candles ok: 181)
[COLETOR] Ticks:   4,894 | 1.16277 @ 2026-09-03T20:52:06
[BOT] 1.1628 | Aguardando fechamento da vela... (candles ok: 181)
[COLETOR] Ticks:   4,895 | 1.16279 @ 2026-09-03T20:52:07
[BOT] 1.1628 | Aguardando fechamento da vela... (candles ok: 181)
[COLETOR] Ticks:   4,896 | 1.16278 @ 2026-09-03T20:52:08
[BOT] 1.1628 | Aguardando fechamento da vela... (candles ok: 181)
[COLETOR] Ticks:   4,897 | 1.16278 @ 2026-09-03T20:52:09
[BOT] 1.1628 | Aguardando fechamento da vela... (candles ok: 181)
[COLETOR] Ticks:   4,898 | 1.16279 @ 2026-09-03T20:52:10
[COLETOR] Ticks:   4,899 | 1.16278 @ 2026-09-03T20:52:11
[BOT] 1.1628 | Aguardando fechamento da vela... (candles ok: 181)
[BOT] 1.1628 | Aguardando fechamento da vela... (candles ok: 181)
[COLETOR] Ticks:   4,900 | 1.16279 @ 2026-09-03T20:52:12
[BOT] 1.1628 | Aguardando fechamento da vela... (candles ok: 181)
[COLETOR] Ticks:   4,901 | 1.16279 @ 2026-09-03T20:52:13
[BOT] 1.1628 | Aguardando fechamento da vela... (candles ok: 181)
[COLETOR] Ticks:   4,902 | 1.16278 @ 2026-09-03T20:52:14
[BOT] 1.1628 | Aguardando fechamento da vela... (candles ok: 181)
[COLETOR] Ticks:   4,903 | 1.16278 @ 2026-09-03T20:52:15
[BOT] 1.1628 | Aguardando fechamento da vela... (candles ok: 181)
[COLETOR] Ticks:   4,904 | 1.16278 @ 2026-09-03T20:52:16
[BOT] 1.1628 | Aguardando fechamento da vela... (candles ok: 181)
[COLETOR] Ticks:   4,905 | 1.16279 @ 2026-09-03T20:52:17
[BOT] 1.1628 | Aguardando fechamento da vela... (candles ok: 181)
[COLETOR] Ticks:   4,906 | 1.16279 @ 2026-09-03T20:52:18
[COLETOR] Ticks:   4,907 | 1.16279 @ 2026-09-03T20:52:19
[BOT] 1.1628 | Aguardando fechamento da vela... (candles ok: 181)
[BOT] 1.1628 | Aguardando fechamento da vela... (candles ok: 181)
[COLETOR] Ticks:   4,908 | 1.16279 @ 2026-09-03T20:52:20
[COLETOR] Ticks:   4,909 | 1.16277 @ 2026-09-03T20:52:21
[BOT] 1.1628 | Aguardando fechamento da vela... (candles ok: 181)
[BOT] 1.1628 | Aguardando fechamento da vela... (candles ok: 181)
[COLETOR] Ticks:   4,910 | 1.16277 @ 2026-09-03T20:52:22
[COLETOR] Ticks:   4,911 | 1.16277 @ 2026-09-03T20:52:23
[BOT] 1.1628 | Aguardando fechamento da vela... (candles ok: 181)
[BOT] 1.1628 | Aguardando fechamento da vela... (candles ok: 181)
[COLETOR] Ticks:   4,912 | 1.16277 @ 2026-09-03T20:52:24
[BOT] 1.1628 | Aguardando fechamento da vela... (candles ok: 181)
[COLETOR] Ticks:   4,913 | 1.16277 @ 2026-09-03T20:52:25
[BOT] 1.1628 | Aguardando fechamento da vela... (candles ok: 181)
[COLETOR] Ticks:   4,914 | 1.16277 @ 2026-09-03T20:52:26
[BOT] 1.1628 | Aguardando fechamento da vela... (candles ok: 181)
[COLETOR] Ticks:   4,915 | 1.16277 @ 2026-09-03T20:52:27
[BOT] 1.1628 | Aguardando fechamento da vela... (candles ok: 181)
[COLETOR] Ticks:   4,916 | 1.16277 @ 2026-09-03T20:52:28
[BOT] 1.1628 | Aguardando fechamento da vela... (candles ok: 181)
[COLETOR] Ticks:   4,917 | 1.16277 @ 2026-09-03T20:52:29
[BOT] 1.1628 | Aguardando fechamento da vela... (candles ok: 181)
[COLETOR] Ticks:   4,918 | 1.16277 @ 2026-09-03T20:52:30
[BOT] 1.1628 | Aguardando fechamento da vela... (candles ok: 181)
[COLETOR] Ticks:   4,919 | 1.16277 @ 2026-09-03T20:52:31
[BOT] 1.1628 | Aguardando fechamento da vela... (candles ok: 181)
[COLETOR] Ticks:   4,920 | 1.16276 @ 2026-09-03T20:52:32
[BOT] 1.1628 | Aguardando fechamento da vela... (candles ok: 181)
[COLETOR] Ticks:   4,921 | 1.16276 @ 2026-09-03T20:52:33
[BOT] 1.1628 | Aguardando fechamento da vela... (candles ok: 181)
[COLETOR] Ticks:   4,922 | 1.16276 @ 2026-09-03T20:52:34
[BOT] 1.1627 | Aguardando fechamento da vela... (candles ok: 181)
[COLETOR] Ticks:   4,923 | 1.16275 @ 2026-09-03T20:52:35
[BOT] 1.1627 | Aguardando fechamento da vela... (candles ok: 181)
[COLETOR] Ticks:   4,924 | 1.16275 @ 2026-09-03T20:52:36
[BOT] 1.1627 | Aguardando fechamento da vela... (candles ok: 181)
[COLETOR] Ticks:   4,925 | 1.16275 @ 2026-09-03T20:52:37
[BOT] 1.1627 | Aguardando fechamento da vela... (candles ok: 181)
[COLETOR] Ticks:   4,926 | 1.16275 @ 2026-09-03T20:52:38
[BOT] 1.1627 | Aguardando fechamento da vela... (candles ok: 181)
[COLETOR] Ticks:   4,927 | 1.16274 @ 2026-09-03T20:52:39
[BOT] 1.1627 | Aguardando fechamento da vela... (candles ok: 181)
[COLETOR] Ticks:   4,928 | 1.16274 @ 2026-09-03T20:52:40
[BOT] 1.1627 | Aguardando fechamento da vela... (candles ok: 181)
[COLETOR] Ticks:   4,929 | 1.16275 @ 2026-09-03T20:52:41
[BOT] 1.1627 | Aguardando fechamento da vela... (candles ok: 181)
[COLETOR] Ticks:   4,930 | 1.16274 @ 2026-09-03T20:52:42
[BOT] 1.1627 | Aguardando fechamento da vela... (candles ok: 181)
[COLETOR] Ticks:   4,931 | 1.16274 @ 2026-09-03T20:52:43
[BOT] 1.1627 | Aguardando fechamento da vela... (candles ok: 181)
[COLETOR] Ticks:   4,932 | 1.16274 @ 2026-09-03T20:52:44
[BOT] 1.1627 | Aguardando fechamento da vela... (candles ok: 181)
[COLETOR] Ticks:   4,933 | 1.16272 @ 2026-09-03T20:52:45
[BOT] 1.1627 | Aguardando fechamento da vela... (candles ok: 181)
[COLETOR] Ticks:   4,934 | 1.16272 @ 2026-09-03T20:52:46
[COLETOR] Ticks:   4,935 | 1.16274 @ 2026-09-03T20:52:47
[BOT] 1.1627 | Aguardando fechamento da vela... (candles ok: 181)
[BOT] 1.1627 | Aguardando fechamento da vela... (candles ok: 181)
[COLETOR] Ticks:   4,936 | 1.16274 @ 2026-09-03T20:52:48
[COLETOR] Ticks:   4,937 | 1.16274 @ 2026-09-03T20:52:49
[BOT] 1.1627 | Aguardando fechamento da vela... (candles ok: 181)
[BOT] 1.1627 | Aguardando fechamento da vela... (candles ok: 181)
[COLETOR] Ticks:   4,938 | 1.16274 @ 2026-09-03T20:52:50
[COLETOR] Ticks:   4,939 | 1.16274 @ 2026-09-03T20:52:51
[BOT] 1.1627 | Aguardando fechamento da vela... (candles ok: 181)
[BOT] 1.1627 | Aguardando fechamento da vela... (candles ok: 181)
[COLETOR] Ticks:   4,940 | 1.16274 @ 2026-09-03T20:52:52
[BOT] 1.1627 | Aguardando fechamento da vela... (candles ok: 181)
[COLETOR] Ticks:   4,941 | 1.16274 @ 2026-09-03T20:52:53
[BOT] 1.1627 | Aguardando fechamento da vela... (candles ok: 181)
[COLETOR] Ticks:   4,942 | 1.16274 @ 2026-09-03T20:52:54
[COLETOR] Ticks:   4,943 | 1.16274 @ 2026-09-03T20:52:55
[BOT] 1.1627 | Aguardando fechamento da vela... (candles ok: 181)
[BOT] 1.1627 | Aguardando fechamento da vela... (candles ok: 181)
[COLETOR] Ticks:   4,944 | 1.16274 @ 2026-09-03T20:52:56
[BOT] 1.1627 | Aguardando fechamento da vela... (candles ok: 181)
[COLETOR] Ticks:   4,945 | 1.16274 @ 2026-09-03T20:52:57
[BOT] 1.1627 | Aguardando fechamento da vela... (candles ok: 181)
[COLETOR] Ticks:   4,946 | 1.16274 @ 2026-09-03T20:52:58
[BOT] 1.1627 | Aguardando fechamento da vela... (candles ok: 181)
[COLETOR] Ticks:   4,947 | 1.16274 @ 2026-09-03T20:52:59
[VELA] ━━━━━━━━━━━━━━━━━━━━━━━━━━━━━━━━
  🟢 Three White Soldiers (força: 0.72)
  Preço: 1.1627 | Contexto: Supply Zone + Resistência próxima + FVG Bearish
  Ação sugerida: BUY favorecido
[VELA] ━━━━━━━━━━━━━━━━━━━━━━━━━━━━━━━━
[TICK] 1.1627 | EMA9:1.1627 EMA21:1.1627 | RSI:59.4 ADX:22.8 MACD_H:+0.00001
[COLETOR] Ticks:   4,948 | 1.16274 @ 2026-09-03T20:53:00
[BOT] 1.1627 | Aguardando fechamento da vela... (candles ok: 182)
[COLETOR] Ticks:   4,949 | 1.16274 @ 2026-09-03T20:53:01
[BOT] 1.1627 | Aguardando fechamento da vela... (candles ok: 182)
[COLETOR] Ticks:   4,950 | 1.16274 @ 2026-09-03T20:53:02
[BOT] 1.1627 | Aguardando fechamento da vela... (candles ok: 182)
[COLETOR] Ticks:   4,951 | 1.16274 @ 2026-09-03T20:53:03
[BOT] 1.1627 | Aguardando fechamento da vela... (candles ok: 182)
[COLETOR] Ticks:   4,952 | 1.16274 @ 2026-09-03T20:53:04
[BOT] 1.1627 | Aguardando fechamento da vela... (candles ok: 182)
[COLETOR] Ticks:   4,953 | 1.16273 @ 2026-09-03T20:53:05
[BOT] 1.1627 | Aguardando fechamento da vela... (candles ok: 182)
[COLETOR] Ticks:   4,954 | 1.16274 @ 2026-09-03T20:53:06
[COLETOR] Ticks:   4,955 | 1.16273 @ 2026-09-03T20:53:07
[BOT] 1.1627 | Aguardando fechamento da vela... (candles ok: 182)
[BOT] 1.1627 | Aguardando fechamento da vela... (candles ok: 182)
[COLETOR] Ticks:   4,956 | 1.16273 @ 2026-09-03T20:53:08
[BOT] 1.1627 | Aguardando fechamento da vela... (candles ok: 182)
[COLETOR] Ticks:   4,957 | 1.16273 @ 2026-09-03T20:53:09
[BOT] 1.1627 | Aguardando fechamento da vela... (candles ok: 182)
[COLETOR] Ticks:   4,958 | 1.16274 @ 2026-09-03T20:53:10
[BOT] 1.1627 | Aguardando fechamento da vela... (candles ok: 182)
[COLETOR] Ticks:   4,959 | 1.16273 @ 2026-09-03T20:53:11
[COLETOR] Ticks:   4,960 | 1.16273 @ 2026-09-03T20:53:12
[BOT] 1.1627 | Aguardando fechamento da vela... (candles ok: 182)
[COLETOR] Ticks:   4,961 | 1.16274 @ 2026-09-03T20:53:13
[BOT] 1.1627 | Aguardando fechamento da vela... (candles ok: 182)
[COLETOR] Ticks:   4,962 | 1.16273 @ 2026-09-03T20:53:14
[BOT] 1.1627 | Aguardando fechamento da vela... (candles ok: 182)
[BOT] 1.1627 | Aguardando fechamento da vela... (candles ok: 182)
[COLETOR] Ticks:   4,963 | 1.16273 @ 2026-09-03T20:53:15
[BOT] 1.1627 | Aguardando fechamento da vela... (candles ok: 182)
[COLETOR] Ticks:   4,964 | 1.16273 @ 2026-09-03T20:53:16
[BOT] 1.1627 | Aguardando fechamento da vela... (candles ok: 182)
[COLETOR] Ticks:   4,965 | 1.16273 @ 2026-09-03T20:53:17
[BOT] 1.1627 | Aguardando fechamento da vela... (candles ok: 182)
[COLETOR] Ticks:   4,966 | 1.16274 @ 2026-09-03T20:53:18
[BOT] 1.1627 | Aguardando fechamento da vela... (candles ok: 182)
[COLETOR] Ticks:   4,967 | 1.16273 @ 2026-09-03T20:53:19
[BOT] 1.1627 | Aguardando fechamento da vela... (candles ok: 182)
[COLETOR] Ticks:   4,968 | 1.16273 @ 2026-09-03T20:53:20
[BOT] 1.1627 | Aguardando fechamento da vela... (candles ok: 182)
[COLETOR] Ticks:   4,969 | 1.16272 @ 2026-09-03T20:53:21
[BOT] 1.1627 | Aguardando fechamento da vela... (candles ok: 182)
[COLETOR] Ticks:   4,970 | 1.16272 @ 2026-09-03T20:53:22
[BOT] 1.1627 | Aguardando fechamento da vela... (candles ok: 182)
[COLETOR] Ticks:   4,971 | 1.16272 @ 2026-09-03T20:53:23
[BOT] 1.1627 | Aguardando fechamento da vela... (candles ok: 182)
[COLETOR] Ticks:   4,972 | 1.16272 @ 2026-09-03T20:53:24
[BOT] 1.1627 | Aguardando fechamento da vela... (candles ok: 182)
[COLETOR] Ticks:   4,973 | 1.16272 @ 2026-09-03T20:53:25
[BOT] 1.1627 | Aguardando fechamento da vela... (candles ok: 182)
[COLETOR] Ticks:   4,974 | 1.16272 @ 2026-09-03T20:53:26
[BOT] 1.1627 | Aguardando fechamento da vela... (candles ok: 182)
[COLETOR] Ticks:   4,975 | 1.16272 @ 2026-09-03T20:53:27
[BOT] 1.1627 | Aguardando fechamento da vela... (candles ok: 182)
[COLETOR] Ticks:   4,976 | 1.16272 @ 2026-09-03T20:53:28
[COLETOR] Ticks:   4,977 | 1.16272 @ 2026-09-03T20:53:29
[BOT] 1.1627 | Aguardando fechamento da vela... (candles ok: 182)
[BOT] 1.1627 | Aguardando fechamento da vela... (candles ok: 182)
[COLETOR] Ticks:   4,978 | 1.16272 @ 2026-09-03T20:53:30
[BOT] 1.1627 | Aguardando fechamento da vela... (candles ok: 182)
[COLETOR] Ticks:   4,979 | 1.16272 @ 2026-09-03T20:53:31
[BOT] 1.1627 | Aguardando fechamento da vela... (candles ok: 182)
[COLETOR] Ticks:   4,980 | 1.16272 @ 2026-09-03T20:53:32
[BOT] 1.1627 | Aguardando fechamento da vela... (candles ok: 182)
[COLETOR] Ticks:   4,981 | 1.16272 @ 2026-09-03T20:53:33
[BOT] 1.1627 | Aguardando fechamento da vela... (candles ok: 182)
[COLETOR] Ticks:   4,982 | 1.16272 @ 2026-09-03T20:53:34
[BOT] 1.1627 | Aguardando fechamento da vela... (candles ok: 182)
[COLETOR] Ticks:   4,983 | 1.16271 @ 2026-09-03T20:53:35
[BOT] 1.1627 | Aguardando fechamento da vela... (candles ok: 182)
[COLETOR] Ticks:   4,984 | 1.16272 @ 2026-09-03T20:53:36
[BOT] 1.1627 | Aguardando fechamento da vela... (candles ok: 182)
[COLETOR] Ticks:   4,985 | 1.16272 @ 2026-09-03T20:53:37
[BOT] 1.1627 | Aguardando fechamento da vela... (candles ok: 182)
[COLETOR] Ticks:   4,986 | 1.16272 @ 2026-09-03T20:53:38
[BOT] 1.1627 | Aguardando fechamento da vela... (candles ok: 182)
[COLETOR] Ticks:   4,987 | 1.16272 @ 2026-09-03T20:53:39
[BOT] 1.1627 | Aguardando fechamento da vela... (candles ok: 182)
[COLETOR] Ticks:   4,988 | 1.16273 @ 2026-09-03T20:53:40
[BOT] 1.1627 | Aguardando fechamento da vela... (candles ok: 182)
[COLETOR] Ticks:   4,989 | 1.16273 @ 2026-09-03T20:53:41
[BOT] 1.1627 | Aguardando fechamento da vela... (candles ok: 182)
[COLETOR] Ticks:   4,990 | 1.16274 @ 2026-09-03T20:53:42
[BOT] 1.1627 | Aguardando fechamento da vela... (candles ok: 182)
[COLETOR] Ticks:   4,991 | 1.16274 @ 2026-09-03T20:53:43
[BOT] 1.1627 | Aguardando fechamento da vela... (candles ok: 182)
[COLETOR] Ticks:   4,992 | 1.16274 @ 2026-09-03T20:53:44
[BOT] 1.1627 | Aguardando fechamento da vela... (candles ok: 182)
[COLETOR] Ticks:   4,993 | 1.16274 @ 2026-09-03T20:53:45
[BOT] 1.1627 | Aguardando fechamento da vela... (candles ok: 182)
[COLETOR] Ticks:   4,994 | 1.16274 @ 2026-09-03T20:53:46
[BOT] 1.1627 | Aguardando fechamento da vela... (candles ok: 182)
[COLETOR] Ticks:   4,995 | 1.16274 @ 2026-09-03T20:53:47
[BOT] 1.1627 | Aguardando fechamento da vela... (candles ok: 182)
[COLETOR] Ticks:   4,996 | 1.16274 @ 2026-09-03T20:53:48
[BOT] 1.1627 | Aguardando fechamento da vela... (candles ok: 182)
[COLETOR] Ticks:   4,997 | 1.16273 @ 2026-09-03T20:53:49
[BOT] 1.1627 | Aguardando fechamento da vela... (candles ok: 182)
[COLETOR] Ticks:   4,998 | 1.16273 @ 2026-09-03T20:53:50
[BOT] 1.1627 | Aguardando fechamento da vela... (candles ok: 182)
[COLETOR] Ticks:   4,999 | 1.16273 @ 2026-09-03T20:53:51
[BOT] 1.1627 | Aguardando fechamento da vela... (candles ok: 182)
[COLETOR] Ticks:   5,000 | 1.16273 @ 2026-09-03T20:53:52
[BOT] 1.1627 | Aguardando fechamento da vela... (candles ok: 182)
[COLETOR] Ticks:   5,001 | 1.16274 @ 2026-09-03T20:53:53
[BOT] 1.1627 | Aguardando fechamento da vela... (candles ok: 182)
[COLETOR] Ticks:   5,002 | 1.16274 @ 2026-09-03T20:53:54
[BOT] 1.1627 | Aguardando fechamento da vela... (candles ok: 182)
[COLETOR] Ticks:   5,003 | 1.16274 @ 2026-09-03T20:53:55
[BOT] 1.1627 | Aguardando fechamento da vela... (candles ok: 182)
[COLETOR] Ticks:   5,004 | 1.16275 @ 2026-09-03T20:53:56
[BOT] 1.1627 | Aguardando fechamento da vela... (candles ok: 182)
[COLETOR] Ticks:   5,005 | 1.16275 @ 2026-09-03T20:53:57
[BOT] 1.1627 | Aguardando fechamento da vela... (candles ok: 182)
[COLETOR] Ticks:   5,006 | 1.16275 @ 2026-09-03T20:53:58
[BOT] 1.1627 | Aguardando fechamento da vela... (candles ok: 182)
[COLETOR] Ticks:   5,007 | 1.16275 @ 2026-09-03T20:53:59
[VELA] ━━━━━━━━━━━━━━━━━━━━━━━━━━━━━━━━
  🟢 Three White Soldiers (força: 0.72)
  Preço: 1.1627 | Contexto: Supply Zone + Resistência próxima + FVG Bearish
  Ação sugerida: BUY favorecido
[VELA] ━━━━━━━━━━━━━━━━━━━━━━━━━━━━━━━━
[TICK] 1.1627 | EMA9:1.1627 EMA21:1.1627 | RSI:60.2 ADX:22.0 MACD_H:+0.00001
[COLETOR] Ticks:   5,008 | 1.16275 @ 2026-09-03T20:54:00
[BOT] 1.1627 | Aguardando fechamento da vela... (candles ok: 183)
[COLETOR] Ticks:   5,009 | 1.16275 @ 2026-09-03T20:54:01
[BOT] 1.1627 | Aguardando fechamento da vela... (candles ok: 183)
[COLETOR] Ticks:   5,010 | 1.16275 @ 2026-09-03T20:54:02
[BOT] 1.1627 | Aguardando fechamento da vela... (candles ok: 183)
[COLETOR] Ticks:   5,011 | 1.16274 @ 2026-09-03T20:54:03
[BOT] 1.1627 | Aguardando fechamento da vela... (candles ok: 183)
[COLETOR] Ticks:   5,012 | 1.16275 @ 2026-09-03T20:54:04
[BOT] 1.1627 | Aguardando fechamento da vela... (candles ok: 183)
[COLETOR] Ticks:   5,013 | 1.16274 @ 2026-09-03T20:54:05
[BOT] 1.1627 | Aguardando fechamento da vela... (candles ok: 183)
[COLETOR] Ticks:   5,014 | 1.16274 @ 2026-09-03T20:54:06
[COLETOR] Ticks:   5,015 | 1.16274 @ 2026-09-03T20:54:07
[BOT] 1.1627 | Aguardando fechamento da vela... (candles ok: 183)
[BOT] 1.1627 | Aguardando fechamento da vela... (candles ok: 183)
[COLETOR] Ticks:   5,016 | 1.16275 @ 2026-09-03T20:54:08
[BOT] 1.1627 | Aguardando fechamento da vela... (candles ok: 183)
[COLETOR] Ticks:   5,017 | 1.16275 @ 2026-09-03T20:54:09
[BOT] 1.1627 | Aguardando fechamento da vela... (candles ok: 183)
[COLETOR] Ticks:   5,018 | 1.16275 @ 2026-09-03T20:54:10
[COLETOR] Ticks:   5,019 | 1.16275 @ 2026-09-03T20:54:11
[BOT] 1.1627 | Aguardando fechamento da vela... (candles ok: 183)
[COLETOR] Ticks:   5,020 | 1.16275 @ 2026-09-03T20:54:12
[BOT] 1.1627 | Aguardando fechamento da vela... (candles ok: 183)
[BOT] 1.1627 | Aguardando fechamento da vela... (candles ok: 183)
[COLETOR] Ticks:   5,021 | 1.16275 @ 2026-09-03T20:54:13
[BOT] 1.1627 | Aguardando fechamento da vela... (candles ok: 183)
[COLETOR] Ticks:   5,022 | 1.16275 @ 2026-09-03T20:54:14
[BOT] 1.1627 | Aguardando fechamento da vela... (candles ok: 183)
[COLETOR] Ticks:   5,023 | 1.16275 @ 2026-09-03T20:54:15
[BOT] 1.1627 | Aguardando fechamento da vela... (candles ok: 183)
[COLETOR] Ticks:   5,024 | 1.16274 @ 2026-09-03T20:54:16
[COLETOR] Ticks:   5,025 | 1.16274 @ 2026-09-03T20:54:17
[BOT] 1.1627 | Aguardando fechamento da vela... (candles ok: 183)
[BOT] 1.1627 | Aguardando fechamento da vela... (candles ok: 183)
[COLETOR] Ticks:   5,026 | 1.16274 @ 2026-09-03T20:54:18
[COLETOR] Ticks:   5,027 | 1.16276 @ 2026-09-03T20:54:19
[BOT] 1.1628 | Aguardando fechamento da vela... (candles ok: 183)
[BOT] 1.1628 | Aguardando fechamento da vela... (candles ok: 183)
[COLETOR] Ticks:   5,028 | 1.16276 @ 2026-09-03T20:54:20
[COLETOR] Ticks:   5,029 | 1.16276 @ 2026-09-03T20:54:21
[BOT] 1.1628 | Aguardando fechamento da vela... (candles ok: 183)
[BOT] 1.1628 | Aguardando fechamento da vela... (candles ok: 183)
[COLETOR] Ticks:   5,030 | 1.16276 @ 2026-09-03T20:54:22
[COLETOR] Ticks:   5,031 | 1.16276 @ 2026-09-03T20:54:23
[BOT] 1.1628 | Aguardando fechamento da vela... (candles ok: 183)
[BOT] 1.1628 | Aguardando fechamento da vela... (candles ok: 183)
[COLETOR] Ticks:   5,032 | 1.16276 @ 2026-09-03T20:54:24
[COLETOR] Ticks:   5,033 | 1.16278 @ 2026-09-03T20:54:25
[BOT] 1.1628 | Aguardando fechamento da vela... (candles ok: 183)
[BOT] 1.1628 | Aguardando fechamento da vela... (candles ok: 183)
[COLETOR] Ticks:   5,034 | 1.16278 @ 2026-09-03T20:54:26
[BOT] 1.1628 | Aguardando fechamento da vela... (candles ok: 183)
[COLETOR] Ticks:   5,035 | 1.16278 @ 2026-09-03T20:54:27
[BOT] 1.1628 | Aguardando fechamento da vela... (candles ok: 183)
[COLETOR] Ticks:   5,036 | 1.16278 @ 2026-09-03T20:54:28
[COLETOR] Ticks:   5,037 | 1.16278 @ 2026-09-03T20:54:29
[BOT] 1.1628 | Aguardando fechamento da vela... (candles ok: 183)
[BOT] 1.1628 | Aguardando fechamento da vela... (candles ok: 183)
[COLETOR] Ticks:   5,038 | 1.16278 @ 2026-09-03T20:54:30
[BOT] 1.1628 | Aguardando fechamento da vela... (candles ok: 183)
[COLETOR] Ticks:   5,039 | 1.16278 @ 2026-09-03T20:54:31
[BOT] 1.1628 | Aguardando fechamento da vela... (candles ok: 183)
[COLETOR] Ticks:   5,040 | 1.1628 @ 2026-09-03T20:54:32
[BOT] 1.1628 | Aguardando fechamento da vela... (candles ok: 183)
[COLETOR] Ticks:   5,041 | 1.16281 @ 2026-09-03T20:54:33
[BOT] 1.1628 | Aguardando fechamento da vela... (candles ok: 183)
[COLETOR] Ticks:   5,042 | 1.16283 @ 2026-09-03T20:54:34
[COLETOR] Ticks:   5,043 | 1.16282 @ 2026-09-03T20:54:35
[BOT] 1.1628 | Aguardando fechamento da vela... (candles ok: 183)
[COLETOR] Ticks:   5,044 | 1.16283 @ 2026-09-03T20:54:36
[BOT] 1.1628 | Aguardando fechamento da vela... (candles ok: 183)
[COLETOR] Ticks:   5,045 | 1.16283 @ 2026-09-03T20:54:37
[BOT] 1.1628 | Aguardando fechamento da vela... (candles ok: 183)
[BOT] 1.1628 | Aguardando fechamento da vela... (candles ok: 183)
[COLETOR] Ticks:   5,046 | 1.16282 @ 2026-09-03T20:54:38
[BOT] 1.1628 | Aguardando fechamento da vela... (candles ok: 183)
[COLETOR] Ticks:   5,047 | 1.16281 @ 2026-09-03T20:54:39
[BOT] 1.1628 | Aguardando fechamento da vela... (candles ok: 183)
[COLETOR] Ticks:   5,048 | 1.16281 @ 2026-09-03T20:54:40
[BOT] 1.1628 | Aguardando fechamento da vela... (candles ok: 183)
[COLETOR] Ticks:   5,049 | 1.16281 @ 2026-09-03T20:54:41
[BOT] 1.1628 | Aguardando fechamento da vela... (candles ok: 183)
[COLETOR] Ticks:   5,050 | 1.16283 @ 2026-09-03T20:54:42
[BOT] 1.1628 | Aguardando fechamento da vela... (candles ok: 183)
[COLETOR] Ticks:   5,051 | 1.16282 @ 2026-09-03T20:54:43
[BOT] 1.1628 | Aguardando fechamento da vela... (candles ok: 183)
[COLETOR] Ticks:   5,052 | 1.16283 @ 2026-09-03T20:54:44
[BOT] 1.1628 | Aguardando fechamento da vela... (candles ok: 183)
[COLETOR] Ticks:   5,053 | 1.16283 @ 2026-09-03T20:54:45
[BOT] 1.1628 | Aguardando fechamento da vela... (candles ok: 183)
[COLETOR] Ticks:   5,054 | 1.16283 @ 2026-09-03T20:54:46
[BOT] 1.1628 | Aguardando fechamento da vela... (candles ok: 183)
[COLETOR] Ticks:   5,055 | 1.16283 @ 2026-09-03T20:54:47
[BOT] 1.1628 | Aguardando fechamento da vela... (candles ok: 183)
[COLETOR] Ticks:   5,056 | 1.16283 @ 2026-09-03T20:54:48
[BOT] 1.1628 | Aguardando fechamento da vela... (candles ok: 183)
[COLETOR] Ticks:   5,057 | 1.16281 @ 2026-09-03T20:54:49
[COLETOR] Ticks:   5,058 | 1.16281 @ 2026-09-03T20:54:50
[BOT] 1.1628 | Aguardando fechamento da vela... (candles ok: 183)
[BOT] 1.1628 | Aguardando fechamento da vela... (candles ok: 183)
[COLETOR] Ticks:   5,059 | 1.16281 @ 2026-09-03T20:54:51
[BOT] 1.1628 | Aguardando fechamento da vela... (candles ok: 183)
[COLETOR] Ticks:   5,060 | 1.16281 @ 2026-09-03T20:54:52
[BOT] 1.1628 | Aguardando fechamento da vela... (candles ok: 183)
[COLETOR] Ticks:   5,061 | 1.16281 @ 2026-09-03T20:54:53
[BOT] 1.1628 | Aguardando fechamento da vela... (candles ok: 183)
[COLETOR] Ticks:   5,062 | 1.16281 @ 2026-09-03T20:54:54
[COLETOR] Ticks:   5,063 | 1.16281 @ 2026-09-03T20:54:55
[BOT] 1.1628 | Aguardando fechamento da vela... (candles ok: 183)
[BOT] 1.1628 | Aguardando fechamento da vela... (candles ok: 183)
[COLETOR] Ticks:   5,064 | 1.16281 @ 2026-09-03T20:54:56
[COLETOR] Ticks:   5,065 | 1.16281 @ 2026-09-03T20:54:57
[BOT] 1.1628 | Aguardando fechamento da vela... (candles ok: 183)
[BOT] 1.1628 | Aguardando fechamento da vela... (candles ok: 183)
[COLETOR] Ticks:   5,066 | 1.16281 @ 2026-09-03T20:54:58
[BOT] 1.1628 | Aguardando fechamento da vela... (candles ok: 183)
[COLETOR] Ticks:   5,067 | 1.16282 @ 2026-09-03T20:54:59
[VELA] ━━━━━━━━━━━━━━━━━━━━━━━━━━━━━━━━
  🟢 Three White Soldiers (força: 0.72)
  Preço: 1.1628 | Contexto: Supply Zone + Resistência próxima + FVG Bearish
  Ação sugerida: BUY favorecido
[VELA] ━━━━━━━━━━━━━━━━━━━━━━━━━━━━━━━━
[TICK] 1.1628 | EMA9:1.1627 EMA21:1.1627 | RSI:64.9 ADX:22.2 MACD_H:+0.00001
[COLETOR] Ticks:   5,068 | 1.16282 @ 2026-09-03T20:55:00
[BOT] 1.1628 | Aguardando fechamento da vela... (candles ok: 184)
[COLETOR] Ticks:   5,069 | 1.16281 @ 2026-09-03T20:55:01
[BOT] 1.1628 | Aguardando fechamento da vela... (candles ok: 184)
[COLETOR] Ticks:   5,070 | 1.16281 @ 2026-09-03T20:55:02
[BOT] 1.1628 | Aguardando fechamento da vela... (candles ok: 184)
[COLETOR] Ticks:   5,071 | 1.16281 @ 2026-09-03T20:55:03
[BOT] 1.1628 | Aguardando fechamento da vela... (candles ok: 184)
[COLETOR] Ticks:   5,072 | 1.16281 @ 2026-09-03T20:55:04
[BOT] 1.1628 | Aguardando fechamento da vela... (candles ok: 184)
[COLETOR] Ticks:   5,073 | 1.16281 @ 2026-09-03T20:55:05
[COLETOR] Ticks:   5,074 | 1.16282 @ 2026-09-03T20:55:06
[BOT] 1.1628 | Aguardando fechamento da vela... (candles ok: 184)
[COLETOR] Ticks:   5,075 | 1.16281 @ 2026-09-03T20:55:07
[BOT] 1.1628 | Aguardando fechamento da vela... (candles ok: 184)
[BOT] 1.1628 | Aguardando fechamento da vela... (candles ok: 184)
[COLETOR] Ticks:   5,076 | 1.16281 @ 2026-09-03T20:55:08
[BOT] 1.1628 | Aguardando fechamento da vela... (candles ok: 184)
[COLETOR] Ticks:   5,077 | 1.16281 @ 2026-09-03T20:55:09
[BOT] 1.1628 | Aguardando fechamento da vela... (candles ok: 184)
[COLETOR] Ticks:   5,078 | 1.16282 @ 2026-09-03T20:55:10
[BOT] 1.1628 | Aguardando fechamento da vela... (candles ok: 184)
[COLETOR] Ticks:   5,079 | 1.16282 @ 2026-09-03T20:55:11
[COLETOR] Ticks:   5,080 | 1.16282 @ 2026-09-03T20:55:12
[BOT] 1.1628 | Aguardando fechamento da vela... (candles ok: 184)
[BOT] 1.1628 | Aguardando fechamento da vela... (candles ok: 184)
[COLETOR] Ticks:   5,081 | 1.16282 @ 2026-09-03T20:55:13
[BOT] 1.1628 | Aguardando fechamento da vela... (candles ok: 184)
[COLETOR] Ticks:   5,082 | 1.16282 @ 2026-09-03T20:55:14
[BOT] 1.1628 | Aguardando fechamento da vela... (candles ok: 184)
[COLETOR] Ticks:   5,083 | 1.16282 @ 2026-09-03T20:55:15
[BOT] 1.1628 | Aguardando fechamento da vela... (candles ok: 184)
[COLETOR] Ticks:   5,084 | 1.16284 @ 2026-09-03T20:55:16
[BOT] 1.1628 | Aguardando fechamento da vela... (candles ok: 184)
[COLETOR] Ticks:   5,085 | 1.16284 @ 2026-09-03T20:55:17
[BOT] 1.1628 | Aguardando fechamento da vela... (candles ok: 184)
[COLETOR] Ticks:   5,086 | 1.16284 @ 2026-09-03T20:55:18
[COLETOR] Ticks:   5,087 | 1.16284 @ 2026-09-03T20:55:19
[BOT] 1.1628 | Aguardando fechamento da vela... (candles ok: 184)
[BOT] 1.1628 | Aguardando fechamento da vela... (candles ok: 184)
[COLETOR] Ticks:   5,088 | 1.16284 @ 2026-09-03T20:55:20
[BOT] 1.1628 | Aguardando fechamento da vela... (candles ok: 184)
[COLETOR] Ticks:   5,089 | 1.16284 @ 2026-09-03T20:55:21
[BOT] 1.1628 | Aguardando fechamento da vela... (candles ok: 184)
[COLETOR] Ticks:   5,090 | 1.16284 @ 2026-09-03T20:55:22
[BOT] 1.1628 | Aguardando fechamento da vela... (candles ok: 184)
[COLETOR] Ticks:   5,091 | 1.16284 @ 2026-09-03T20:55:23
[BOT] 1.1628 | Aguardando fechamento da vela... (candles ok: 184)
[COLETOR] Ticks:   5,092 | 1.16284 @ 2026-09-03T20:55:24
[BOT] 1.1628 | Aguardando fechamento da vela... (candles ok: 184)
[COLETOR] Ticks:   5,093 | 1.16285 @ 2026-09-03T20:55:25
[BOT] 1.1628 | Aguardando fechamento da vela... (candles ok: 184)
[COLETOR] Ticks:   5,094 | 1.16284 @ 2026-09-03T20:55:26
[BOT] 1.1628 | Aguardando fechamento da vela... (candles ok: 184)
[COLETOR] Ticks:   5,095 | 1.16285 @ 2026-09-03T20:55:27
[BOT] 1.1628 | Aguardando fechamento da vela... (candles ok: 184)
[COLETOR] Ticks:   5,096 | 1.16285 @ 2026-09-03T20:55:28
[COLETOR] Ticks:   5,097 | 1.16284 @ 2026-09-03T20:55:29
[BOT] 1.1628 | Aguardando fechamento da vela... (candles ok: 184)
[BOT] 1.1628 | Aguardando fechamento da vela... (candles ok: 184)
[COLETOR] Ticks:   5,098 | 1.16284 @ 2026-09-03T20:55:30
[BOT] 1.1628 | Aguardando fechamento da vela... (candles ok: 184)
[COLETOR] Ticks:   5,099 | 1.16284 @ 2026-09-03T20:55:31
[BOT] 1.1628 | Aguardando fechamento da vela... (candles ok: 184)
[COLETOR] Ticks:   5,100 | 1.16284 @ 2026-09-03T20:55:32
[BOT] 1.1628 | Aguardando fechamento da vela... (candles ok: 184)
[COLETOR] Ticks:   5,101 | 1.16284 @ 2026-09-03T20:55:33
[BOT] 1.1628 | Aguardando fechamento da vela... (candles ok: 184)
[COLETOR] Ticks:   5,102 | 1.16284 @ 2026-09-03T20:55:34
[BOT] 1.1628 | Aguardando fechamento da vela... (candles ok: 184)
[COLETOR] Ticks:   5,103 | 1.16284 @ 2026-09-03T20:55:35
[BOT] 1.1628 | Aguardando fechamento da vela... (candles ok: 184)
[COLETOR] Ticks:   5,104 | 1.16284 @ 2026-09-03T20:55:36
[BOT] 1.1628 | Aguardando fechamento da vela... (candles ok: 184)
[COLETOR] Ticks:   5,105 | 1.16284 @ 2026-09-03T20:55:37
[BOT] 1.1628 | Aguardando fechamento da vela... (candles ok: 184)
[COLETOR] Ticks:   5,106 | 1.16284 @ 2026-09-03T20:55:38
[BOT] 1.1628 | Aguardando fechamento da vela... (candles ok: 184)
[COLETOR] Ticks:   5,107 | 1.16285 @ 2026-09-03T20:55:39
[BOT] 1.1628 | Aguardando fechamento da vela... (candles ok: 184)
[COLETOR] Ticks:   5,108 | 1.16284 @ 2026-09-03T20:55:40
[BOT] 1.1628 | Aguardando fechamento da vela... (candles ok: 184)
[COLETOR] Ticks:   5,109 | 1.16284 @ 2026-09-03T20:55:41
[BOT] 1.1628 | Aguardando fechamento da vela... (candles ok: 184)
[COLETOR] Ticks:   5,110 | 1.16284 @ 2026-09-03T20:55:42
[BOT] 1.1628 | Aguardando fechamento da vela... (candles ok: 184)
[COLETOR] Ticks:   5,111 | 1.16284 @ 2026-09-03T20:55:43
[BOT] 1.1628 | Aguardando fechamento da vela... (candles ok: 184)
[COLETOR] Ticks:   5,112 | 1.16284 @ 2026-09-03T20:55:44
[BOT] 1.1628 | Aguardando fechamento da vela... (candles ok: 184)
[COLETOR] Ticks:   5,113 | 1.16284 @ 2026-09-03T20:55:45
[BOT] 1.1628 | Aguardando fechamento da vela... (candles ok: 184)
[COLETOR] Ticks:   5,114 | 1.16284 @ 2026-09-03T20:55:46
[BOT] 1.1628 | Aguardando fechamento da vela... (candles ok: 184)
[COLETOR] Ticks:   5,115 | 1.16284 @ 2026-09-03T20:55:47
[BOT] 1.1628 | Aguardando fechamento da vela... (candles ok: 184)
[COLETOR] Ticks:   5,116 | 1.16284 @ 2026-09-03T20:55:48
[BOT] 1.1628 | Aguardando fechamento da vela... (candles ok: 184)
[COLETOR] Ticks:   5,117 | 1.16284 @ 2026-09-03T20:55:49
[BOT] 1.1628 | Aguardando fechamento da vela... (candles ok: 184)
[COLETOR] Ticks:   5,118 | 1.16281 @ 2026-09-03T20:55:50
[BOT] 1.1628 | Aguardando fechamento da vela... (candles ok: 184)
[COLETOR] Ticks:   5,119 | 1.16281 @ 2026-09-03T20:55:51
[BOT] 1.1628 | Aguardando fechamento da vela... (candles ok: 184)
[COLETOR] Ticks:   5,120 | 1.1628 @ 2026-09-03T20:55:52
[COLETOR] Ticks:   5,121 | 1.1628 @ 2026-09-03T20:55:53
[BOT] 1.1628 | Aguardando fechamento da vela... (candles ok: 184)
[BOT] 1.1628 | Aguardando fechamento da vela... (candles ok: 184)
[COLETOR] Ticks:   5,122 | 1.1628 @ 2026-09-03T20:55:54
[BOT] 1.1628 | Aguardando fechamento da vela... (candles ok: 184)
[COLETOR] Ticks:   5,123 | 1.1628 @ 2026-09-03T20:55:55
[COLETOR] Ticks:   5,124 | 1.1628 @ 2026-09-03T20:55:56
[BOT] 1.1628 | Aguardando fechamento da vela... (candles ok: 184)
[BOT] 1.1628 | Aguardando fechamento da vela... (candles ok: 184)
[COLETOR] Ticks:   5,125 | 1.1628 @ 2026-09-03T20:55:57
[BOT] 1.1628 | Aguardando fechamento da vela... (candles ok: 184)
[COLETOR] Ticks:   5,126 | 1.1628 @ 2026-09-03T20:55:58
[BOT] 1.1628 | Aguardando fechamento da vela... (candles ok: 184)
[COLETOR] Ticks:   5,127 | 1.1628 @ 2026-09-03T20:55:59
[VELA] ━━━━━━━━━━━━━━━━━━━━━━━━━━━━━━━━
  🟢 Three White Soldiers (força: 0.72)
  Preço: 1.1628 | Contexto: Supply Zone + Resistência próxima + FVG Bearish
  Ação sugerida: BUY favorecido
[VELA] ━━━━━━━━━━━━━━━━━━━━━━━━━━━━━━━━
[TICK] 1.1628 | EMA9:1.1627 EMA21:1.1627 | RSI:62.6 ADX:22.4 MACD_H:+0.00001
[COLETOR] Ticks:   5,128 | 1.1628 @ 2026-09-03T20:56:00
[BOT] 1.1628 | Aguardando fechamento da vela... (candles ok: 185)
[COLETOR] Ticks:   5,129 | 1.1628 @ 2026-09-03T20:56:01
[BOT] 1.1628 | Aguardando fechamento da vela... (candles ok: 185)
[COLETOR] Ticks:   5,130 | 1.1628 @ 2026-09-03T20:56:02
[BOT] 1.1628 | Aguardando fechamento da vela... (candles ok: 185)
[COLETOR] Ticks:   5,131 | 1.1628 @ 2026-09-03T20:56:03
[BOT] 1.1628 | Aguardando fechamento da vela... (candles ok: 185)
[COLETOR] Ticks:   5,132 | 1.16281 @ 2026-09-03T20:56:04
[BOT] 1.1628 | Aguardando fechamento da vela... (candles ok: 185)
[COLETOR] Ticks:   5,133 | 1.1628 @ 2026-09-03T20:56:05
[BOT] 1.1628 | Aguardando fechamento da vela... (candles ok: 185)
[COLETOR] Ticks:   5,134 | 1.1628 @ 2026-09-03T20:56:06
[BOT] 1.1628 | Aguardando fechamento da vela... (candles ok: 185)
[COLETOR] Ticks:   5,135 | 1.1628 @ 2026-09-03T20:56:07
[BOT] 1.1628 | Aguardando fechamento da vela... (candles ok: 185)
[COLETOR] Ticks:   5,136 | 1.1628 @ 2026-09-03T20:56:08
[BOT] 1.1628 | Aguardando fechamento da vela... (candles ok: 185)
[COLETOR] Ticks:   5,137 | 1.1628 @ 2026-09-03T20:56:09
[BOT] 1.1628 | Aguardando fechamento da vela... (candles ok: 185)
[COLETOR] Ticks:   5,138 | 1.1628 @ 2026-09-03T20:56:10
[BOT] 1.1628 | Aguardando fechamento da vela... (candles ok: 185)
[COLETOR] Ticks:   5,139 | 1.1628 @ 2026-09-03T20:56:11
[COLETOR] Ticks:   5,140 | 1.1628 @ 2026-09-03T20:56:12
[BOT] 1.1628 | Aguardando fechamento da vela... (candles ok: 185)
[BOT] 1.1628 | Aguardando fechamento da vela... (candles ok: 185)
[COLETOR] Ticks:   5,141 | 1.1628 @ 2026-09-03T20:56:13
[BOT] 1.1628 | Aguardando fechamento da vela... (candles ok: 185)
[COLETOR] Ticks:   5,142 | 1.1628 @ 2026-09-03T20:56:14
[BOT] 1.1628 | Aguardando fechamento da vela... (candles ok: 185)
[COLETOR] Ticks:   5,143 | 1.1628 @ 2026-09-03T20:56:15
[BOT] 1.1628 | Aguardando fechamento da vela... (candles ok: 185)
[COLETOR] Ticks:   5,144 | 1.1628 @ 2026-09-03T20:56:16
[BOT] 1.1628 | Aguardando fechamento da vela... (candles ok: 185)
[COLETOR] Ticks:   5,145 | 1.1628 @ 2026-09-03T20:56:17
[BOT] 1.1628 | Aguardando fechamento da vela... (candles ok: 185)
[COLETOR] Ticks:   5,146 | 1.1628 @ 2026-09-03T20:56:18
[BOT] 1.1628 | Aguardando fechamento da vela... (candles ok: 185)
[COLETOR] Ticks:   5,147 | 1.1628 @ 2026-09-03T20:56:19
[BOT] 1.1628 | Aguardando fechamento da vela... (candles ok: 185)
[COLETOR] Ticks:   5,148 | 1.1628 @ 2026-09-03T20:56:20
[BOT] 1.1628 | Aguardando fechamento da vela... (candles ok: 185)
[COLETOR] Ticks:   5,149 | 1.1628 @ 2026-09-03T20:56:21
[BOT] 1.1628 | Aguardando fechamento da vela... (candles ok: 185)
[COLETOR] Ticks:   5,150 | 1.1628 @ 2026-09-03T20:56:22
[BOT] 1.1628 | Aguardando fechamento da vela... (candles ok: 185)
[COLETOR] Ticks:   5,151 | 1.1628 @ 2026-09-03T20:56:23
[BOT] 1.1628 | Aguardando fechamento da vela... (candles ok: 185)
[COLETOR] Ticks:   5,152 | 1.1628 @ 2026-09-03T20:56:24
[BOT] 1.1628 | Aguardando fechamento da vela... (candles ok: 185)
[COLETOR] Ticks:   5,153 | 1.1628 @ 2026-09-03T20:56:25
[BOT] 1.1628 | Aguardando fechamento da vela... (candles ok: 185)
[COLETOR] Ticks:   5,154 | 1.1628 @ 2026-09-03T20:56:26
[BOT] 1.1628 | Aguardando fechamento da vela... (candles ok: 185)
[COLETOR] Ticks:   5,155 | 1.1628 @ 2026-09-03T20:56:27
[BOT] 1.1628 | Aguardando fechamento da vela... (candles ok: 185)
[COLETOR] Ticks:   5,156 | 1.1628 @ 2026-09-03T20:56:28
[BOT] 1.1628 | Aguardando fechamento da vela... (candles ok: 185)
[COLETOR] Ticks:   5,157 | 1.1628 @ 2026-09-03T20:56:29
[BOT] 1.1628 | Aguardando fechamento da vela... (candles ok: 185)
[COLETOR] Ticks:   5,158 | 1.1628 @ 2026-09-03T20:56:30
[BOT] 1.1628 | Aguardando fechamento da vela... (candles ok: 185)
[COLETOR] Ticks:   5,159 | 1.1628 @ 2026-09-03T20:56:31
[BOT] 1.1628 | Aguardando fechamento da vela... (candles ok: 185)
[COLETOR] Ticks:   5,160 | 1.1628 @ 2026-09-03T20:56:32
[BOT] 1.1628 | Aguardando fechamento da vela... (candles ok: 185)
[COLETOR] Ticks:   5,161 | 1.1628 @ 2026-09-03T20:56:33
[BOT] 1.1628 | Aguardando fechamento da vela... (candles ok: 185)
[COLETOR] Ticks:   5,162 | 1.16281 @ 2026-09-03T20:56:34
[BOT] 1.1628 | Aguardando fechamento da vela... (candles ok: 185)
[COLETOR] Ticks:   5,163 | 1.16281 @ 2026-09-03T20:56:35
[BOT] 1.1628 | Aguardando fechamento da vela... (candles ok: 185)
[COLETOR] Ticks:   5,164 | 1.16281 @ 2026-09-03T20:56:36
[BOT] 1.1628 | Aguardando fechamento da vela... (candles ok: 185)
[COLETOR] Ticks:   5,165 | 1.16281 @ 2026-09-03T20:56:37
[BOT] 1.1628 | Aguardando fechamento da vela... (candles ok: 185)
[COLETOR] Ticks:   5,166 | 1.16281 @ 2026-09-03T20:56:38
[BOT] 1.1628 | Aguardando fechamento da vela... (candles ok: 185)
[COLETOR] Ticks:   5,167 | 1.16282 @ 2026-09-03T20:56:39
[BOT] 1.1628 | Aguardando fechamento da vela... (candles ok: 185)
[COLETOR] Ticks:   5,168 | 1.16282 @ 2026-09-03T20:56:40
[BOT] 1.1628 | Aguardando fechamento da vela... (candles ok: 185)
[COLETOR] Ticks:   5,169 | 1.16282 @ 2026-09-03T20:56:41
[BOT] 1.1628 | Aguardando fechamento da vela... (candles ok: 185)
[COLETOR] Ticks:   5,170 | 1.16282 @ 2026-09-03T20:56:42
[COLETOR] Ticks:   5,171 | 1.16282 @ 2026-09-03T20:56:43
[BOT] 1.1628 | Aguardando fechamento da vela... (candles ok: 185)
[BOT] 1.1628 | Aguardando fechamento da vela... (candles ok: 185)
[COLETOR] Ticks:   5,172 | 1.16281 @ 2026-09-03T20:56:44
[BOT] 1.1628 | Aguardando fechamento da vela... (candles ok: 185)
[COLETOR] Ticks:   5,173 | 1.16281 @ 2026-09-03T20:56:45
[BOT] 1.1628 | Aguardando fechamento da vela... (candles ok: 185)
[COLETOR] Ticks:   5,174 | 1.16281 @ 2026-09-03T20:56:46
[BOT] 1.1628 | Aguardando fechamento da vela... (candles ok: 185)
[COLETOR] Ticks:   5,175 | 1.16281 @ 2026-09-03T20:56:47
[BOT] 1.1628 | Aguardando fechamento da vela... (candles ok: 185)
[COLETOR] Ticks:   5,176 | 1.16281 @ 2026-09-03T20:56:48
[BOT] 1.1628 | Aguardando fechamento da vela... (candles ok: 185)
[COLETOR] Ticks:   5,177 | 1.16281 @ 2026-09-03T20:56:49
[BOT] 1.1628 | Aguardando fechamento da vela... (candles ok: 185)
[COLETOR] Ticks:   5,178 | 1.16281 @ 2026-09-03T20:56:50
[BOT] 1.1628 | Aguardando fechamento da vela... (candles ok: 185)
[COLETOR] Ticks:   5,179 | 1.16281 @ 2026-09-03T20:56:51
[BOT] 1.1628 | Aguardando fechamento da vela... (candles ok: 185)
[COLETOR] Ticks:   5,180 | 1.16279 @ 2026-09-03T20:56:52
[BOT] 1.1628 | Aguardando fechamento da vela... (candles ok: 185)
[COLETOR] Ticks:   5,181 | 1.16279 @ 2026-09-03T20:56:53
[BOT] 1.1628 | Aguardando fechamento da vela... (candles ok: 185)
[COLETOR] Ticks:   5,182 | 1.16278 @ 2026-09-03T20:56:54
[BOT] 1.1628 | Aguardando fechamento da vela... (candles ok: 185)
[COLETOR] Ticks:   5,183 | 1.16278 @ 2026-09-03T20:56:55
[BOT] 1.1628 | Aguardando fechamento da vela... (candles ok: 185)
[COLETOR] Ticks:   5,184 | 1.16279 @ 2026-09-03T20:56:56
[BOT] 1.1628 | Aguardando fechamento da vela... (candles ok: 185)
[COLETOR] Ticks:   5,185 | 1.16279 @ 2026-09-03T20:56:57
[BOT] 1.1628 | Aguardando fechamento da vela... (candles ok: 185)
[COLETOR] Ticks:   5,186 | 1.16279 @ 2026-09-03T20:56:58
[BOT] 1.1628 | Aguardando fechamento da vela... (candles ok: 185)
[COLETOR] Ticks:   5,187 | 1.16279 @ 2026-09-03T20:56:59
[VELA] ━━━━━━━━━━━━━━━━━━━━━━━━━━━━━━━━
  🟢 Three White Soldiers (força: 0.72)
  Preço: 1.1628 | Contexto: Supply Zone + Resistência próxima + FVG Bearish
  Ação sugerida: BUY favorecido
[VELA] ━━━━━━━━━━━━━━━━━━━━━━━━━━━━━━━━
[TICK] 1.1628 | EMA9:1.1628 EMA21:1.1627 | RSI:61.5 ADX:22.4 MACD_H:+0.00001
[COLETOR] Ticks:   5,188 | 1.16279 @ 2026-09-03T20:57:00
[BOT] 1.1628 | Aguardando fechamento da vela... (candles ok: 186)
[COLETOR] Ticks:   5,189 | 1.16279 @ 2026-09-03T20:57:01
[BOT] 1.1628 | Aguardando fechamento da vela... (candles ok: 186)
[COLETOR] Ticks:   5,190 | 1.16279 @ 2026-09-03T20:57:02
[BOT] 1.1628 | Aguardando fechamento da vela... (candles ok: 186)
[COLETOR] Ticks:   5,191 | 1.16279 @ 2026-09-03T20:57:03
[BOT] 1.1628 | Aguardando fechamento da vela... (candles ok: 186)
[COLETOR] Ticks:   5,192 | 1.16279 @ 2026-09-03T20:57:04
[BOT] 1.1628 | Aguardando fechamento da vela... (candles ok: 186)
[COLETOR] Ticks:   5,193 | 1.16279 @ 2026-09-03T20:57:05
[BOT] 1.1628 | Aguardando fechamento da vela... (candles ok: 186)
[COLETOR] Ticks:   5,194 | 1.16279 @ 2026-09-03T20:57:06
[BOT] 1.1628 | Aguardando fechamento da vela... (candles ok: 186)
[COLETOR] Ticks:   5,195 | 1.16279 @ 2026-09-03T20:57:07
[BOT] 1.1628 | Aguardando fechamento da vela... (candles ok: 186)
[COLETOR] Ticks:   5,196 | 1.16279 @ 2026-09-03T20:57:08
[BOT] 1.1628 | Aguardando fechamento da vela... (candles ok: 186)
[COLETOR] Ticks:   5,197 | 1.16279 @ 2026-09-03T20:57:09
[BOT] 1.1628 | Aguardando fechamento da vela... (candles ok: 186)
[COLETOR] Ticks:   5,198 | 1.16279 @ 2026-09-03T20:57:10
[BOT] 1.1628 | Aguardando fechamento da vela... (candles ok: 186)
[COLETOR] Ticks:   5,199 | 1.16278 @ 2026-09-03T20:57:11
[BOT] 1.1628 | Aguardando fechamento da vela... (candles ok: 186)
[COLETOR] Ticks:   5,200 | 1.16279 @ 2026-09-03T20:57:12
[BOT] 1.1628 | Aguardando fechamento da vela... (candles ok: 186)
[COLETOR] Ticks:   5,201 | 1.16279 @ 2026-09-03T20:57:13
[BOT] 1.1628 | Aguardando fechamento da vela... (candles ok: 186)
[COLETOR] Ticks:   5,202 | 1.16279 @ 2026-09-03T20:57:14
[BOT] 1.1628 | Aguardando fechamento da vela... (candles ok: 186)
[COLETOR] Ticks:   5,203 | 1.16279 @ 2026-09-03T20:57:15
[BOT] 1.1628 | Aguardando fechamento da vela... (candles ok: 186)
[COLETOR] Ticks:   5,204 | 1.16281 @ 2026-09-03T20:57:16
[BOT] 1.1628 | Aguardando fechamento da vela... (candles ok: 186)
[COLETOR] Ticks:   5,205 | 1.16281 @ 2026-09-03T20:57:17
[BOT] 1.1628 | Aguardando fechamento da vela... (candles ok: 186)
[COLETOR] Ticks:   5,206 | 1.16281 @ 2026-09-03T20:57:18
[BOT] 1.1628 | Aguardando fechamento da vela... (candles ok: 186)
[COLETOR] Ticks:   5,207 | 1.16281 @ 2026-09-03T20:57:19
[BOT] 1.1628 | Aguardando fechamento da vela... (candles ok: 186)
[COLETOR] Ticks:   5,208 | 1.16281 @ 2026-09-03T20:57:20
[BOT] 1.1628 | Aguardando fechamento da vela... (candles ok: 186)
[COLETOR] Ticks:   5,209 | 1.16282 @ 2026-09-03T20:57:21
[BOT] 1.1628 | Aguardando fechamento da vela... (candles ok: 186)
[COLETOR] Ticks:   5,210 | 1.16282 @ 2026-09-03T20:57:22
[BOT] 1.1628 | Aguardando fechamento da vela... (candles ok: 186)
[COLETOR] Ticks:   5,211 | 1.16282 @ 2026-09-03T20:57:23
[BOT] 1.1628 | Aguardando fechamento da vela... (candles ok: 186)
[COLETOR] Ticks:   5,212 | 1.16282 @ 2026-09-03T20:57:24
[BOT] 1.1628 | Aguardando fechamento da vela... (candles ok: 186)
[COLETOR] Ticks:   5,213 | 1.16282 @ 2026-09-03T20:57:25
[BOT] 1.1628 | Aguardando fechamento da vela... (candles ok: 186)
[COLETOR] Ticks:   5,214 | 1.16282 @ 2026-09-03T20:57:26
[BOT] 1.1628 | Aguardando fechamento da vela... (candles ok: 186)
[COLETOR] Ticks:   5,215 | 1.16281 @ 2026-09-03T20:57:27
[BOT] 1.1628 | Aguardando fechamento da vela... (candles ok: 186)
[COLETOR] Ticks:   5,216 | 1.16282 @ 2026-09-03T20:57:28
[BOT] 1.1628 | Aguardando fechamento da vela... (candles ok: 186)
[COLETOR] Ticks:   5,217 | 1.16282 @ 2026-09-03T20:57:29
[BOT] 1.1628 | Aguardando fechamento da vela... (candles ok: 186)
[COLETOR] Ticks:   5,218 | 1.16282 @ 2026-09-03T20:57:30
[BOT] 1.1628 | Aguardando fechamento da vela... (candles ok: 186)
[COLETOR] Ticks:   5,219 | 1.16282 @ 2026-09-03T20:57:31
[BOT] 1.1628 | Aguardando fechamento da vela... (candles ok: 186)
[COLETOR] Ticks:   5,220 | 1.16282 @ 2026-09-03T20:57:32
[BOT] 1.1628 | Aguardando fechamento da vela... (candles ok: 186)
[COLETOR] Ticks:   5,221 | 1.16282 @ 2026-09-03T20:57:33
[BOT] 1.1628 | Aguardando fechamento da vela... (candles ok: 186)
[COLETOR] Ticks:   5,222 | 1.16282 @ 2026-09-03T20:57:34
[BOT] 1.1628 | Aguardando fechamento da vela... (candles ok: 186)
[COLETOR] Ticks:   5,223 | 1.16282 @ 2026-09-03T20:57:35
[BOT] 1.1628 | Aguardando fechamento da vela... (candles ok: 186)
[COLETOR] Ticks:   5,224 | 1.16282 @ 2026-09-03T20:57:36
[BOT] 1.1628 | Aguardando fechamento da vela... (candles ok: 186)
[COLETOR] Ticks:   5,225 | 1.16282 @ 2026-09-03T20:57:37
[BOT] 1.1628 | Aguardando fechamento da vela... (candles ok: 186)
[COLETOR] Ticks:   5,226 | 1.1628 @ 2026-09-03T20:57:38
[BOT] 1.1628 | Aguardando fechamento da vela... (candles ok: 186)
[COLETOR] Ticks:   5,227 | 1.16281 @ 2026-09-03T20:57:39
[BOT] 1.1628 | Aguardando fechamento da vela... (candles ok: 186)
[COLETOR] Ticks:   5,228 | 1.16281 @ 2026-09-03T20:57:40
[BOT] 1.1628 | Aguardando fechamento da vela... (candles ok: 186)
[COLETOR] Ticks:   5,229 | 1.16281 @ 2026-09-03T20:57:41
[BOT] 1.1628 | Aguardando fechamento da vela... (candles ok: 186)
[COLETOR] Ticks:   5,230 | 1.16281 @ 2026-09-03T20:57:42
[COLETOR] Ticks:   5,231 | 1.16281 @ 2026-09-03T20:57:43
[BOT] 1.1628 | Aguardando fechamento da vela... (candles ok: 186)
[BOT] 1.1628 | Aguardando fechamento da vela... (candles ok: 186)
[COLETOR] Ticks:   5,232 | 1.1628 @ 2026-09-03T20:57:44
[BOT] 1.1628 | Aguardando fechamento da vela... (candles ok: 186)
[COLETOR] Ticks:   5,233 | 1.1628 @ 2026-09-03T20:57:45
[BOT] 1.1628 | Aguardando fechamento da vela... (candles ok: 186)
[COLETOR] Ticks:   5,234 | 1.1628 @ 2026-09-03T20:57:46
[BOT] 1.1628 | Aguardando fechamento da vela... (candles ok: 186)
[COLETOR] Ticks:   5,235 | 1.1628 @ 2026-09-03T20:57:47
[BOT] 1.1628 | Aguardando fechamento da vela... (candles ok: 186)
[COLETOR] Ticks:   5,236 | 1.1628 @ 2026-09-03T20:57:48
[BOT] 1.1628 | Aguardando fechamento da vela... (candles ok: 186)
[COLETOR] Ticks:   5,237 | 1.1628 @ 2026-09-03T20:57:49
[BOT] 1.1628 | Aguardando fechamento da vela... (candles ok: 186)
[COLETOR] Ticks:   5,238 | 1.1628 @ 2026-09-03T20:57:50
[BOT] 1.1628 | Aguardando fechamento da vela... (candles ok: 186)
[COLETOR] Ticks:   5,239 | 1.1628 @ 2026-09-03T20:57:51
[BOT] 1.1628 | Aguardando fechamento da vela... (candles ok: 186)
[COLETOR] Ticks:   5,240 | 1.1628 @ 2026-09-03T20:57:52
[BOT] 1.1628 | Aguardando fechamento da vela... (candles ok: 186)
[COLETOR] Ticks:   5,241 | 1.1628 @ 2026-09-03T20:57:53
[COLETOR] Ticks:   5,242 | 1.1628 @ 2026-09-03T20:57:54
[BOT] 1.1628 | Aguardando fechamento da vela... (candles ok: 186)
[BOT] 1.1628 | Aguardando fechamento da vela... (candles ok: 186)
[COLETOR] Ticks:   5,243 | 1.1628 @ 2026-09-03T20:57:55
[BOT] 1.1628 | Aguardando fechamento da vela... (candles ok: 186)
[COLETOR] Ticks:   5,244 | 1.1628 @ 2026-09-03T20:57:56
[BOT] 1.1628 | Aguardando fechamento da vela... (candles ok: 186)
[COLETOR] Ticks:   5,245 | 1.1628 @ 2026-09-03T20:57:57
[BOT] 1.1628 | Aguardando fechamento da vela... (candles ok: 186)
[COLETOR] Ticks:   5,246 | 1.16282 @ 2026-09-03T20:57:58
[BOT] 1.1628 | Aguardando fechamento da vela... (candles ok: 186)
[COLETOR] Ticks:   5,247 | 1.16282 @ 2026-09-03T20:57:59
[VELA] ━━━━━━━━━━━━━━━━━━━━━━━━━━━━━━━━
  🟢 Three White Soldiers (força: 0.72)
  Preço: 1.1628 | Contexto: Supply Zone + Resistência próxima + FVG Bearish
  Ação sugerida: BUY favorecido
[VELA] ━━━━━━━━━━━━━━━━━━━━━━━━━━━━━━━━
[TICK] 1.1628 | EMA9:1.1628 EMA21:1.1627 | RSI:63.6 ADX:22.7 MACD_H:+0.00001
[COLETOR] Ticks:   5,248 | 1.16284 @ 2026-09-03T20:58:00
[BOT] 1.1628 | Aguardando fechamento da vela... (candles ok: 187)
[COLETOR] Ticks:   5,249 | 1.16285 @ 2026-09-03T20:58:01
[BOT] 1.1628 | Aguardando fechamento da vela... (candles ok: 187)
[COLETOR] Ticks:   5,250 | 1.16285 @ 2026-09-03T20:58:02
[BOT] 1.1628 | Aguardando fechamento da vela... (candles ok: 187)
[COLETOR] Ticks:   5,251 | 1.16284 @ 2026-09-03T20:58:03
[BOT] 1.1628 | Aguardando fechamento da vela... (candles ok: 187)
[COLETOR] Ticks:   5,252 | 1.16284 @ 2026-09-03T20:58:04
[BOT] 1.1628 | Aguardando fechamento da vela... (candles ok: 187)
[COLETOR] Ticks:   5,253 | 1.16284 @ 2026-09-03T20:58:05
[BOT] 1.1628 | Aguardando fechamento da vela... (candles ok: 187)
[COLETOR] Ticks:   5,254 | 1.16284 @ 2026-09-03T20:58:06
[BOT] 1.1628 | Aguardando fechamento da vela... (candles ok: 187)
[COLETOR] Ticks:   5,255 | 1.16284 @ 2026-09-03T20:58:07
[BOT] 1.1628 | Aguardando fechamento da vela... (candles ok: 187)
[COLETOR] Ticks:   5,256 | 1.16284 @ 2026-09-03T20:58:08
[BOT] 1.1628 | Aguardando fechamento da vela... (candles ok: 187)
[COLETOR] Ticks:   5,257 | 1.16284 @ 2026-09-03T20:58:09
[BOT] 1.1628 | Aguardando fechamento da vela... (candles ok: 187)
[COLETOR] Ticks:   5,258 | 1.16284 @ 2026-09-03T20:58:10
[BOT] 1.1628 | Aguardando fechamento da vela... (candles ok: 187)
[COLETOR] Ticks:   5,259 | 1.16284 @ 2026-09-03T20:58:11
[BOT] 1.1628 | Aguardando fechamento da vela... (candles ok: 187)
[COLETOR] Ticks:   5,260 | 1.16284 @ 2026-09-03T20:58:12
[BOT] 1.1628 | Aguardando fechamento da vela... (candles ok: 187)
[COLETOR] Ticks:   5,261 | 1.16284 @ 2026-09-03T20:58:13
[BOT] 1.1628 | Aguardando fechamento da vela... (candles ok: 187)
[COLETOR] Ticks:   5,262 | 1.16284 @ 2026-09-03T20:58:14
[BOT] 1.1628 | Aguardando fechamento da vela... (candles ok: 187)
[COLETOR] Ticks:   5,263 | 1.16282 @ 2026-09-03T20:58:15
[BOT] 1.1628 | Aguardando fechamento da vela... (candles ok: 187)
[COLETOR] Ticks:   5,264 | 1.16282 @ 2026-09-03T20:58:16
[BOT] 1.1628 | Aguardando fechamento da vela... (candles ok: 187)
[COLETOR] Ticks:   5,265 | 1.16281 @ 2026-09-03T20:58:17
[BOT] 1.1628 | Aguardando fechamento da vela... (candles ok: 187)
[COLETOR] Ticks:   5,266 | 1.16281 @ 2026-09-03T20:58:18
[BOT] 1.1628 | Aguardando fechamento da vela... (candles ok: 187)
[COLETOR] Ticks:   5,267 | 1.16281 @ 2026-09-03T20:58:19
[BOT] 1.1628 | Aguardando fechamento da vela... (candles ok: 187)
[COLETOR] Ticks:   5,268 | 1.1628 @ 2026-09-03T20:58:20
[BOT] 1.1628 | Aguardando fechamento da vela... (candles ok: 187)
[COLETOR] Ticks:   5,269 | 1.1628 @ 2026-09-03T20:58:21
[BOT] 1.1628 | Aguardando fechamento da vela... (candles ok: 187)
[COLETOR] Ticks:   5,270 | 1.16282 @ 2026-09-03T20:58:22
[COLETOR] Ticks:   5,271 | 1.16282 @ 2026-09-03T20:58:23
[BOT] 1.1628 | Aguardando fechamento da vela... (candles ok: 187)
[BOT] 1.1628 | Aguardando fechamento da vela... (candles ok: 187)
[COLETOR] Ticks:   5,272 | 1.16282 @ 2026-09-03T20:58:24
[BOT] 1.1628 | Aguardando fechamento da vela... (candles ok: 187)
[COLETOR] Ticks:   5,273 | 1.16281 @ 2026-09-03T20:58:25
[BOT] 1.1628 | Aguardando fechamento da vela... (candles ok: 187)
[COLETOR] Ticks:   5,274 | 1.16281 @ 2026-09-03T20:58:26
[BOT] 1.1628 | Aguardando fechamento da vela... (candles ok: 187)
[COLETOR] Ticks:   5,275 | 1.16281 @ 2026-09-03T20:58:27
[BOT] 1.1628 | Aguardando fechamento da vela... (candles ok: 187)
[COLETOR] Ticks:   5,276 | 1.16282 @ 2026-09-03T20:58:28
[BOT] 1.1628 | Aguardando fechamento da vela... (candles ok: 187)
[COLETOR] Ticks:   5,277 | 1.16282 @ 2026-09-03T20:58:29
[BOT] 1.1628 | Aguardando fechamento da vela... (candles ok: 187)
[COLETOR] Ticks:   5,278 | 1.16282 @ 2026-09-03T20:58:30
[BOT] 1.1628 | Aguardando fechamento da vela... (candles ok: 187)
[COLETOR] Ticks:   5,279 | 1.16282 @ 2026-09-03T20:58:31
[BOT] 1.1628 | Aguardando fechamento da vela... (candles ok: 187)
[COLETOR] Ticks:   5,280 | 1.16282 @ 2026-09-03T20:58:32
[BOT] 1.1628 | Aguardando fechamento da vela... (candles ok: 187)
[COLETOR] Ticks:   5,281 | 1.16282 @ 2026-09-03T20:58:33
[BOT] 1.1628 | Aguardando fechamento da vela... (candles ok: 187)
[COLETOR] Ticks:   5,282 | 1.16282 @ 2026-09-03T20:58:34
[BOT] 1.1628 | Aguardando fechamento da vela... (candles ok: 187)
[COLETOR] Ticks:   5,283 | 1.16282 @ 2026-09-03T20:58:35
[BOT] 1.1628 | Aguardando fechamento da vela... (candles ok: 187)
[COLETOR] Ticks:   5,284 | 1.16281 @ 2026-09-03T20:58:36
[BOT] 1.1628 | Aguardando fechamento da vela... (candles ok: 187)
[COLETOR] Ticks:   5,285 | 1.16282 @ 2026-09-03T20:58:37
[BOT] 1.1628 | Aguardando fechamento da vela... (candles ok: 187)
[COLETOR] Ticks:   5,286 | 1.16285 @ 2026-09-03T20:58:38
[BOT] 1.1628 | Aguardando fechamento da vela... (candles ok: 187)
[COLETOR] Ticks:   5,287 | 1.16285 @ 2026-09-03T20:58:39    [TFT] época  10/20 | val_loss=0.7438 | lr=2.26e-04 | patience=4/10
[BOT] 1.1628 | Aguardando fechamento da vela... (candles ok: 187)
[COLETOR] Ticks:   5,288 | 1.16284 @ 2026-09-03T20:58:40
[BOT] 1.1628 | Aguardando fechamento da vela... (candles ok: 187)
[COLETOR] Ticks:   5,289 | 1.16284 @ 2026-09-03T20:58:41
[BOT] 1.1628 | Aguardando fechamento da vela... (candles ok: 187)
[COLETOR] Ticks:   5,290 | 1.16283 @ 2026-09-03T20:58:42
[BOT] 1.1628 | Aguardando fechamento da vela... (candles ok: 187)
[COLETOR] Ticks:   5,291 | 1.16284 @ 2026-09-03T20:58:43
[BOT] 1.1628 | Aguardando fechamento da vela... (candles ok: 187)
[COLETOR] Ticks:   5,292 | 1.16284 @ 2026-09-03T20:58:44
[BOT] 1.1628 | Aguardando fechamento da vela... (candles ok: 187)
[COLETOR] Ticks:   5,293 | 1.16284 @ 2026-09-03T20:58:45
[BOT] 1.1628 | Aguardando fechamento da vela... (candles ok: 187)
[COLETOR] Ticks:   5,294 | 1.16284 @ 2026-09-03T20:58:46
[BOT] 1.1628 | Aguardando fechamento da vela... (candles ok: 187)
[COLETOR] Ticks:   5,295 | 1.16284 @ 2026-09-03T20:58:47
[BOT] 1.1628 | Aguardando fechamento da vela... (candles ok: 187)
[COLETOR] Ticks:   5,296 | 1.16284 @ 2026-09-03T20:58:48
[BOT] 1.1628 | Aguardando fechamento da vela... (candles ok: 187)
[COLETOR] Ticks:   5,297 | 1.16284 @ 2026-09-03T20:58:49
[BOT] 1.1628 | Aguardando fechamento da vela... (candles ok: 187)
[COLETOR] Ticks:   5,298 | 1.16284 @ 2026-09-03T20:58:50
[BOT] 1.1628 | Aguardando fechamento da vela... (candles ok: 187)
[COLETOR] Ticks:   5,299 | 1.16284 @ 2026-09-03T20:58:51
[BOT] 1.1628 | Aguardando fechamento da vela... (candles ok: 187)
[COLETOR] Ticks:   5,300 | 1.16284 @ 2026-09-03T20:58:52
[BOT] 1.1628 | Aguardando fechamento da vela... (candles ok: 187)
[COLETOR] Ticks:   5,301 | 1.16284 @ 2026-09-03T20:58:53
[BOT] 1.1628 | Aguardando fechamento da vela... (candles ok: 187)
[COLETOR] Ticks:   5,302 | 1.16284 @ 2026-09-03T20:58:54
[BOT] 1.1628 | Aguardando fechamento da vela... (candles ok: 187)
[COLETOR] Ticks:   5,303 | 1.16284 @ 2026-09-03T20:58:55
[BOT] 1.1628 | Aguardando fechamento da vela... (candles ok: 187)
[COLETOR] Ticks:   5,304 | 1.16284 @ 2026-09-03T20:58:56
[BOT] 1.1628 | Aguardando fechamento da vela... (candles ok: 187)
[COLETOR] Ticks:   5,305 | 1.16284 @ 2026-09-03T20:58:57
[BOT] 1.1628 | Aguardando fechamento da vela... (candles ok: 187)
[COLETOR] Ticks:   5,306 | 1.16284 @ 2026-09-03T20:58:58
[BOT] 1.1628 | Aguardando fechamento da vela... (candles ok: 187)
[COLETOR] Ticks:   5,307 | 1.16284 @ 2026-09-03T20:58:59
[VELA] ━━━━━━━━━━━━━━━━━━━━━━━━━━━━━━━━
  🟢 Three White Soldiers (força: 0.72)
  Preço: 1.1628 | Contexto: Supply Zone + Resistência próxima + FVG Bearish
  Ação sugerida: BUY favorecido
[VELA] ━━━━━━━━━━━━━━━━━━━━━━━━━━━━━━━━
[TICK] 1.1628 | EMA9:1.1628 EMA21:1.1627 | RSI:65.1 ADX:23.2 MACD_H:+0.00001
[COLETOR] Ticks:   5,308 | 1.16284 @ 2026-09-03T20:59:00
[BOT] 1.1628 | Aguardando fechamento da vela... (candles ok: 188)
[COLETOR] Ticks:   5,309 | 1.16284 @ 2026-09-03T20:59:01
[BOT] 1.1628 | Aguardando fechamento da vela... (candles ok: 188)
[COLETOR] Ticks:   5,310 | 1.16282 @ 2026-09-03T20:59:02
[BOT] 1.1628 | Aguardando fechamento da vela... (candles ok: 188)
[COLETOR] Ticks:   5,311 | 1.16282 @ 2026-09-03T20:59:03
[BOT] 1.1628 | Aguardando fechamento da vela... (candles ok: 188)
[COLETOR] Ticks:   5,312 | 1.16282 @ 2026-09-03T20:59:04
[BOT] 1.1628 | Aguardando fechamento da vela... (candles ok: 188)
[COLETOR] Ticks:   5,313 | 1.16282 @ 2026-09-03T20:59:05
[BOT] 1.1628 | Aguardando fechamento da vela... (candles ok: 188)
[COLETOR] Ticks:   5,314 | 1.16282 @ 2026-09-03T20:59:06
[COLETOR] Ticks:   5,315 | 1.16282 @ 2026-09-03T20:59:07
[BOT] 1.1628 | Aguardando fechamento da vela... (candles ok: 188)
[BOT] 1.1628 | Aguardando fechamento da vela... (candles ok: 188)
[COLETOR] Ticks:   5,316 | 1.16282 @ 2026-09-03T20:59:08
[BOT] 1.1628 | Aguardando fechamento da vela... (candles ok: 188)
[COLETOR] Ticks:   5,317 | 1.16282 @ 2026-09-03T20:59:09
[BOT] 1.1628 | Aguardando fechamento da vela... (candles ok: 188)
[COLETOR] Ticks:   5,318 | 1.16282 @ 2026-09-03T20:59:10
[BOT] 1.1628 | Aguardando fechamento da vela... (candles ok: 188)
[COLETOR] Ticks:   5,319 | 1.16282 @ 2026-09-03T20:59:11
[BOT] 1.1628 | Aguardando fechamento da vela... (candles ok: 188)
[COLETOR] Ticks:   5,320 | 1.16282 @ 2026-09-03T20:59:12
[BOT] 1.1628 | Aguardando fechamento da vela... (candles ok: 188)
[COLETOR] Ticks:   5,321 | 1.16282 @ 2026-09-03T20:59:13
[BOT] 1.1628 | Aguardando fechamento da vela... (candles ok: 188)
[COLETOR] Ticks:   5,322 | 1.16283 @ 2026-09-03T20:59:14
[BOT] 1.1628 | Aguardando fechamento da vela... (candles ok: 188)
[COLETOR] Ticks:   5,323 | 1.16283 @ 2026-09-03T20:59:15
[BOT] 1.1628 | Aguardando fechamento da vela... (candles ok: 188)
[COLETOR] Ticks:   5,324 | 1.16283 @ 2026-09-03T20:59:16
[BOT] 1.1628 | Aguardando fechamento da vela... (candles ok: 188)
[COLETOR] Ticks:   5,325 | 1.16283 @ 2026-09-03T20:59:17
[BOT] 1.1628 | Aguardando fechamento da vela... (candles ok: 188)
[COLETOR] Ticks:   5,326 | 1.16283 @ 2026-09-03T20:59:18
[BOT] 1.1628 | Aguardando fechamento da vela... (candles ok: 188)
[COLETOR] Ticks:   5,327 | 1.16282 @ 2026-09-03T20:59:19
[BOT] 1.1628 | Aguardando fechamento da vela... (candles ok: 188)
[COLETOR] Ticks:   5,328 | 1.16283 @ 2026-09-03T20:59:20
[BOT] 1.1628 | Aguardando fechamento da vela... (candles ok: 188)
[COLETOR] Ticks:   5,329 | 1.16282 @ 2026-09-03T20:59:21
[BOT] 1.1628 | Aguardando fechamento da vela... (candles ok: 188)
[COLETOR] Ticks:   5,330 | 1.16283 @ 2026-09-03T20:59:22
[BOT] 1.1628 | Aguardando fechamento da vela... (candles ok: 188)
[COLETOR] Ticks:   5,331 | 1.16282 @ 2026-09-03T20:59:23
[BOT] 1.1628 | Aguardando fechamento da vela... (candles ok: 188)
[COLETOR] Ticks:   5,332 | 1.16283 @ 2026-09-03T20:59:24
[BOT] 1.1628 | Aguardando fechamento da vela... (candles ok: 188)
[COLETOR] Ticks:   5,333 | 1.16282 @ 2026-09-03T20:59:25
[BOT] 1.1628 | Aguardando fechamento da vela... (candles ok: 188)
[COLETOR] Ticks:   5,334 | 1.16283 @ 2026-09-03T20:59:26
[BOT] 1.1628 | Aguardando fechamento da vela... (candles ok: 188)
[COLETOR] Ticks:   5,335 | 1.16282 @ 2026-09-03T20:59:27
[BOT] 1.1628 | Aguardando fechamento da vela... (candles ok: 188)
[COLETOR] Ticks:   5,336 | 1.16283 @ 2026-09-03T20:59:28
[BOT] 1.1628 | Aguardando fechamento da vela... (candles ok: 188)
[COLETOR] Ticks:   5,337 | 1.16282 @ 2026-09-03T20:59:29
[BOT] 1.1628 | Aguardando fechamento da vela... (candles ok: 188)
[COLETOR] Ticks:   5,338 | 1.16283 @ 2026-09-03T20:59:30
[BOT] 1.1628 | Aguardando fechamento da vela... (candles ok: 188)
[COLETOR] Ticks:   5,339 | 1.16283 @ 2026-09-03T20:59:31
[BOT] 1.1628 | Aguardando fechamento da vela... (candles ok: 188)
[COLETOR] Ticks:   5,340 | 1.16282 @ 2026-09-03T20:59:32
[BOT] 1.1628 | Aguardando fechamento da vela... (candles ok: 188)
[COLETOR] Ticks:   5,341 | 1.16281 @ 2026-09-03T20:59:33
[BOT] 1.1628 | Aguardando fechamento da vela... (candles ok: 188)
[COLETOR] Ticks:   5,342 | 1.16281 @ 2026-09-03T20:59:34
[BOT] 1.1628 | Aguardando fechamento da vela... (candles ok: 188)
[COLETOR] Ticks:   5,343 | 1.16282 @ 2026-09-03T20:59:35
[BOT] 1.1628 | Aguardando fechamento da vela... (candles ok: 188)
[COLETOR] Ticks:   5,344 | 1.16282 @ 2026-09-03T20:59:36
[COLETOR] Ticks:   5,345 | 1.16281 @ 2026-09-03T20:59:37
[BOT] 1.1628 | Aguardando fechamento da vela... (candles ok: 188)
[BOT] 1.1628 | Aguardando fechamento da vela... (candles ok: 188)
[COLETOR] Ticks:   5,346 | 1.16281 @ 2026-09-03T20:59:38
[BOT] 1.1628 | Aguardando fechamento da vela... (candles ok: 188)
[COLETOR] Ticks:   5,347 | 1.16281 @ 2026-09-03T20:59:39
[BOT] 1.1628 | Aguardando fechamento da vela... (candles ok: 188)
[COLETOR] Ticks:   5,348 | 1.16281 @ 2026-09-03T20:59:40
[BOT] 1.1628 | Aguardando fechamento da vela... (candles ok: 188)
[COLETOR] Ticks:   5,349 | 1.16281 @ 2026-09-03T20:59:41
[BOT] 1.1628 | Aguardando fechamento da vela... (candles ok: 188)
[COLETOR] Ticks:   5,350 | 1.16281 @ 2026-09-03T20:59:42
[BOT] 1.1628 | Aguardando fechamento da vela... (candles ok: 188)
[COLETOR] Ticks:   5,351 | 1.16281 @ 2026-09-03T20:59:43
[BOT] 1.1628 | Aguardando fechamento da vela... (candles ok: 188)
[COLETOR] Ticks:   5,352 | 1.16281 @ 2026-09-03T20:59:44
[BOT] 1.1628 | Aguardando fechamento da vela... (candles ok: 188)
[COLETOR] Ticks:   5,353 | 1.16281 @ 2026-09-03T20:59:45
[BOT] 1.1628 | Aguardando fechamento da vela... (candles ok: 188)
[COLETOR] Ticks:   5,354 | 1.16281 @ 2026-09-03T20:59:46
[BOT] 1.1628 | Aguardando fechamento da vela... (candles ok: 188)
[COLETOR] Ticks:   5,355 | 1.16281 @ 2026-09-03T20:59:47
[BOT] 1.1628 | Aguardando fechamento da vela... (candles ok: 188)
[COLETOR] Ticks:   5,356 | 1.16281 @ 2026-09-03T20:59:48
[BOT] 1.1628 | Aguardando fechamento da vela... (candles ok: 188)
[COLETOR] Ticks:   5,357 | 1.16281 @ 2026-09-03T20:59:49
[BOT] 1.1628 | Aguardando fechamento da vela... (candles ok: 188)
[COLETOR] Ticks:   5,358 | 1.16281 @ 2026-09-03T20:59:50
[BOT] 1.1628 | Aguardando fechamento da vela... (candles ok: 188)
[COLETOR] Ticks:   5,359 | 1.16281 @ 2026-09-03T20:59:51
[BOT] 1.1628 | Aguardando fechamento da vela... (candles ok: 188)
[COLETOR] Ticks:   5,360 | 1.16281 @ 2026-09-03T20:59:52
[BOT] 1.1628 | Aguardando fechamento da vela... (candles ok: 188)
[COLETOR] Ticks:   5,361 | 1.16281 @ 2026-09-03T20:59:53
[BOT] 1.1628 | Aguardando fechamento da vela... (candles ok: 188)
[COLETOR] Ticks:   5,362 | 1.1628 @ 2026-09-03T20:59:54
[BOT] 1.1628 | Aguardando fechamento da vela... (candles ok: 188)
[COLETOR] Ticks:   5,363 | 1.1628 @ 2026-09-03T20:59:55
[BOT] 1.1628 | Aguardando fechamento da vela... (candles ok: 188)
[COLETOR] Ticks:   5,364 | 1.16281 @ 2026-09-03T20:59:56
[BOT] 1.1628 | Aguardando fechamento da vela... (candles ok: 188)
[COLETOR] Ticks:   5,365 | 1.16281 @ 2026-09-03T20:59:57
[BOT] 1.1628 | Aguardando fechamento da vela... (candles ok: 188)
[COLETOR] Ticks:   5,366 | 1.1628 @ 2026-09-03T20:59:58
[BOT] 1.1628 | Aguardando fechamento da vela... (candles ok: 188)
[COLETOR] Ticks:   5,367 | 1.1628 @ 2026-09-03T20:59:59
[TICK] 1.1628 | EMA9:1.1628 EMA21:1.1627 | RSI:60.0 ADX:23.2 MACD_H:+0.00000
[COLETOR] Ticks:   5,368 | 1.1628 @ 2026-09-03T21:00:00
[BOT] 1.1628 | Aguardando fechamento da vela... (candles ok: 189)
[COLETOR] Ticks:   5,369 | 1.16281 @ 2026-09-03T21:00:01
[BOT] 1.1628 | Aguardando fechamento da vela... (candles ok: 189)
[COLETOR] Ticks:   5,370 | 1.1628 @ 2026-09-03T21:00:02
[BOT] 1.1628 | Aguardando fechamento da vela... (candles ok: 189)
[COLETOR] Ticks:   5,371 | 1.16281 @ 2026-09-03T21:00:03
[BOT] 1.1628 | Aguardando fechamento da vela... (candles ok: 189)
[COLETOR] Ticks:   5,372 | 1.16278 @ 2026-09-03T21:00:04
[BOT] 1.1628 | Aguardando fechamento da vela... (candles ok: 189)
[COLETOR] Ticks:   5,373 | 1.1628 @ 2026-09-03T21:00:05
[BOT] 1.1628 | Aguardando fechamento da vela... (candles ok: 189)
[COLETOR] Ticks:   5,374 | 1.16276 @ 2026-09-03T21:00:06
[BOT] 1.1628 | Aguardando fechamento da vela... (candles ok: 189)
[COLETOR] Ticks:   5,375 | 1.16276 @ 2026-09-03T21:00:07
[BOT] 1.1628 | Aguardando fechamento da vela... (candles ok: 189)
[COLETOR] Ticks:   5,376 | 1.1628 @ 2026-09-03T21:00:08
[BOT] 1.1628 | Aguardando fechamento da vela... (candles ok: 189)
[COLETOR] Ticks:   5,377 | 1.16281 @ 2026-09-03T21:00:09
[BOT] 1.1628 | Aguardando fechamento da vela... (candles ok: 189)
[COLETOR] Ticks:   5,378 | 1.16281 @ 2026-09-03T21:00:10
[BOT] 1.1628 | Aguardando fechamento da vela... (candles ok: 189)
[COLETOR] Ticks:   5,379 | 1.16281 @ 2026-09-03T21:00:11
[BOT] 1.1628 | Aguardando fechamento da vela... (candles ok: 189)
[COLETOR] Ticks:   5,380 | 1.1628 @ 2026-09-03T21:00:12
[BOT] 1.1628 | Aguardando fechamento da vela... (candles ok: 189)
[COLETOR] Ticks:   5,381 | 1.1628 @ 2026-09-03T21:00:13
[BOT] 1.1628 | Aguardando fechamento da vela... (candles ok: 189)
[COLETOR] Ticks:   5,382 | 1.16279 @ 2026-09-03T21:00:14
[BOT] 1.1628 | Aguardando fechamento da vela... (candles ok: 189)
[COLETOR] Ticks:   5,383 | 1.1628 @ 2026-09-03T21:00:15
[BOT] 1.1628 | Aguardando fechamento da vela... (candles ok: 189)
[COLETOR] Ticks:   5,384 | 1.1628 @ 2026-09-03T21:00:16
[BOT] 1.1628 | Aguardando fechamento da vela... (candles ok: 189)
[COLETOR] Ticks:   5,385 | 1.16282 @ 2026-09-03T21:00:17
[BOT] 1.1628 | Aguardando fechamento da vela... (candles ok: 189)
[COLETOR] Ticks:   5,386 | 1.16282 @ 2026-09-03T21:00:18
[BOT] 1.1628 | Aguardando fechamento da vela... (candles ok: 189)
[COLETOR] Ticks:   5,387 | 1.16282 @ 2026-09-03T21:00:19
[BOT] 1.1628 | Aguardando fechamento da vela... (candles ok: 189)
[COLETOR] Ticks:   5,388 | 1.16282 @ 2026-09-03T21:00:20
[BOT] 1.1628 | Aguardando fechamento da vela... (candles ok: 189)
[COLETOR] Ticks:   5,389 | 1.16285 @ 2026-09-03T21:00:21
[BOT] 1.1628 | Aguardando fechamento da vela... (candles ok: 189)
[COLETOR] Ticks:   5,390 | 1.16285 @ 2026-09-03T21:00:22
[BOT] 1.1628 | Aguardando fechamento da vela... (candles ok: 189)
[COLETOR] Ticks:   5,391 | 1.16285 @ 2026-09-03T21:00:23
[BOT] 1.1628 | Aguardando fechamento da vela... (candles ok: 189)
[COLETOR] Ticks:   5,392 | 1.16284 @ 2026-09-03T21:00:24
[BOT] 1.1628 | Aguardando fechamento da vela... (candles ok: 189)
[COLETOR] Ticks:   5,393 | 1.16284 @ 2026-09-03T21:00:25
[BOT] 1.1628 | Aguardando fechamento da vela... (candles ok: 189)
[COLETOR] Ticks:   5,394 | 1.16284 @ 2026-09-03T21:00:26
[BOT] 1.1628 | Aguardando fechamento da vela... (candles ok: 189)
[COLETOR] Ticks:   5,395 | 1.16283 @ 2026-09-03T21:00:27
[BOT] 1.1628 | Aguardando fechamento da vela... (candles ok: 189)
[COLETOR] Ticks:   5,396 | 1.16283 @ 2026-09-03T21:00:28
[COLETOR] Ticks:   5,397 | 1.16283 @ 2026-09-03T21:00:29
[BOT] 1.1628 | Aguardando fechamento da vela... (candles ok: 189)
[BOT] 1.1628 | Aguardando fechamento da vela... (candles ok: 189)
[COLETOR] Ticks:   5,398 | 1.16283 @ 2026-09-03T21:00:30
[COLETOR] Ticks:   5,399 | 1.16285 @ 2026-09-03T21:00:31
[BOT] 1.1628 | Aguardando fechamento da vela... (candles ok: 189)
[BOT] 1.1628 | Aguardando fechamento da vela... (candles ok: 189)
[COLETOR] Ticks:   5,400 | 1.16285 @ 2026-09-03T21:00:32
[BOT] 1.1628 | Aguardando fechamento da vela... (candles ok: 189)
[COLETOR] Ticks:   5,401 | 1.16285 @ 2026-09-03T21:00:33
[BOT] 1.1628 | Aguardando fechamento da vela... (candles ok: 189)
[COLETOR] Ticks:   5,402 | 1.16285 @ 2026-09-03T21:00:34
[BOT] 1.1628 | Aguardando fechamento da vela... (candles ok: 189)
[COLETOR] Ticks:   5,403 | 1.16285 @ 2026-09-03T21:00:35
[BOT] 1.1628 | Aguardando fechamento da vela... (candles ok: 189)
[COLETOR] Ticks:   5,404 | 1.16285 @ 2026-09-03T21:00:36
[BOT] 1.1628 | Aguardando fechamento da vela... (candles ok: 189)
[COLETOR] Ticks:   5,405 | 1.16285 @ 2026-09-03T21:00:37
[BOT] 1.1628 | Aguardando fechamento da vela... (candles ok: 189)
[COLETOR] Ticks:   5,406 | 1.16285 @ 2026-09-03T21:00:38
[BOT] 1.1628 | Aguardando fechamento da vela... (candles ok: 189)
[COLETOR] Ticks:   5,407 | 1.16284 @ 2026-09-03T21:00:39
[BOT] 1.1628 | Aguardando fechamento da vela... (candles ok: 189)
[COLETOR] Ticks:   5,408 | 1.16285 @ 2026-09-03T21:00:40
[BOT] 1.1629 | Aguardando fechamento da vela... (candles ok: 189)
[COLETOR] Ticks:   5,409 | 1.16286 @ 2026-09-03T21:00:41
[BOT] 1.1629 | Aguardando fechamento da vela... (candles ok: 189)
[COLETOR] Ticks:   5,410 | 1.16286 @ 2026-09-03T21:00:42
[BOT] 1.1629 | Aguardando fechamento da vela... (candles ok: 189)
[COLETOR] Ticks:   5,411 | 1.16286 @ 2026-09-03T21:00:43
[BOT] 1.1629 | Aguardando fechamento da vela... (candles ok: 189)
[COLETOR] Ticks:   5,412 | 1.16286 @ 2026-09-03T21:00:44
[BOT] 1.1629 | Aguardando fechamento da vela... (candles ok: 189)
[COLETOR] Ticks:   5,413 | 1.16286 @ 2026-09-03T21:00:45
[BOT] 1.1628 | Aguardando fechamento da vela... (candles ok: 189)
[COLETOR] Ticks:   5,414 | 1.16285 @ 2026-09-03T21:00:46
[BOT] 1.1629 | Aguardando fechamento da vela... (candles ok: 189)
[COLETOR] Ticks:   5,415 | 1.16286 @ 2026-09-03T21:00:47
[BOT] 1.1629 | Aguardando fechamento da vela... (candles ok: 189)
[COLETOR] Ticks:   5,416 | 1.16287 @ 2026-09-03T21:00:48
[BOT] 1.1629 | Aguardando fechamento da vela... (candles ok: 189)
[COLETOR] Ticks:   5,417 | 1.16286 @ 2026-09-03T21:00:49
[BOT] 1.1629 | Aguardando fechamento da vela... (candles ok: 189)
[COLETOR] Ticks:   5,418 | 1.16286 @ 2026-09-03T21:00:50
[COLETOR] Ticks:   5,419 | 1.16288 @ 2026-09-03T21:00:51
[BOT] 1.1629 | Aguardando fechamento da vela... (candles ok: 189)
[COLETOR] Ticks:   5,420 | 1.16287 @ 2026-09-03T21:00:52
[BOT] 1.1629 | Aguardando fechamento da vela... (candles ok: 189)
[BOT] 1.1629 | Aguardando fechamento da vela... (candles ok: 189)
[COLETOR] Ticks:   5,421 | 1.16287 @ 2026-09-03T21:00:53
[BOT] 1.1629 | Aguardando fechamento da vela... (candles ok: 189)
[COLETOR] Ticks:   5,422 | 1.16286 @ 2026-09-03T21:00:54
[COLETOR] Ticks:   5,423 | 1.16286 @ 2026-09-03T21:00:55
[BOT] 1.1629 | Aguardando fechamento da vela... (candles ok: 189)
[BOT] 1.1629 | Aguardando fechamento da vela... (candles ok: 189)
[COLETOR] Ticks:   5,424 | 1.16287 @ 2026-09-03T21:00:56
[BOT] 1.1629 | Aguardando fechamento da vela... (candles ok: 189)
[COLETOR] Ticks:   5,425 | 1.16286 @ 2026-09-03T21:00:57
[BOT] 1.1629 | Aguardando fechamento da vela... (candles ok: 189)
[COLETOR] Ticks:   5,426 | 1.16286 @ 2026-09-03T21:00:58
[BOT] 1.1629 | Aguardando fechamento da vela... (candles ok: 189)
[COLETOR] Ticks:   5,427 | 1.16286 @ 2026-09-03T21:00:59
[TICK] 1.1629 | EMA9:1.1628 EMA21:1.1627 | RSI:64.5 ADX:23.5 MACD_H:+0.00001
[COLETOR] Ticks:   5,428 | 1.16286 @ 2026-09-03T21:01:00
[BOT] 1.1629 | Aguardando fechamento da vela... (candles ok: 190)
[COLETOR] Ticks:   5,429 | 1.16286 @ 2026-09-03T21:01:01
[BOT] 1.1629 | Aguardando fechamento da vela... (candles ok: 190)
[COLETOR] Ticks:   5,430 | 1.16286 @ 2026-09-03T21:01:02
[BOT] 1.1629 | Aguardando fechamento da vela... (candles ok: 190)
[COLETOR] Ticks:   5,431 | 1.16287 @ 2026-09-03T21:01:03
[BOT] 1.1629 | Aguardando fechamento da vela... (candles ok: 190)
[COLETOR] Ticks:   5,432 | 1.16287 @ 2026-09-03T21:01:04
[BOT] 1.1629 | Aguardando fechamento da vela... (candles ok: 190)
[COLETOR] Ticks:   5,433 | 1.16287 @ 2026-09-03T21:01:05
[BOT] 1.1629 | Aguardando fechamento da vela... (candles ok: 190)
[COLETOR] Ticks:   5,434 | 1.16288 @ 2026-09-03T21:01:06
[BOT] 1.1629 | Aguardando fechamento da vela... (candles ok: 190)
[COLETOR] Ticks:   5,435 | 1.16289 @ 2026-09-03T21:01:07
[BOT] 1.1629 | Aguardando fechamento da vela... (candles ok: 190)
[COLETOR] Ticks:   5,436 | 1.16287 @ 2026-09-03T21:01:08
[BOT] 1.1629 | Aguardando fechamento da vela... (candles ok: 190)
[COLETOR] Ticks:   5,437 | 1.16287 @ 2026-09-03T21:01:09
[BOT] 1.1629 | Aguardando fechamento da vela... (candles ok: 190)
[COLETOR] Ticks:   5,438 | 1.16286 @ 2026-09-03T21:01:10
[BOT] 1.1628 | Aguardando fechamento da vela... (candles ok: 190)
[COLETOR] Ticks:   5,439 | 1.16285 @ 2026-09-03T21:01:11
[BOT] 1.1629 | Aguardando fechamento da vela... (candles ok: 190)
[COLETOR] Ticks:   5,440 | 1.16286 @ 2026-09-03T21:01:12
[BOT] 1.1629 | Aguardando fechamento da vela... (candles ok: 190)
[COLETOR] Ticks:   5,441 | 1.16286 @ 2026-09-03T21:01:13
[BOT] 1.1628 | Aguardando fechamento da vela... (candles ok: 190)
[COLETOR] Ticks:   5,442 | 1.16285 @ 2026-09-03T21:01:14
[BOT] 1.1628 | Aguardando fechamento da vela... (candles ok: 190)
[COLETOR] Ticks:   5,443 | 1.16285 @ 2026-09-03T21:01:15
[BOT] 1.1628 | Aguardando fechamento da vela... (candles ok: 190)
[COLETOR] Ticks:   5,444 | 1.16285 @ 2026-09-03T21:01:16
[BOT] 1.1628 | Aguardando fechamento da vela... (candles ok: 190)
[COLETOR] Ticks:   5,445 | 1.16285 @ 2026-09-03T21:01:17
[BOT] 1.1628 | Aguardando fechamento da vela... (candles ok: 190)
[COLETOR] Ticks:   5,446 | 1.16285 @ 2026-09-03T21:01:18
[BOT] 1.1629 | Aguardando fechamento da vela... (candles ok: 190)
[COLETOR] Ticks:   5,447 | 1.16286 @ 2026-09-03T21:01:19
[BOT] 1.1629 | Aguardando fechamento da vela... (candles ok: 190)
[COLETOR] Ticks:   5,448 | 1.16286 @ 2026-09-03T21:01:20
[BOT] 1.1629 | Aguardando fechamento da vela... (candles ok: 190)
[COLETOR] Ticks:   5,449 | 1.16286 @ 2026-09-03T21:01:21
[BOT] 1.1629 | Aguardando fechamento da vela... (candles ok: 190)
[COLETOR] Ticks:   5,450 | 1.16287 @ 2026-09-03T21:01:22
[BOT] 1.1629 | Aguardando fechamento da vela... (candles ok: 190)
[COLETOR] Ticks:   5,451 | 1.16286 @ 2026-09-03T21:01:23
[BOT] 1.1628 | Aguardando fechamento da vela... (candles ok: 190)
[COLETOR] Ticks:   5,452 | 1.16283 @ 2026-09-03T21:01:24
[BOT] 1.1628 | Aguardando fechamento da vela... (candles ok: 190)
[COLETOR] Ticks:   5,453 | 1.16284 @ 2026-09-03T21:01:25
[BOT] 1.1628 | Aguardando fechamento da vela... (candles ok: 190)
[COLETOR] Ticks:   5,454 | 1.16284 @ 2026-09-03T21:01:26
[BOT] 1.1628 | Aguardando fechamento da vela... (candles ok: 190)
[COLETOR] Ticks:   5,455 | 1.16284 @ 2026-09-03T21:01:27
[BOT] 1.1628 | Aguardando fechamento da vela... (candles ok: 190)
[COLETOR] Ticks:   5,456 | 1.16284 @ 2026-09-03T21:01:28
[BOT] 1.1628 | Aguardando fechamento da vela... (candles ok: 190)
[COLETOR] Ticks:   5,457 | 1.16285 @ 2026-09-03T21:01:29
[BOT] 1.1628 | Aguardando fechamento da vela... (candles ok: 190)
[COLETOR] Ticks:   5,458 | 1.16284 @ 2026-09-03T21:01:30
[BOT] 1.1628 | Aguardando fechamento da vela... (candles ok: 190)
[COLETOR] Ticks:   5,459 | 1.16284 @ 2026-09-03T21:01:31
[BOT] 1.1628 | Aguardando fechamento da vela... (candles ok: 190)
[COLETOR] Ticks:   5,460 | 1.16284 @ 2026-09-03T21:01:32
[BOT] 1.1628 | Aguardando fechamento da vela... (candles ok: 190)
[COLETOR] Ticks:   5,461 | 1.16285 @ 2026-09-03T21:01:33
[BOT] 1.1628 | Aguardando fechamento da vela... (candles ok: 190)
[COLETOR] Ticks:   5,462 | 1.16285 @ 2026-09-03T21:01:34
[BOT] 1.1628 | Aguardando fechamento da vela... (candles ok: 190)
[COLETOR] Ticks:   5,463 | 1.16285 @ 2026-09-03T21:01:35
[BOT] 1.1628 | Aguardando fechamento da vela... (candles ok: 190)
[COLETOR] Ticks:   5,464 | 1.16285 @ 2026-09-03T21:01:36
[BOT] 1.1628 | Aguardando fechamento da vela... (candles ok: 190)
[COLETOR] Ticks:   5,465 | 1.16285 @ 2026-09-03T21:01:37
[BOT] 1.1628 | Aguardando fechamento da vela... (candles ok: 190)
[COLETOR] Ticks:   5,466 | 1.16285 @ 2026-09-03T21:01:38
[BOT] 1.1629 | Aguardando fechamento da vela... (candles ok: 190)
[COLETOR] Ticks:   5,467 | 1.16286 @ 2026-09-03T21:01:39
[BOT] 1.1628 | Aguardando fechamento da vela... (candles ok: 190)
[COLETOR] Ticks:   5,468 | 1.16285 @ 2026-09-03T21:01:40
[BOT] 1.1629 | Aguardando fechamento da vela... (candles ok: 190)
[COLETOR] Ticks:   5,469 | 1.16287 @ 2026-09-03T21:01:41
[BOT] 1.1628 | Aguardando fechamento da vela... (candles ok: 190)
[COLETOR] Ticks:   5,470 | 1.16283 @ 2026-09-03T21:01:42
[BOT] 1.1628 | Aguardando fechamento da vela... (candles ok: 190)
[COLETOR] Ticks:   5,471 | 1.16283 @ 2026-09-03T21:01:43
[BOT] 1.1628 | Aguardando fechamento da vela... (candles ok: 190)
[COLETOR] Ticks:   5,472 | 1.16283 @ 2026-09-03T21:01:44
[BOT] 1.1628 | Aguardando fechamento da vela... (candles ok: 190)
[COLETOR] Ticks:   5,473 | 1.16283 @ 2026-09-03T21:01:45
[BOT] 1.1628 | Aguardando fechamento da vela... (candles ok: 190)
[COLETOR] Ticks:   5,474 | 1.16282 @ 2026-09-03T21:01:46
[BOT] 1.1628 | Aguardando fechamento da vela... (candles ok: 190)
[COLETOR] Ticks:   5,475 | 1.16283 @ 2026-09-03T21:01:47
[BOT] 1.1628 | Aguardando fechamento da vela... (candles ok: 190)
[COLETOR] Ticks:   5,476 | 1.16282 @ 2026-09-03T21:01:48
[BOT] 1.1629 | Aguardando fechamento da vela... (candles ok: 190)
[COLETOR] Ticks:   5,477 | 1.16286 @ 2026-09-03T21:01:49
[BOT] 1.1629 | Aguardando fechamento da vela... (candles ok: 190)
[COLETOR] Ticks:   5,478 | 1.16287 @ 2026-09-03T21:01:50
[BOT] 1.1629 | Aguardando fechamento da vela... (candles ok: 190)
[COLETOR] Ticks:   5,479 | 1.16286 @ 2026-09-03T21:01:51
[BOT] 1.1629 | Aguardando fechamento da vela... (candles ok: 190)
[COLETOR] Ticks:   5,480 | 1.16286 @ 2026-09-03T21:01:52
[BOT] 1.1628 | Aguardando fechamento da vela... (candles ok: 190)
[COLETOR] Ticks:   5,481 | 1.16285 @ 2026-09-03T21:01:53
[BOT] 1.1628 | Aguardando fechamento da vela... (candles ok: 190)
[COLETOR] Ticks:   5,482 | 1.16285 @ 2026-09-03T21:01:54
[BOT] 1.1628 | Aguardando fechamento da vela... (candles ok: 190)
[COLETOR] Ticks:   5,483 | 1.16285 @ 2026-09-03T21:01:55
[BOT] 1.1628 | Aguardando fechamento da vela... (candles ok: 190)
[COLETOR] Ticks:   5,484 | 1.16285 @ 2026-09-03T21:01:56
[BOT] 1.1628 | Aguardando fechamento da vela... (candles ok: 190)
[COLETOR] Ticks:   5,485 | 1.16285 @ 2026-09-03T21:01:57
[BOT] 1.1628 | Aguardando fechamento da vela... (candles ok: 190)
[COLETOR] Ticks:   5,486 | 1.16285 @ 2026-09-03T21:01:58
[BOT] 1.1628 | Aguardando fechamento da vela... (candles ok: 190)
[COLETOR] Ticks:   5,487 | 1.16285 @ 2026-09-03T21:01:59
[TICK] 1.1628 | EMA9:1.1628 EMA21:1.1627 | RSI:63.2 ADX:23.8 MACD_H:+0.00000
[COLETOR] Ticks:   5,488 | 1.16284 @ 2026-09-03T21:02:00
[BOT] 1.1628 | Aguardando fechamento da vela... (candles ok: 191)
[COLETOR] Ticks:   5,489 | 1.16284 @ 2026-09-03T21:02:01
[BOT] 1.1628 | Aguardando fechamento da vela... (candles ok: 191)
[COLETOR] Ticks:   5,490 | 1.16284 @ 2026-09-03T21:02:02
[BOT] 1.1628 | Aguardando fechamento da vela... (candles ok: 191)
[COLETOR] Ticks:   5,491 | 1.16284 @ 2026-09-03T21:02:03
[BOT] 1.1628 | Aguardando fechamento da vela... (candles ok: 191)
[COLETOR] Ticks:   5,492 | 1.16284 @ 2026-09-03T21:02:04
[BOT] 1.1628 | Aguardando fechamento da vela... (candles ok: 191)
[COLETOR] Ticks:   5,493 | 1.16283 @ 2026-09-03T21:02:05
[BOT] 1.1628 | Aguardando fechamento da vela... (candles ok: 191)
[COLETOR] Ticks:   5,494 | 1.16284 @ 2026-09-03T21:02:06
[BOT] 1.1628 | Aguardando fechamento da vela... (candles ok: 191)
[COLETOR] Ticks:   5,495 | 1.16283 @ 2026-09-03T21:02:07
[BOT] 1.1628 | Aguardando fechamento da vela... (candles ok: 191)
[COLETOR] Ticks:   5,496 | 1.16282 @ 2026-09-03T21:02:08
[BOT] 1.1628 | Aguardando fechamento da vela... (candles ok: 191)
[COLETOR] Ticks:   5,497 | 1.16282 @ 2026-09-03T21:02:09
[BOT] 1.1628 | Aguardando fechamento da vela... (candles ok: 191)
[COLETOR] Ticks:   5,498 | 1.16283 @ 2026-09-03T21:02:10
[BOT] 1.1628 | Aguardando fechamento da vela... (candles ok: 191)
[COLETOR] Ticks:   5,499 | 1.16283 @ 2026-09-03T21:02:11
[BOT] 1.1628 | Aguardando fechamento da vela... (candles ok: 191)
[COLETOR] Ticks:   5,500 | 1.16283 @ 2026-09-03T21:02:12
[BOT] 1.1628 | Aguardando fechamento da vela... (candles ok: 191)
[COLETOR] Ticks:   5,501 | 1.16284 @ 2026-09-03T21:02:13
[BOT] 1.1628 | Aguardando fechamento da vela... (candles ok: 191)
[COLETOR] Ticks:   5,502 | 1.16284 @ 2026-09-03T21:02:14
[COLETOR] Ticks:   5,503 | 1.16284 @ 2026-09-03T21:02:15
[BOT] 1.1628 | Aguardando fechamento da vela... (candles ok: 191)
[BOT] 1.1628 | Aguardando fechamento da vela... (candles ok: 191)
[COLETOR] Ticks:   5,504 | 1.16285 @ 2026-09-03T21:02:16
[BOT] 1.1629 | Aguardando fechamento da vela... (candles ok: 191)
[COLETOR] Ticks:   5,505 | 1.16286 @ 2026-09-03T21:02:17
[BOT] 1.1629 | Aguardando fechamento da vela... (candles ok: 191)
[COLETOR] Ticks:   5,506 | 1.16286 @ 2026-09-03T21:02:18
[BOT] 1.1629 | Aguardando fechamento da vela... (candles ok: 191)
[COLETOR] Ticks:   5,507 | 1.16286 @ 2026-09-03T21:02:19
[BOT] 1.1628 | Aguardando fechamento da vela... (candles ok: 191)
[COLETOR] Ticks:   5,508 | 1.16285 @ 2026-09-03T21:02:20
[BOT] 1.1629 | Aguardando fechamento da vela... (candles ok: 191)
[COLETOR] Ticks:   5,509 | 1.16286 @ 2026-09-03T21:02:21
[BOT] 1.1629 | Aguardando fechamento da vela... (candles ok: 191)
[COLETOR] Ticks:   5,510 | 1.16286 @ 2026-09-03T21:02:22
[BOT] 1.1629 | Aguardando fechamento da vela... (candles ok: 191)
[COLETOR] Ticks:   5,511 | 1.16286 @ 2026-09-03T21:02:23
[BOT] 1.1629 | Aguardando fechamento da vela... (candles ok: 191)
[COLETOR] Ticks:   5,512 | 1.16287 @ 2026-09-03T21:02:24
[BOT] 1.1629 | Aguardando fechamento da vela... (candles ok: 191)
[COLETOR] Ticks:   5,513 | 1.16287 @ 2026-09-03T21:02:25
[BOT] 1.1629 | Aguardando fechamento da vela... (candles ok: 191)
[COLETOR] Ticks:   5,514 | 1.16287 @ 2026-09-03T21:02:26
[BOT] 1.1629 | Aguardando fechamento da vela... (candles ok: 191)
[COLETOR] Ticks:   5,515 | 1.16286 @ 2026-09-03T21:02:27
[BOT] 1.1628 | Aguardando fechamento da vela... (candles ok: 191)
[COLETOR] Ticks:   5,516 | 1.16285 @ 2026-09-03T21:02:28
[BOT] 1.1629 | Aguardando fechamento da vela... (candles ok: 191)
[COLETOR] Ticks:   5,517 | 1.16286 @ 2026-09-03T21:02:29
[BOT] 1.1629 | Aguardando fechamento da vela... (candles ok: 191)
[COLETOR] Ticks:   5,518 | 1.16286 @ 2026-09-03T21:02:30
[BOT] 1.1629 | Aguardando fechamento da vela... (candles ok: 191)
[COLETOR] Ticks:   5,519 | 1.16287 @ 2026-09-03T21:02:31
[BOT] 1.1629 | Aguardando fechamento da vela... (candles ok: 191)
[COLETOR] Ticks:   5,520 | 1.16287 @ 2026-09-03T21:02:32
[BOT] 1.1629 | Aguardando fechamento da vela... (candles ok: 191)
[COLETOR] Ticks:   5,521 | 1.16286 @ 2026-09-03T21:02:33
[BOT] 1.1629 | Aguardando fechamento da vela... (candles ok: 191)
[COLETOR] Ticks:   5,522 | 1.16286 @ 2026-09-03T21:02:34
[BOT] 1.1629 | Aguardando fechamento da vela... (candles ok: 191)
[COLETOR] Ticks:   5,523 | 1.16291 @ 2026-09-03T21:02:35
[BOT] 1.1629 | Aguardando fechamento da vela... (candles ok: 191)
[COLETOR] Ticks:   5,524 | 1.16292 @ 2026-09-03T21:02:36
[BOT] 1.1629 | Aguardando fechamento da vela... (candles ok: 191)
[COLETOR] Ticks:   5,525 | 1.16292 @ 2026-09-03T21:02:37
[BOT] 1.1629 | Aguardando fechamento da vela... (candles ok: 191)
[COLETOR] Ticks:   5,526 | 1.16292 @ 2026-09-03T21:02:38
[BOT] 1.1629 | Aguardando fechamento da vela... (candles ok: 191)
[COLETOR] Ticks:   5,527 | 1.16291 @ 2026-09-03T21:02:39
[BOT] 1.1629 | Aguardando fechamento da vela... (candles ok: 191)
[COLETOR] Ticks:   5,528 | 1.1629 @ 2026-09-03T21:02:40
[BOT] 1.1629 | Aguardando fechamento da vela... (candles ok: 191)
[COLETOR] Ticks:   5,529 | 1.1629 @ 2026-09-03T21:02:41
[BOT] 1.1629 | Aguardando fechamento da vela... (candles ok: 191)
[COLETOR] Ticks:   5,530 | 1.16291 @ 2026-09-03T21:02:42
[BOT] 1.1629 | Aguardando fechamento da vela... (candles ok: 191)
[COLETOR] Ticks:   5,531 | 1.16291 @ 2026-09-03T21:02:43
[BOT] 1.1629 | Aguardando fechamento da vela... (candles ok: 191)
[COLETOR] Ticks:   5,532 | 1.16291 @ 2026-09-03T21:02:44
[BOT] 1.1629 | Aguardando fechamento da vela... (candles ok: 191)
[COLETOR] Ticks:   5,533 | 1.16292 @ 2026-09-03T21:02:45
[BOT] 1.1629 | Aguardando fechamento da vela... (candles ok: 191)
[COLETOR] Ticks:   5,534 | 1.16291 @ 2026-09-03T21:02:46
[BOT] 1.1629 | Aguardando fechamento da vela... (candles ok: 191)
[COLETOR] Ticks:   5,535 | 1.16291 @ 2026-09-03T21:02:47
[BOT] 1.1629 | Aguardando fechamento da vela... (candles ok: 191)
[COLETOR] Ticks:   5,536 | 1.1629 @ 2026-09-03T21:02:48
[BOT] 1.1629 | Aguardando fechamento da vela... (candles ok: 191)
[COLETOR] Ticks:   5,537 | 1.16288 @ 2026-09-03T21:02:49
[BOT] 1.1629 | Aguardando fechamento da vela... (candles ok: 191)
[COLETOR] Ticks:   5,538 | 1.16288 @ 2026-09-03T21:02:50
[BOT] 1.1629 | Aguardando fechamento da vela... (candles ok: 191)
[COLETOR] Ticks:   5,539 | 1.16288 @ 2026-09-03T21:02:51
[BOT] 1.1629 | Aguardando fechamento da vela... (candles ok: 191)
[COLETOR] Ticks:   5,540 | 1.1629 @ 2026-09-03T21:02:52
[BOT] 1.1629 | Aguardando fechamento da vela... (candles ok: 191)
[COLETOR] Ticks:   5,541 | 1.1629 @ 2026-09-03T21:02:53
[BOT] 1.1629 | Aguardando fechamento da vela... (candles ok: 191)
[COLETOR] Ticks:   5,542 | 1.16289 @ 2026-09-03T21:02:54
[BOT] 1.1629 | Aguardando fechamento da vela... (candles ok: 191)
[COLETOR] Ticks:   5,543 | 1.16289 @ 2026-09-03T21:02:55
[BOT] 1.1629 | Aguardando fechamento da vela... (candles ok: 191)
[COLETOR] Ticks:   5,544 | 1.16289 @ 2026-09-03T21:02:56
[COLETOR] Ticks:   5,545 | 1.16287 @ 2026-09-03T21:02:57
[BOT] 1.1629 | Aguardando fechamento da vela... (candles ok: 191)
[BOT] 1.1629 | Aguardando fechamento da vela... (candles ok: 191)
[COLETOR] Ticks:   5,546 | 1.16287 @ 2026-09-03T21:02:58
[BOT] 1.1629 | Aguardando fechamento da vela... (candles ok: 191)
[COLETOR] Ticks:   5,547 | 1.16288 @ 2026-09-03T21:02:59
[TICK] 1.1629 | EMA9:1.1628 EMA21:1.1628 | RSI:65.4 ADX:24.3 MACD_H:+0.00001
[COLETOR] Ticks:   5,548 | 1.16287 @ 2026-09-03T21:03:00
[BOT] 1.1629 | Aguardando fechamento da vela... (candles ok: 192)
[COLETOR] Ticks:   5,549 | 1.16286 @ 2026-09-03T21:03:01
[BOT] 1.1629 | Aguardando fechamento da vela... (candles ok: 192)
[COLETOR] Ticks:   5,550 | 1.16286 @ 2026-09-03T21:03:02
[BOT] 1.1629 | Aguardando fechamento da vela... (candles ok: 192)
[COLETOR] Ticks:   5,551 | 1.16287 @ 2026-09-03T21:03:03
[COLETOR] Ticks:   5,552 | 1.16287 @ 2026-09-03T21:03:04
[BOT] 1.1629 | Aguardando fechamento da vela... (candles ok: 192)
[BOT] 1.1629 | Aguardando fechamento da vela... (candles ok: 192)
[COLETOR] Ticks:   5,553 | 1.16287 @ 2026-09-03T21:03:05
[BOT] 1.1629 | Aguardando fechamento da vela... (candles ok: 192)
[COLETOR] Ticks:   5,554 | 1.16287 @ 2026-09-03T21:03:06
[BOT] 1.1629 | Aguardando fechamento da vela... (candles ok: 192)
[COLETOR] Ticks:   5,555 | 1.16287 @ 2026-09-03T21:03:07
[BOT] 1.1629 | Aguardando fechamento da vela... (candles ok: 192)
[COLETOR] Ticks:   5,556 | 1.16288 @ 2026-09-03T21:03:08
[BOT] 1.1629 | Aguardando fechamento da vela... (candles ok: 192)
[COLETOR] Ticks:   5,557 | 1.16289 @ 2026-09-03T21:03:09
[BOT] 1.1629 | Aguardando fechamento da vela... (candles ok: 192)
[COLETOR] Ticks:   5,558 | 1.16289 @ 2026-09-03T21:03:10
[BOT] 1.1629 | Aguardando fechamento da vela... (candles ok: 192)
[COLETOR] Ticks:   5,559 | 1.16291 @ 2026-09-03T21:03:11
[BOT] 1.1629 | Aguardando fechamento da vela... (candles ok: 192)
[COLETOR] Ticks:   5,560 | 1.16291 @ 2026-09-03T21:03:12
[BOT] 1.1629 | Aguardando fechamento da vela... (candles ok: 192)
[COLETOR] Ticks:   5,561 | 1.16291 @ 2026-09-03T21:03:13
[BOT] 1.1629 | Aguardando fechamento da vela... (candles ok: 192)
[COLETOR] Ticks:   5,562 | 1.16291 @ 2026-09-03T21:03:14
[BOT] 1.1629 | Aguardando fechamento da vela... (candles ok: 192)
[COLETOR] Ticks:   5,563 | 1.16291 @ 2026-09-03T21:03:15
[BOT] 1.1629 | Aguardando fechamento da vela... (candles ok: 192)
[COLETOR] Ticks:   5,564 | 1.16291 @ 2026-09-03T21:03:16
[BOT] 1.1629 | Aguardando fechamento da vela... (candles ok: 192)
[COLETOR] Ticks:   5,565 | 1.16291 @ 2026-09-03T21:03:17
[BOT] 1.1629 | Aguardando fechamento da vela... (candles ok: 192)
[COLETOR] Ticks:   5,566 | 1.16291 @ 2026-09-03T21:03:18
[BOT] 1.1629 | Aguardando fechamento da vela... (candles ok: 192)
[COLETOR] Ticks:   5,567 | 1.16292 @ 2026-09-03T21:03:19
[BOT] 1.1629 | Aguardando fechamento da vela... (candles ok: 192)
[COLETOR] Ticks:   5,568 | 1.16292 @ 2026-09-03T21:03:20
[COLETOR] Ticks:   5,569 | 1.16293 @ 2026-09-03T21:03:21
[BOT] 1.1629 | Aguardando fechamento da vela... (candles ok: 192)
[BOT] 1.1629 | Aguardando fechamento da vela... (candles ok: 192)
[COLETOR] Ticks:   5,570 | 1.16295 @ 2026-09-03T21:03:22
[BOT] 1.1630 | Aguardando fechamento da vela... (candles ok: 192)
[COLETOR] Ticks:   5,571 | 1.16296 @ 2026-09-03T21:03:23
[BOT] 1.1630 | Aguardando fechamento da vela... (candles ok: 192)
[COLETOR] Ticks:   5,572 | 1.16297 @ 2026-09-03T21:03:24
[BOT] 1.1630 | Aguardando fechamento da vela... (candles ok: 192)
[COLETOR] Ticks:   5,573 | 1.16297 @ 2026-09-03T21:03:25
[BOT] 1.1630 | Aguardando fechamento da vela... (candles ok: 192)
[COLETOR] Ticks:   5,574 | 1.16296 @ 2026-09-03T21:03:26
[BOT] 1.1630 | Aguardando fechamento da vela... (candles ok: 192)
[COLETOR] Ticks:   5,575 | 1.16296 @ 2026-09-03T21:03:27
[BOT] 1.1630 | Aguardando fechamento da vela... (candles ok: 192)
[COLETOR] Ticks:   5,576 | 1.16296 @ 2026-09-03T21:03:28
[BOT] 1.1629 | Aguardando fechamento da vela... (candles ok: 192)
[COLETOR] Ticks:   5,577 | 1.16294 @ 2026-09-03T21:03:29
[BOT] 1.1629 | Aguardando fechamento da vela... (candles ok: 192)
[COLETOR] Ticks:   5,578 | 1.16295 @ 2026-09-03T21:03:30
[BOT] 1.1629 | Aguardando fechamento da vela... (candles ok: 192)
[COLETOR] Ticks:   5,579 | 1.16295 @ 2026-09-03T21:03:31
[BOT] 1.1630 | Aguardando fechamento da vela... (candles ok: 192)
[COLETOR] Ticks:   5,580 | 1.16296 @ 2026-09-03T21:03:32
[BOT] 1.1630 | Aguardando fechamento da vela... (candles ok: 192)
[COLETOR] Ticks:   5,581 | 1.16298 @ 2026-09-03T21:03:33
[BOT] 1.1630 | Aguardando fechamento da vela... (candles ok: 192)
[COLETOR] Ticks:   5,582 | 1.16299 @ 2026-09-03T21:03:34
[BOT] 1.1630 | Aguardando fechamento da vela... (candles ok: 192)
[COLETOR] Ticks:   5,583 | 1.16303 @ 2026-09-03T21:03:35
[BOT] 1.1630 | Aguardando fechamento da vela... (candles ok: 192)
[COLETOR] Ticks:   5,584 | 1.16303 @ 2026-09-03T21:03:36
[BOT] 1.1630 | Aguardando fechamento da vela... (candles ok: 192)
[COLETOR] Ticks:   5,585 | 1.16301 @ 2026-09-03T21:03:37
[BOT] 1.1630 | Aguardando fechamento da vela... (candles ok: 192)
[COLETOR] Ticks:   5,586 | 1.163 @ 2026-09-03T21:03:38
[BOT] 1.1630 | Aguardando fechamento da vela... (candles ok: 192)
[COLETOR] Ticks:   5,587 | 1.16302 @ 2026-09-03T21:03:39
[BOT] 1.1630 | Aguardando fechamento da vela... (candles ok: 192)
[COLETOR] Ticks:   5,588 | 1.16302 @ 2026-09-03T21:03:40
[BOT] 1.1630 | Aguardando fechamento da vela... (candles ok: 192)
[COLETOR] Ticks:   5,589 | 1.16302 @ 2026-09-03T21:03:41
[COLETOR] Ticks:   5,590 | 1.16301 @ 2026-09-03T21:03:42
[BOT] 1.1630 | Aguardando fechamento da vela... (candles ok: 192)
[BOT] 1.1630 | Aguardando fechamento da vela... (candles ok: 192)
[COLETOR] Ticks:   5,591 | 1.16301 @ 2026-09-03T21:03:43
[BOT] 1.1630 | Aguardando fechamento da vela... (candles ok: 192)
[COLETOR] Ticks:   5,592 | 1.16302 @ 2026-09-03T21:03:44
[BOT] 1.1630 | Aguardando fechamento da vela... (candles ok: 192)
[COLETOR] Ticks:   5,593 | 1.16302 @ 2026-09-03T21:03:45
[BOT] 1.1630 | Aguardando fechamento da vela... (candles ok: 192)
[COLETOR] Ticks:   5,594 | 1.16302 @ 2026-09-03T21:03:46
[BOT] 1.1630 | Aguardando fechamento da vela... (candles ok: 192)
[COLETOR] Ticks:   5,595 | 1.16302 @ 2026-09-03T21:03:47
[BOT] 1.1630 | Aguardando fechamento da vela... (candles ok: 192)
[COLETOR] Ticks:   5,596 | 1.16302 @ 2026-09-03T21:03:48
[BOT] 1.1630 | Aguardando fechamento da vela... (candles ok: 192)
[COLETOR] Ticks:   5,597 | 1.16303 @ 2026-09-03T21:03:49
[BOT] 1.1630 | Aguardando fechamento da vela... (candles ok: 192)
[COLETOR] Ticks:   5,598 | 1.16303 @ 2026-09-03T21:03:50
[BOT] 1.1630 | Aguardando fechamento da vela... (candles ok: 192)
[COLETOR] Ticks:   5,599 | 1.16302 @ 2026-09-03T21:03:51
[BOT] 1.1630 | Aguardando fechamento da vela... (candles ok: 192)
[COLETOR] Ticks:   5,600 | 1.16302 @ 2026-09-03T21:03:52
[BOT] 1.1630 | Aguardando fechamento da vela... (candles ok: 192)
[COLETOR] Ticks:   5,601 | 1.16303 @ 2026-09-03T21:03:53
[BOT] 1.1630 | Aguardando fechamento da vela... (candles ok: 192)
[COLETOR] Ticks:   5,602 | 1.16302 @ 2026-09-03T21:03:54
[BOT] 1.1630 | Aguardando fechamento da vela... (candles ok: 192)
[COLETOR] Ticks:   5,603 | 1.16302 @ 2026-09-03T21:03:55
[BOT] 1.1630 | Aguardando fechamento da vela... (candles ok: 192)
[COLETOR] Ticks:   5,604 | 1.163 @ 2026-09-03T21:03:56
[BOT] 1.1630 | Aguardando fechamento da vela... (candles ok: 192)
[COLETOR] Ticks:   5,605 | 1.16298 @ 2026-09-03T21:03:57
[BOT] 1.1630 | Aguardando fechamento da vela... (candles ok: 192)
[COLETOR] Ticks:   5,606 | 1.16298 @ 2026-09-03T21:03:58
[BOT] 1.1630 | Aguardando fechamento da vela... (candles ok: 192)
[COLETOR] Ticks:   5,607 | 1.16296 @ 2026-09-03T21:03:59
[TICK] 1.1630 | EMA9:1.1628 EMA21:1.1628 | RSI:70.5 ADX:25.9 MACD_H:+0.00001
[COLETOR] Ticks:   5,608 | 1.16296 @ 2026-09-03T21:04:00
[BOT] 1.1629 | Aguardando fechamento da vela... (candles ok: 193)
[COLETOR] Ticks:   5,609 | 1.16295 @ 2026-09-03T21:04:01
[BOT] 1.1629 | Aguardando fechamento da vela... (candles ok: 193)
[COLETOR] Ticks:   5,610 | 1.16295 @ 2026-09-03T21:04:02
[BOT] 1.1630 | Aguardando fechamento da vela... (candles ok: 193)
[COLETOR] Ticks:   5,611 | 1.16297 @ 2026-09-03T21:04:03
[BOT] 1.1630 | Aguardando fechamento da vela... (candles ok: 193)
[COLETOR] Ticks:   5,612 | 1.16297 @ 2026-09-03T21:04:04
[BOT] 1.1630 | Aguardando fechamento da vela... (candles ok: 193)
[COLETOR] Ticks:   5,613 | 1.16297 @ 2026-09-03T21:04:05
[BOT] 1.1629 | Aguardando fechamento da vela... (candles ok: 193)
[COLETOR] Ticks:   5,614 | 1.16295 @ 2026-09-03T21:04:06
[BOT] 1.1630 | Aguardando fechamento da vela... (candles ok: 193)
[COLETOR] Ticks:   5,615 | 1.16296 @ 2026-09-03T21:04:07
[BOT] 1.1629 | Aguardando fechamento da vela... (candles ok: 193)
[COLETOR] Ticks:   5,616 | 1.16295 @ 2026-09-03T21:04:08
[BOT] 1.1629 | Aguardando fechamento da vela... (candles ok: 193)
[COLETOR] Ticks:   5,617 | 1.16295 @ 2026-09-03T21:04:09
[BOT] 1.1629 | Aguardando fechamento da vela... (candles ok: 193)
[COLETOR] Ticks:   5,618 | 1.16295 @ 2026-09-03T21:04:10
[BOT] 1.1630 | Aguardando fechamento da vela... (candles ok: 193)
[COLETOR] Ticks:   5,619 | 1.16296 @ 2026-09-03T21:04:11
[BOT] 1.1630 | Aguardando fechamento da vela... (candles ok: 193)
[COLETOR] Ticks:   5,620 | 1.16297 @ 2026-09-03T21:04:12
[BOT] 1.1630 | Aguardando fechamento da vela... (candles ok: 193)
[COLETOR] Ticks:   5,621 | 1.163 @ 2026-09-03T21:04:13
[BOT] 1.1630 | Aguardando fechamento da vela... (candles ok: 193)
[COLETOR] Ticks:   5,622 | 1.16298 @ 2026-09-03T21:04:14
[BOT] 1.1630 | Aguardando fechamento da vela... (candles ok: 193)
[COLETOR] Ticks:   5,623 | 1.16301 @ 2026-09-03T21:04:15
[BOT] 1.1630 | Aguardando fechamento da vela... (candles ok: 193)
[COLETOR] Ticks:   5,624 | 1.16301 @ 2026-09-03T21:04:16
[COLETOR] Ticks:   5,625 | 1.16302 @ 2026-09-03T21:04:17
[BOT] 1.1630 | Aguardando fechamento da vela... (candles ok: 193)
[BOT] 1.1630 | Aguardando fechamento da vela... (candles ok: 193)
[COLETOR] Ticks:   5,626 | 1.16301 @ 2026-09-03T21:04:18
[BOT] 1.1630 | Aguardando fechamento da vela... (candles ok: 193)
[COLETOR] Ticks:   5,627 | 1.16301 @ 2026-09-03T21:04:19
[BOT] 1.1630 | Aguardando fechamento da vela... (candles ok: 193)
[COLETOR] Ticks:   5,628 | 1.16301 @ 2026-09-03T21:04:20
[BOT] 1.1630 | Aguardando fechamento da vela... (candles ok: 193)
[COLETOR] Ticks:   5,629 | 1.16299 @ 2026-09-03T21:04:21
[BOT] 1.1630 | Aguardando fechamento da vela... (candles ok: 193)
[COLETOR] Ticks:   5,630 | 1.16299 @ 2026-09-03T21:04:22
[BOT] 1.1630 | Aguardando fechamento da vela... (candles ok: 193)
[COLETOR] Ticks:   5,631 | 1.16299 @ 2026-09-03T21:04:23
[BOT] 1.1630 | Aguardando fechamento da vela... (candles ok: 193)
[COLETOR] Ticks:   5,632 | 1.163 @ 2026-09-03T21:04:24
[BOT] 1.1630 | Aguardando fechamento da vela... (candles ok: 193)
[COLETOR] Ticks:   5,633 | 1.163 @ 2026-09-03T21:04:25
[BOT] 1.1630 | Aguardando fechamento da vela... (candles ok: 193)
[COLETOR] Ticks:   5,634 | 1.16299 @ 2026-09-03T21:04:26
[BOT] 1.1630 | Aguardando fechamento da vela... (candles ok: 193)
[COLETOR] Ticks:   5,635 | 1.16296 @ 2026-09-03T21:04:27
[BOT] 1.1630 | Aguardando fechamento da vela... (candles ok: 193)
[COLETOR] Ticks:   5,636 | 1.16296 @ 2026-09-03T21:04:28
[BOT] 1.1630 | Aguardando fechamento da vela... (candles ok: 193)
[COLETOR] Ticks:   5,637 | 1.16296 @ 2026-09-03T21:04:29
[BOT] 1.1630 | Aguardando fechamento da vela... (candles ok: 193)
[COLETOR] Ticks:   5,638 | 1.16296 @ 2026-09-03T21:04:30
[BOT] 1.1630 | Aguardando fechamento da vela... (candles ok: 193)
[COLETOR] Ticks:   5,639 | 1.16296 @ 2026-09-03T21:04:31
[BOT] 1.1630 | Aguardando fechamento da vela... (candles ok: 193)
[COLETOR] Ticks:   5,640 | 1.16296 @ 2026-09-03T21:04:32
[BOT] 1.1630 | Aguardando fechamento da vela... (candles ok: 193)
[COLETOR] Ticks:   5,641 | 1.16296 @ 2026-09-03T21:04:33
[BOT] 1.1630 | Aguardando fechamento da vela... (candles ok: 193)
[COLETOR] Ticks:   5,642 | 1.16296 @ 2026-09-03T21:04:34
[BOT] 1.1630 | Aguardando fechamento da vela... (candles ok: 193)
[COLETOR] Ticks:   5,643 | 1.16298 @ 2026-09-03T21:04:35
[BOT] 1.1630 | Aguardando fechamento da vela... (candles ok: 193)
[COLETOR] Ticks:   5,644 | 1.16298 @ 2026-09-03T21:04:36
[BOT] 1.1630 | Aguardando fechamento da vela... (candles ok: 193)
[COLETOR] Ticks:   5,645 | 1.16297 @ 2026-09-03T21:04:37
[BOT] 1.1630 | Aguardando fechamento da vela... (candles ok: 193)
[COLETOR] Ticks:   5,646 | 1.16297 @ 2026-09-03T21:04:38
[BOT] 1.1630 | Aguardando fechamento da vela... (candles ok: 193)
[COLETOR] Ticks:   5,647 | 1.16298 @ 2026-09-03T21:04:39
[BOT] 1.1630 | Aguardando fechamento da vela... (candles ok: 193)
[COLETOR] Ticks:   5,648 | 1.16298 @ 2026-09-03T21:04:40
[BOT] 1.1630 | Aguardando fechamento da vela... (candles ok: 193)
[COLETOR] Ticks:   5,649 | 1.16298 @ 2026-09-03T21:04:41
[COLETOR] Ticks:   5,650 | 1.16297 @ 2026-09-03T21:04:42
[BOT] 1.1630 | Aguardando fechamento da vela... (candles ok: 193)
[BOT] 1.1630 | Aguardando fechamento da vela... (candles ok: 193)
[COLETOR] Ticks:   5,651 | 1.16297 @ 2026-09-03T21:04:43
[BOT] 1.1630 | Aguardando fechamento da vela... (candles ok: 193)
[COLETOR] Ticks:   5,652 | 1.16298 @ 2026-09-03T21:04:44
[BOT] 1.1630 | Aguardando fechamento da vela... (candles ok: 193)
[COLETOR] Ticks:   5,653 | 1.16298 @ 2026-09-03T21:04:45
[BOT] 1.1630 | Aguardando fechamento da vela... (candles ok: 193)
[COLETOR] Ticks:   5,654 | 1.16297 @ 2026-09-03T21:04:46
[BOT] 1.1630 | Aguardando fechamento da vela... (candles ok: 193)
[COLETOR] Ticks:   5,655 | 1.16297 @ 2026-09-03T21:04:47
[BOT] 1.1630 | Aguardando fechamento da vela... (candles ok: 193)
[COLETOR] Ticks:   5,656 | 1.16297 @ 2026-09-03T21:04:48
[COLETOR] Ticks:   5,657 | 1.16297 @ 2026-09-03T21:04:49
[BOT] 1.1630 | Aguardando fechamento da vela... (candles ok: 193)
[BOT] 1.1630 | Aguardando fechamento da vela... (candles ok: 193)
[COLETOR] Ticks:   5,658 | 1.16297 @ 2026-09-03T21:04:50
[BOT] 1.1630 | Aguardando fechamento da vela... (candles ok: 193)
[COLETOR] Ticks:   5,659 | 1.16298 @ 2026-09-03T21:04:51
[BOT] 1.1630 | Aguardando fechamento da vela... (candles ok: 193)
[COLETOR] Ticks:   5,660 | 1.16298 @ 2026-09-03T21:04:52
[COLETOR] Ticks:   5,661 | 1.163 @ 2026-09-03T21:04:53
[BOT] 1.1630 | Aguardando fechamento da vela... (candles ok: 193)
[BOT] 1.1630 | Aguardando fechamento da vela... (candles ok: 193)
[COLETOR] Ticks:   5,662 | 1.163 @ 2026-09-03T21:04:54
[BOT] 1.1630 | Aguardando fechamento da vela... (candles ok: 193)
[COLETOR] Ticks:   5,663 | 1.163 @ 2026-09-03T21:04:55
[BOT] 1.1630 | Aguardando fechamento da vela... (candles ok: 193)
[COLETOR] Ticks:   5,664 | 1.16301 @ 2026-09-03T21:04:56
[BOT] 1.1630 | Aguardando fechamento da vela... (candles ok: 193)
[COLETOR] Ticks:   5,665 | 1.163 @ 2026-09-03T21:04:57
[BOT] 1.1630 | Aguardando fechamento da vela... (candles ok: 193)
[COLETOR] Ticks:   5,666 | 1.163 @ 2026-09-03T21:04:58
[BOT] 1.1630 | Aguardando fechamento da vela... (candles ok: 193)
[COLETOR] Ticks:   5,667 | 1.163 @ 2026-09-03T21:04:59
[TICK] 1.1630 | EMA9:1.1629 EMA21:1.1628 | RSI:72.6 ADX:27.6 MACD_H:+0.00001 [→ BUY]
[COLETOR] Ticks:   5,668 | 1.163 @ 2026-09-03T21:05:00
[BOT] → BUY | Stake: 10.00 USD | Duração: 15m | ADX:27.6 RSI:72.6
[BOT] 1.1630 | Aguardando fechamento da vela... (candles ok: 194)
[COLETOR] Ticks:   5,669 | 1.16302 @ 2026-09-03T21:05:01[BOT] Contrato aberto | ID: 11628834339
[COLETOR] Ticks:   5,670 | 1.16308 @ 2026-09-03T21:05:02
[COLETOR] Ticks:   5,671 | 1.16309 @ 2026-09-03T21:05:03
[COLETOR] Ticks:   5,672 | 1.16309 @ 2026-09-03T21:05:04
[COLETOR] Ticks:   5,673 | 1.1631 @ 2026-09-03T21:05:05
[COLETOR] Ticks:   5,674 | 1.16305 @ 2026-09-03T21:05:06
[COLETOR] Ticks:   5,675 | 1.16306 @ 2026-09-03T21:05:07
[COLETOR] Ticks:   5,676 | 1.16307 @ 2026-09-03T21:05:08
[COLETOR] Ticks:   5,677 | 1.16305 @ 2026-09-03T21:05:09
[COLETOR] Ticks:   5,678 | 1.16305 @ 2026-09-03T21:05:10
[COLETOR] Ticks:   5,679 | 1.16306 @ 2026-09-03T21:05:11
[COLETOR] Ticks:   5,680 | 1.16306 @ 2026-09-03T21:05:12
[COLETOR] Ticks:   5,681 | 1.16305 @ 2026-09-03T21:05:13
[COLETOR] Ticks:   5,682 | 1.16307 @ 2026-09-03T21:05:14
[COLETOR] Ticks:   5,683 | 1.16307 @ 2026-09-03T21:05:15
[COLETOR] Ticks:   5,684 | 1.16306 @ 2026-09-03T21:05:16
[COLETOR] Ticks:   5,685 | 1.16309 @ 2026-09-03T21:05:17
[COLETOR] Ticks:   5,686 | 1.1631 @ 2026-09-03T21:05:18
[COLETOR] Ticks:   5,687 | 1.1631 @ 2026-09-03T21:05:19
[COLETOR] Ticks:   5,688 | 1.16308 @ 2026-09-03T21:05:20
[COLETOR] Ticks:   5,689 | 1.16308 @ 2026-09-03T21:05:21
[COLETOR] Ticks:   5,690 | 1.1631 @ 2026-09-03T21:05:22
[COLETOR] Ticks:   5,691 | 1.16309 @ 2026-09-03T21:05:23
[COLETOR] Ticks:   5,692 | 1.16307 @ 2026-09-03T21:05:24
[COLETOR] Ticks:   5,693 | 1.16306 @ 2026-09-03T21:05:25
[COLETOR] Ticks:   5,694 | 1.16306 @ 2026-09-03T21:05:26
[COLETOR] Ticks:   5,695 | 1.16307 @ 2026-09-03T21:05:27
[COLETOR] Ticks:   5,696 | 1.16306 @ 2026-09-03T21:05:28
[COLETOR] Ticks:   5,697 | 1.16307 @ 2026-09-03T21:05:29
[COLETOR] Ticks:   5,698 | 1.16307 @ 2026-09-03T21:05:30
[COLETOR] Ticks:   5,699 | 1.16306 @ 2026-09-03T21:05:31
[COLETOR] Ticks:   5,700 | 1.16307 @ 2026-09-03T21:05:32
[COLETOR] Ticks:   5,701 | 1.16307 @ 2026-09-03T21:05:33
[COLETOR] Ticks:   5,702 | 1.16308 @ 2026-09-03T21:05:34
[COLETOR] Ticks:   5,703 | 1.16306 @ 2026-09-03T21:05:35
[COLETOR] Ticks:   5,704 | 1.16306 @ 2026-09-03T21:05:36
[COLETOR] Ticks:   5,705 | 1.16306 @ 2026-09-03T21:05:37
[COLETOR] Ticks:   5,706 | 1.16306 @ 2026-09-03T21:05:38
[COLETOR] Ticks:   5,707 | 1.16306 @ 2026-09-03T21:05:39
[COLETOR] Ticks:   5,708 | 1.16305 @ 2026-09-03T21:05:40
[COLETOR] Ticks:   5,709 | 1.16306 @ 2026-09-03T21:05:41
[COLETOR] Ticks:   5,710 | 1.16309 @ 2026-09-03T21:05:42
[COLETOR] Ticks:   5,711 | 1.1631 @ 2026-09-03T21:05:43
[COLETOR] Ticks:   5,712 | 1.1631 @ 2026-09-03T21:05:44
[COLETOR] Ticks:   5,713 | 1.16307 @ 2026-09-03T21:05:45
[COLETOR] Ticks:   5,714 | 1.16306 @ 2026-09-03T21:05:46
[COLETOR] Ticks:   5,715 | 1.16306 @ 2026-09-03T21:05:47
[COLETOR] Ticks:   5,716 | 1.16308 @ 2026-09-03T21:05:48
[COLETOR] Ticks:   5,717 | 1.16308 @ 2026-09-03T21:05:49
[COLETOR] Ticks:   5,718 | 1.16308 @ 2026-09-03T21:05:50
[COLETOR] Ticks:   5,719 | 1.16308 @ 2026-09-03T21:05:51
[COLETOR] Ticks:   5,720 | 1.16308 @ 2026-09-03T21:05:52
[COLETOR] Ticks:   5,721 | 1.16308 @ 2026-09-03T21:05:53
[COLETOR] Ticks:   5,722 | 1.16308 @ 2026-09-03T21:05:54
[COLETOR] Ticks:   5,723 | 1.16308 @ 2026-09-03T21:05:55
[COLETOR] Ticks:   5,724 | 1.16308 @ 2026-09-03T21:05:56
[COLETOR] Ticks:   5,725 | 1.16307 @ 2026-09-03T21:05:57
[COLETOR] Ticks:   5,726 | 1.16307 @ 2026-09-03T21:05:58
[COLETOR] Ticks:   5,727 | 1.16307 @ 2026-09-03T21:05:59
[COLETOR] Ticks:   5,728 | 1.16306 @ 2026-09-03T21:06:00
[COLETOR] Ticks:   5,729 | 1.16307 @ 2026-09-03T21:06:01
[COLETOR] Ticks:   5,730 | 1.16306 @ 2026-09-03T21:06:02
[COLETOR] Ticks:   5,731 | 1.16306 @ 2026-09-03T21:06:03
[COLETOR] Ticks:   5,732 | 1.16306 @ 2026-09-03T21:06:04
[COLETOR] Ticks:   5,733 | 1.16306 @ 2026-09-03T21:06:05
[COLETOR] Ticks:   5,734 | 1.16307 @ 2026-09-03T21:06:06
[COLETOR] Ticks:   5,735 | 1.16306 @ 2026-09-03T21:06:07
[COLETOR] Ticks:   5,736 | 1.16306 @ 2026-09-03T21:06:08
[COLETOR] Ticks:   5,737 | 1.16303 @ 2026-09-03T21:06:09
[COLETOR] Ticks:   5,738 | 1.16303 @ 2026-09-03T21:06:10
[COLETOR] Ticks:   5,739 | 1.16303 @ 2026-09-03T21:06:11
[COLETOR] Ticks:   5,740 | 1.16303 @ 2026-09-03T21:06:12
[COLETOR] Ticks:   5,741 | 1.16304 @ 2026-09-03T21:06:13
[COLETOR] Ticks:   5,742 | 1.16303 @ 2026-09-03T21:06:14
[COLETOR] Ticks:   5,743 | 1.16303 @ 2026-09-03T21:06:15
[COLETOR] Ticks:   5,744 | 1.16303 @ 2026-09-03T21:06:16
[COLETOR] Ticks:   5,745 | 1.16306 @ 2026-09-03T21:06:17
[COLETOR] Ticks:   5,746 | 1.16308 @ 2026-09-03T21:06:18
[COLETOR] Ticks:   5,747 | 1.16307 @ 2026-09-03T21:06:19
[COLETOR] Ticks:   5,748 | 1.16307 @ 2026-09-03T21:06:20
[COLETOR] Ticks:   5,749 | 1.16307 @ 2026-09-03T21:06:21
[COLETOR] Ticks:   5,750 | 1.16309 @ 2026-09-03T21:06:22
[COLETOR] Ticks:   5,751 | 1.1631 @ 2026-09-03T21:06:23
[COLETOR] Ticks:   5,752 | 1.16308 @ 2026-09-03T21:06:24
[COLETOR] Ticks:   5,753 | 1.16308 @ 2026-09-03T21:06:25
[COLETOR] Ticks:   5,754 | 1.16308 @ 2026-09-03T21:06:26
[COLETOR] Ticks:   5,755 | 1.16307 @ 2026-09-03T21:06:27
[COLETOR] Ticks:   5,756 | 1.16307 @ 2026-09-03T21:06:28
[COLETOR] Ticks:   5,757 | 1.16307 @ 2026-09-03T21:06:29
[COLETOR] Ticks:   5,758 | 1.16307 @ 2026-09-03T21:06:30
[COLETOR] Ticks:   5,759 | 1.16307 @ 2026-09-03T21:06:31
[COLETOR] Ticks:   5,760 | 1.16307 @ 2026-09-03T21:06:32
[COLETOR] Ticks:   5,761 | 1.16307 @ 2026-09-03T21:06:33
[COLETOR] Ticks:   5,762 | 1.16308 @ 2026-09-03T21:06:34
[COLETOR] Ticks:   5,763 | 1.1631 @ 2026-09-03T21:06:35
[COLETOR] Ticks:   5,764 | 1.1631 @ 2026-09-03T21:06:36
[COLETOR] Ticks:   5,765 | 1.16311 @ 2026-09-03T21:06:37
[COLETOR] Ticks:   5,766 | 1.16311 @ 2026-09-03T21:06:38
[COLETOR] Ticks:   5,767 | 1.16312 @ 2026-09-03T21:06:39
[COLETOR] Ticks:   5,768 | 1.16312 @ 2026-09-03T21:06:40
[COLETOR] Ticks:   5,769 | 1.16312 @ 2026-09-03T21:06:41
[COLETOR] Ticks:   5,770 | 1.16311 @ 2026-09-03T21:06:42
[COLETOR] Ticks:   5,771 | 1.16312 @ 2026-09-03T21:06:43
[COLETOR] Ticks:   5,772 | 1.16312 @ 2026-09-03T21:06:44
[COLETOR] Ticks:   5,773 | 1.16314 @ 2026-09-03T21:06:45
[COLETOR] Ticks:   5,774 | 1.16313 @ 2026-09-03T21:06:46
[COLETOR] Ticks:   5,775 | 1.16313 @ 2026-09-03T21:06:47
[COLETOR] Ticks:   5,776 | 1.16313 @ 2026-09-03T21:06:48
[COLETOR] Ticks:   5,777 | 1.16312 @ 2026-09-03T21:06:49
[COLETOR] Ticks:   5,778 | 1.16312 @ 2026-09-03T21:06:50
[COLETOR] Ticks:   5,779 | 1.16312 @ 2026-09-03T21:06:51
[COLETOR] Ticks:   5,780 | 1.16312 @ 2026-09-03T21:06:52
[COLETOR] Ticks:   5,781 | 1.16312 @ 2026-09-03T21:06:53
[COLETOR] Ticks:   5,782 | 1.16311 @ 2026-09-03T21:06:54
[COLETOR] Ticks:   5,783 | 1.16308 @ 2026-09-03T21:06:55
[COLETOR] Ticks:   5,784 | 1.16308 @ 2026-09-03T21:06:56
[COLETOR] Ticks:   5,785 | 1.16308 @ 2026-09-03T21:06:57
[COLETOR] Ticks:   5,786 | 1.16307 @ 2026-09-03T21:06:58
[COLETOR] Ticks:   5,787 | 1.16307 @ 2026-09-03T21:06:59
[COLETOR] Ticks:   5,788 | 1.16307 @ 2026-09-03T21:07:00
[COLETOR] Ticks:   5,789 | 1.16307 @ 2026-09-03T21:07:01
[COLETOR] Ticks:   5,790 | 1.16307 @ 2026-09-03T21:07:02
[COLETOR] Ticks:   5,791 | 1.16307 @ 2026-09-03T21:07:03
[COLETOR] Ticks:   5,792 | 1.16305 @ 2026-09-03T21:07:04
[COLETOR] Ticks:   5,793 | 1.16305 @ 2026-09-03T21:07:05
[COLETOR] Ticks:   5,794 | 1.16305 @ 2026-09-03T21:07:06
[COLETOR] Ticks:   5,795 | 1.16305 @ 2026-09-03T21:07:07
[COLETOR] Ticks:   5,796 | 1.16304 @ 2026-09-03T21:07:08
[COLETOR] Ticks:   5,797 | 1.16306 @ 2026-09-03T21:07:09
[COLETOR] Ticks:   5,798 | 1.16306 @ 2026-09-03T21:07:10
[COLETOR] Ticks:   5,799 | 1.16306 @ 2026-09-03T21:07:11
[COLETOR] Ticks:   5,800 | 1.16305 @ 2026-09-03T21:07:12
[COLETOR] Ticks:   5,801 | 1.16305 @ 2026-09-03T21:07:13
[COLETOR] Ticks:   5,802 | 1.16305 @ 2026-09-03T21:07:14
[COLETOR] Ticks:   5,803 | 1.16306 @ 2026-09-03T21:07:15
[COLETOR] Ticks:   5,804 | 1.16306 @ 2026-09-03T21:07:16
[COLETOR] Ticks:   5,805 | 1.16306 @ 2026-09-03T21:07:17
[COLETOR] Ticks:   5,806 | 1.16306 @ 2026-09-03T21:07:18
[COLETOR] Ticks:   5,807 | 1.16306 @ 2026-09-03T21:07:19
[COLETOR] Ticks:   5,808 | 1.16306 @ 2026-09-03T21:07:20
[COLETOR] Ticks:   5,809 | 1.16308 @ 2026-09-03T21:07:21
[COLETOR] Ticks:   5,810 | 1.16311 @ 2026-09-03T21:07:22
[COLETOR] Ticks:   5,811 | 1.16311 @ 2026-09-03T21:07:23
[COLETOR] Ticks:   5,812 | 1.16311 @ 2026-09-03T21:07:24
[COLETOR] Ticks:   5,813 | 1.1631 @ 2026-09-03T21:07:25
[COLETOR] Ticks:   5,814 | 1.1631 @ 2026-09-03T21:07:26
[COLETOR] Ticks:   5,815 | 1.16311 @ 2026-09-03T21:07:27
[COLETOR] Ticks:   5,816 | 1.1631 @ 2026-09-03T21:07:28
[COLETOR] Ticks:   5,817 | 1.1631 @ 2026-09-03T21:07:29
[COLETOR] Ticks:   5,818 | 1.1631 @ 2026-09-03T21:07:30
[COLETOR] Ticks:   5,819 | 1.1631 @ 2026-09-03T21:07:31
[COLETOR] Ticks:   5,820 | 1.1631 @ 2026-09-03T21:07:32
[COLETOR] Ticks:   5,821 | 1.1631 @ 2026-09-03T21:07:33
[COLETOR] Ticks:   5,822 | 1.1631 @ 2026-09-03T21:07:34
[COLETOR] Ticks:   5,823 | 1.1631 @ 2026-09-03T21:07:35
[COLETOR] Ticks:   5,824 | 1.16308 @ 2026-09-03T21:07:36
[COLETOR] Ticks:   5,825 | 1.16308 @ 2026-09-03T21:07:37
[COLETOR] Ticks:   5,826 | 1.16307 @ 2026-09-03T21:07:38
[COLETOR] Ticks:   5,827 | 1.16307 @ 2026-09-03T21:07:39
[COLETOR] Ticks:   5,828 | 1.16307 @ 2026-09-03T21:07:40
[COLETOR] Ticks:   5,829 | 1.16308 @ 2026-09-03T21:07:41
[COLETOR] Ticks:   5,830 | 1.1631 @ 2026-09-03T21:07:42
[COLETOR] Ticks:   5,831 | 1.1631 @ 2026-09-03T21:07:43
[COLETOR] Ticks:   5,832 | 1.1631 @ 2026-09-03T21:07:44
[COLETOR] Ticks:   5,833 | 1.16309 @ 2026-09-03T21:07:45
[COLETOR] Ticks:   5,834 | 1.16308 @ 2026-09-03T21:07:46
[COLETOR] Ticks:   5,835 | 1.16308 @ 2026-09-03T21:07:47
[COLETOR] Ticks:   5,836 | 1.16307 @ 2026-09-03T21:07:48
[COLETOR] Ticks:   5,837 | 1.16307 @ 2026-09-03T21:07:49
[COLETOR] Ticks:   5,838 | 1.16307 @ 2026-09-03T21:07:50
[COLETOR] Ticks:   5,839 | 1.16307 @ 2026-09-03T21:07:51
[COLETOR] Ticks:   5,840 | 1.16307 @ 2026-09-03T21:07:52
[COLETOR] Ticks:   5,841 | 1.16302 @ 2026-09-03T21:07:53
[COLETOR] Ticks:   5,842 | 1.16301 @ 2026-09-03T21:07:54
[COLETOR] Ticks:   5,843 | 1.16301 @ 2026-09-03T21:07:55
[COLETOR] Ticks:   5,844 | 1.16302 @ 2026-09-03T21:07:56
[COLETOR] Ticks:   5,845 | 1.163 @ 2026-09-03T21:07:57
[COLETOR] Ticks:   5,846 | 1.16301 @ 2026-09-03T21:07:58
[COLETOR] Ticks:   5,847 | 1.16301 @ 2026-09-03T21:07:59
[COLETOR] Ticks:   5,848 | 1.16301 @ 2026-09-03T21:08:00
[COLETOR] Ticks:   5,849 | 1.163 @ 2026-09-03T21:08:01
[COLETOR] Ticks:   5,850 | 1.163 @ 2026-09-03T21:08:02
[COLETOR] Ticks:   5,851 | 1.16301 @ 2026-09-03T21:08:03
[COLETOR] Ticks:   5,852 | 1.16301 @ 2026-09-03T21:08:04
[COLETOR] Ticks:   5,853 | 1.16301 @ 2026-09-03T21:08:05
[COLETOR] Ticks:   5,854 | 1.16301 @ 2026-09-03T21:08:06
[COLETOR] Ticks:   5,855 | 1.16305 @ 2026-09-03T21:08:07
[COLETOR] Ticks:   5,856 | 1.16305 @ 2026-09-03T21:08:08
[COLETOR] Ticks:   5,857 | 1.16305 @ 2026-09-03T21:08:09
[COLETOR] Ticks:   5,858 | 1.16305 @ 2026-09-03T21:08:10
[COLETOR] Ticks:   5,859 | 1.16305 @ 2026-09-03T21:08:11
[COLETOR] Ticks:   5,860 | 1.16304 @ 2026-09-03T21:08:12
[COLETOR] Ticks:   5,861 | 1.16302 @ 2026-09-03T21:08:13
[COLETOR] Ticks:   5,862 | 1.16302 @ 2026-09-03T21:08:14
[COLETOR] Ticks:   5,863 | 1.16302 @ 2026-09-03T21:08:15
[COLETOR] Ticks:   5,864 | 1.16302 @ 2026-09-03T21:08:16
[COLETOR] Ticks:   5,865 | 1.16302 @ 2026-09-03T21:08:17
[COLETOR] Ticks:   5,866 | 1.16302 @ 2026-09-03T21:08:18
[COLETOR] Ticks:   5,867 | 1.16301 @ 2026-09-03T21:08:19
[COLETOR] Ticks:   5,868 | 1.16301 @ 2026-09-03T21:08:20
[COLETOR] Ticks:   5,869 | 1.16302 @ 2026-09-03T21:08:21
[COLETOR] Ticks:   5,870 | 1.16302 @ 2026-09-03T21:08:22
[COLETOR] Ticks:   5,871 | 1.16301 @ 2026-09-03T21:08:23
[COLETOR] Ticks:   5,872 | 1.16297 @ 2026-09-03T21:08:24
[COLETOR] Ticks:   5,873 | 1.16297 @ 2026-09-03T21:08:25
[COLETOR] Ticks:   5,874 | 1.16297 @ 2026-09-03T21:08:26
[COLETOR] Ticks:   5,875 | 1.16293 @ 2026-09-03T21:08:27
[COLETOR] Ticks:   5,876 | 1.16293 @ 2026-09-03T21:08:28
[COLETOR] Ticks:   5,877 | 1.16293 @ 2026-09-03T21:08:29
[COLETOR] Ticks:   5,878 | 1.16295 @ 2026-09-03T21:08:30
[COLETOR] Ticks:   5,879 | 1.16294 @ 2026-09-03T21:08:31
[COLETOR] Ticks:   5,880 | 1.16294 @ 2026-09-03T21:08:32
[COLETOR] Ticks:   5,881 | 1.16294 @ 2026-09-03T21:08:33
[COLETOR] Ticks:   5,882 | 1.16294 @ 2026-09-03T21:08:34
[COLETOR] Ticks:   5,883 | 1.16294 @ 2026-09-03T21:08:35
[COLETOR] Ticks:   5,884 | 1.16294 @ 2026-09-03T21:08:36
[COLETOR] Ticks:   5,885 | 1.16294 @ 2026-09-03T21:08:37
[COLETOR] Ticks:   5,886 | 1.16293 @ 2026-09-03T21:08:38
[COLETOR] Ticks:   5,887 | 1.16292 @ 2026-09-03T21:08:39
[COLETOR] Ticks:   5,888 | 1.16292 @ 2026-09-03T21:08:40
[COLETOR] Ticks:   5,889 | 1.16292 @ 2026-09-03T21:08:41
[COLETOR] Ticks:   5,890 | 1.16292 @ 2026-09-03T21:08:42
[COLETOR] Ticks:   5,891 | 1.16293 @ 2026-09-03T21:08:43
[COLETOR] Ticks:   5,892 | 1.16294 @ 2026-09-03T21:08:44
[COLETOR] Ticks:   5,893 | 1.16295 @ 2026-09-03T21:08:45
[COLETOR] Ticks:   5,894 | 1.16295 @ 2026-09-03T21:08:46
[COLETOR] Ticks:   5,895 | 1.16295 @ 2026-09-03T21:08:47
[COLETOR] Ticks:   5,896 | 1.16295 @ 2026-09-03T21:08:48
[COLETOR] Ticks:   5,897 | 1.16294 @ 2026-09-03T21:08:49
[COLETOR] Ticks:   5,898 | 1.16295 @ 2026-09-03T21:08:50
[COLETOR] Ticks:   5,899 | 1.16295 @ 2026-09-03T21:08:51
[COLETOR] Ticks:   5,900 | 1.16295 @ 2026-09-03T21:08:52
[COLETOR] Ticks:   5,901 | 1.16295 @ 2026-09-03T21:08:53
[COLETOR] Ticks:   5,902 | 1.16294 @ 2026-09-03T21:08:54
[COLETOR] Ticks:   5,903 | 1.16294 @ 2026-09-03T21:08:55
[COLETOR] Ticks:   5,904 | 1.16294 @ 2026-09-03T21:08:56
[COLETOR] Ticks:   5,905 | 1.16293 @ 2026-09-03T21:08:57
[COLETOR] Ticks:   5,906 | 1.16294 @ 2026-09-03T21:08:58
[COLETOR] Ticks:   5,907 | 1.16294 @ 2026-09-03T21:08:59
[VELA] ━━━━━━━━━━━━━━━━━━━━━━━━━━━━━━━━
  🟢 Bullish Engulfing (força: 1.00)
  Preço: 1.1629 | Contexto: Demand Zone + Supply Zone + Resistência próxima + FVG Bearish
  Ação sugerida: BUY favorecido
[VELA] ━━━━━━━━━━━━━━━━━━━━━━━━━━━━━━━━
[COLETOR] Ticks:   5,908 | 1.16294 @ 2026-09-03T21:09:00
[COLETOR] Ticks:   5,909 | 1.16295 @ 2026-09-03T21:09:01
[COLETOR] Ticks:   5,910 | 1.16295 @ 2026-09-03T21:09:02
[COLETOR] Ticks:   5,911 | 1.16295 @ 2026-09-03T21:09:03
[COLETOR] Ticks:   5,912 | 1.16294 @ 2026-09-03T21:09:04
[COLETOR] Ticks:   5,913 | 1.16294 @ 2026-09-03T21:09:05
[COLETOR] Ticks:   5,914 | 1.16294 @ 2026-09-03T21:09:06
[COLETOR] Ticks:   5,915 | 1.16294 @ 2026-09-03T21:09:07
[COLETOR] Ticks:   5,916 | 1.16293 @ 2026-09-03T21:09:08
[COLETOR] Ticks:   5,917 | 1.16293 @ 2026-09-03T21:09:09
[COLETOR] Ticks:   5,918 | 1.16295 @ 2026-09-03T21:09:10
[COLETOR] Ticks:   5,919 | 1.16299 @ 2026-09-03T21:09:11
[COLETOR] Ticks:   5,920 | 1.16299 @ 2026-09-03T21:09:12
[COLETOR] Ticks:   5,921 | 1.16297 @ 2026-09-03T21:09:13
[COLETOR] Ticks:   5,922 | 1.16296 @ 2026-09-03T21:09:14
[COLETOR] Ticks:   5,923 | 1.16296 @ 2026-09-03T21:09:15
[COLETOR] Ticks:   5,924 | 1.16296 @ 2026-09-03T21:09:16
[COLETOR] Ticks:   5,925 | 1.16296 @ 2026-09-03T21:09:17
[COLETOR] Ticks:   5,926 | 1.16296 @ 2026-09-03T21:09:18
[COLETOR] Ticks:   5,927 | 1.16296 @ 2026-09-03T21:09:19
[COLETOR] Ticks:   5,928 | 1.16296 @ 2026-09-03T21:09:20
[COLETOR] Ticks:   5,929 | 1.16296 @ 2026-09-03T21:09:21
[COLETOR] Ticks:   5,930 | 1.16296 @ 2026-09-03T21:09:22
[COLETOR] Ticks:   5,931 | 1.16295 @ 2026-09-03T21:09:23
[COLETOR] Ticks:   5,932 | 1.16295 @ 2026-09-03T21:09:24
[COLETOR] Ticks:   5,933 | 1.16296 @ 2026-09-03T21:09:25
[COLETOR] Ticks:   5,934 | 1.16297 @ 2026-09-03T21:09:26
[COLETOR] Ticks:   5,935 | 1.16295 @ 2026-09-03T21:09:27
[COLETOR] Ticks:   5,936 | 1.16295 @ 2026-09-03T21:09:28
[COLETOR] Ticks:   5,937 | 1.16295 @ 2026-09-03T21:09:29
[COLETOR] Ticks:   5,938 | 1.16295 @ 2026-09-03T21:09:30
[COLETOR] Ticks:   5,939 | 1.16295 @ 2026-09-03T21:09:31
[COLETOR] Ticks:   5,940 | 1.16295 @ 2026-09-03T21:09:32
[COLETOR] Ticks:   5,941 | 1.16294 @ 2026-09-03T21:09:33
[COLETOR] Ticks:   5,942 | 1.16293 @ 2026-09-03T21:09:34
[COLETOR] Ticks:   5,943 | 1.16292 @ 2026-09-03T21:09:35
[COLETOR] Ticks:   5,944 | 1.16293 @ 2026-09-03T21:09:36
[COLETOR] Ticks:   5,945 | 1.16293 @ 2026-09-03T21:09:37
[COLETOR] Ticks:   5,946 | 1.16293 @ 2026-09-03T21:09:38
[COLETOR] Ticks:   5,947 | 1.16293 @ 2026-09-03T21:09:39
[COLETOR] Ticks:   5,948 | 1.16293 @ 2026-09-03T21:09:40
[COLETOR] Ticks:   5,949 | 1.16293 @ 2026-09-03T21:09:41
[COLETOR] Ticks:   5,950 | 1.16293 @ 2026-09-03T21:09:42
[COLETOR] Ticks:   5,951 | 1.16293 @ 2026-09-03T21:09:43
[COLETOR] Ticks:   5,952 | 1.16293 @ 2026-09-03T21:09:44
[COLETOR] Ticks:   5,953 | 1.16293 @ 2026-09-03T21:09:45
[COLETOR] Ticks:   5,954 | 1.16291 @ 2026-09-03T21:09:46
[COLETOR] Ticks:   5,955 | 1.16291 @ 2026-09-03T21:09:47
[COLETOR] Ticks:   5,956 | 1.16291 @ 2026-09-03T21:09:48
[COLETOR] Ticks:   5,957 | 1.16291 @ 2026-09-03T21:09:49
[COLETOR] Ticks:   5,958 | 1.16291 @ 2026-09-03T21:09:50
[COLETOR] Ticks:   5,959 | 1.16291 @ 2026-09-03T21:09:51
[COLETOR] Ticks:   5,960 | 1.1629 @ 2026-09-03T21:09:52
[COLETOR] Ticks:   5,961 | 1.16287 @ 2026-09-03T21:09:53
[COLETOR] Ticks:   5,962 | 1.16288 @ 2026-09-03T21:09:54
[COLETOR] Ticks:   5,963 | 1.16287 @ 2026-09-03T21:09:55
[COLETOR] Ticks:   5,964 | 1.16288 @ 2026-09-03T21:09:56
[COLETOR] Ticks:   5,965 | 1.16288 @ 2026-09-03T21:09:57
[COLETOR] Ticks:   5,966 | 1.16286 @ 2026-09-03T21:09:58
[COLETOR] Ticks:   5,967 | 1.16286 @ 2026-09-03T21:09:59
[VELA] ━━━━━━━━━━━━━━━━━━━━━━━━━━━━━━━━
  🟢 Bullish Engulfing (força: 1.00)
  Preço: 1.1629 | Contexto: Demand Zone + Supply Zone + Resistência próxima + FVG Bearish
  Ação sugerida: BUY favorecido
[VELA] ━━━━━━━━━━━━━━━━━━━━━━━━━━━━━━━━
[COLETOR] Ticks:   5,968 | 1.16286 @ 2026-09-03T21:10:00
[COLETOR] Ticks:   5,969 | 1.16286 @ 2026-09-03T21:10:01
[COLETOR] Ticks:   5,970 | 1.16286 @ 2026-09-03T21:10:02
[COLETOR] Ticks:   5,971 | 1.16286 @ 2026-09-03T21:10:03
[COLETOR] Ticks:   5,972 | 1.16287 @ 2026-09-03T21:10:04
[COLETOR] Ticks:   5,973 | 1.16287 @ 2026-09-03T21:10:05
[COLETOR] Ticks:   5,974 | 1.16287 @ 2026-09-03T21:10:06
[COLETOR] Ticks:   5,975 | 1.16286 @ 2026-09-03T21:10:07
[COLETOR] Ticks:   5,976 | 1.16288 @ 2026-09-03T21:10:08
[COLETOR] Ticks:   5,977 | 1.16287 @ 2026-09-03T21:10:09
[COLETOR] Ticks:   5,978 | 1.16287 @ 2026-09-03T21:10:10
[COLETOR] Ticks:   5,979 | 1.16287 @ 2026-09-03T21:10:11
[COLETOR] Ticks:   5,980 | 1.1629 @ 2026-09-03T21:10:12
[COLETOR] Ticks:   5,981 | 1.1629 @ 2026-09-03T21:10:13
[COLETOR] Ticks:   5,982 | 1.1629 @ 2026-09-03T21:10:14
[COLETOR] Ticks:   5,983 | 1.1629 @ 2026-09-03T21:10:15
[COLETOR] Ticks:   5,984 | 1.16289 @ 2026-09-03T21:10:16
[COLETOR] Ticks:   5,985 | 1.1629 @ 2026-09-03T21:10:17
[COLETOR] Ticks:   5,986 | 1.1629 @ 2026-09-03T21:10:18
[COLETOR] Ticks:   5,987 | 1.1629 @ 2026-09-03T21:10:19
[COLETOR] Ticks:   5,988 | 1.1629 @ 2026-09-03T21:10:20
[COLETOR] Ticks:   5,989 | 1.16289 @ 2026-09-03T21:10:21
[COLETOR] Ticks:   5,990 | 1.16288 @ 2026-09-03T21:10:22
[COLETOR] Ticks:   5,991 | 1.16288 @ 2026-09-03T21:10:23
[COLETOR] Ticks:   5,992 | 1.16288 @ 2026-09-03T21:10:24
[COLETOR] Ticks:   5,993 | 1.16288 @ 2026-09-03T21:10:25
[COLETOR] Ticks:   5,994 | 1.16288 @ 2026-09-03T21:10:26
[COLETOR] Ticks:   5,995 | 1.16291 @ 2026-09-03T21:10:27
[COLETOR] Ticks:   5,996 | 1.16292 @ 2026-09-03T21:10:28
[COLETOR] Ticks:   5,997 | 1.16292 @ 2026-09-03T21:10:29
[COLETOR] Ticks:   5,998 | 1.16292 @ 2026-09-03T21:10:30
[COLETOR] Ticks:   5,999 | 1.16291 @ 2026-09-03T21:10:31
[COLETOR] Ticks:   6,000 | 1.16291 @ 2026-09-03T21:10:32
[COLETOR] Ticks:   6,001 | 1.16294 @ 2026-09-03T21:10:33
[COLETOR] Ticks:   6,002 | 1.16293 @ 2026-09-03T21:10:34
[COLETOR] Ticks:   6,003 | 1.16293 @ 2026-09-03T21:10:35
[COLETOR] Ticks:   6,004 | 1.16293 @ 2026-09-03T21:10:36
[COLETOR] Ticks:   6,005 | 1.16292 @ 2026-09-03T21:10:37
[COLETOR] Ticks:   6,006 | 1.16292 @ 2026-09-03T21:10:38
[COLETOR] Ticks:   6,007 | 1.16292 @ 2026-09-03T21:10:39
[COLETOR] Ticks:   6,008 | 1.16292 @ 2026-09-03T21:10:40
[COLETOR] Ticks:   6,009 | 1.16292 @ 2026-09-03T21:10:41
[COLETOR] Ticks:   6,010 | 1.16292 @ 2026-09-03T21:10:42
[COLETOR] Ticks:   6,011 | 1.16292 @ 2026-09-03T21:10:43
[COLETOR] Ticks:   6,012 | 1.16292 @ 2026-09-03T21:10:44
[COLETOR] Ticks:   6,013 | 1.16292 @ 2026-09-03T21:10:45
[COLETOR] Ticks:   6,014 | 1.16292 @ 2026-09-03T21:10:46
[COLETOR] Ticks:   6,015 | 1.16292 @ 2026-09-03T21:10:47
[COLETOR] Ticks:   6,016 | 1.16292 @ 2026-09-03T21:10:48
[COLETOR] Ticks:   6,017 | 1.16293 @ 2026-09-03T21:10:49
[COLETOR] Ticks:   6,018 | 1.16292 @ 2026-09-03T21:10:50
[COLETOR] Ticks:   6,019 | 1.16293 @ 2026-09-03T21:10:51
[COLETOR] Ticks:   6,020 | 1.16292 @ 2026-09-03T21:10:52
[COLETOR] Ticks:   6,021 | 1.16293 @ 2026-09-03T21:10:53
[COLETOR] Ticks:   6,022 | 1.16293 @ 2026-09-03T21:10:54
[COLETOR] Ticks:   6,023 | 1.16293 @ 2026-09-03T21:10:55
[COLETOR] Ticks:   6,024 | 1.16293 @ 2026-09-03T21:10:56
[COLETOR] Ticks:   6,025 | 1.16292 @ 2026-09-03T21:10:57
[COLETOR] Ticks:   6,026 | 1.16292 @ 2026-09-03T21:10:58
[COLETOR] Ticks:   6,027 | 1.16292 @ 2026-09-03T21:10:59
[VELA] ━━━━━━━━━━━━━━━━━━━━━━━━━━━━━━━━
  🔴 Shooting Star (força: 0.97)
  Preço: 1.1629 | Contexto: Demand Zone + Supply Zone + Resistência próxima + FVG Bearish
  Ação sugerida: SELL favorecido
[VELA] ━━━━━━━━━━━━━━━━━━━━━━━━━━━━━━━━
[COLETOR] Ticks:   6,028 | 1.16292 @ 2026-09-03T21:11:00
[COLETOR] Ticks:   6,029 | 1.16292 @ 2026-09-03T21:11:01
[COLETOR] Ticks:   6,030 | 1.16292 @ 2026-09-03T21:11:02
[COLETOR] Ticks:   6,031 | 1.16292 @ 2026-09-03T21:11:03
[COLETOR] Ticks:   6,032 | 1.16291 @ 2026-09-03T21:11:04
[COLETOR] Ticks:   6,033 | 1.16291 @ 2026-09-03T21:11:05
[COLETOR] Ticks:   6,034 | 1.16291 @ 2026-09-03T21:11:06
[COLETOR] Ticks:   6,035 | 1.16291 @ 2026-09-03T21:11:07
[COLETOR] Ticks:   6,036 | 1.16291 @ 2026-09-03T21:11:08
[COLETOR] Ticks:   6,037 | 1.16289 @ 2026-09-03T21:11:09
[COLETOR] Ticks:   6,038 | 1.16289 @ 2026-09-03T21:11:10
[COLETOR] Ticks:   6,039 | 1.16288 @ 2026-09-03T21:11:11
[COLETOR] Ticks:   6,040 | 1.1629 @ 2026-09-03T21:11:12
[COLETOR] Ticks:   6,041 | 1.1629 @ 2026-09-03T21:11:13
[COLETOR] Ticks:   6,042 | 1.1629 @ 2026-09-03T21:11:14
[COLETOR] Ticks:   6,043 | 1.16292 @ 2026-09-03T21:11:15
[COLETOR] Ticks:   6,044 | 1.16291 @ 2026-09-03T21:11:16
[COLETOR] Ticks:   6,045 | 1.16291 @ 2026-09-03T21:11:17
[COLETOR] Ticks:   6,046 | 1.16291 @ 2026-09-03T21:11:18
[COLETOR] Ticks:   6,047 | 1.16292 @ 2026-09-03T21:11:19
[COLETOR] Ticks:   6,048 | 1.16292 @ 2026-09-03T21:11:20
[COLETOR] Ticks:   6,049 | 1.16292 @ 2026-09-03T21:11:21
[COLETOR] Ticks:   6,050 | 1.16292 @ 2026-09-03T21:11:22
[COLETOR] Ticks:   6,051 | 1.16292 @ 2026-09-03T21:11:23
[COLETOR] Ticks:   6,052 | 1.16292 @ 2026-09-03T21:11:24
[COLETOR] Ticks:   6,053 | 1.16292 @ 2026-09-03T21:11:25
[COLETOR] Ticks:   6,054 | 1.16292 @ 2026-09-03T21:11:26
[COLETOR] Ticks:   6,055 | 1.16292 @ 2026-09-03T21:11:27
[COLETOR] Ticks:   6,056 | 1.16292 @ 2026-09-03T21:11:28
[COLETOR] Ticks:   6,057 | 1.16292 @ 2026-09-03T21:11:29
[COLETOR] Ticks:   6,058 | 1.16292 @ 2026-09-03T21:11:30
[COLETOR] Ticks:   6,059 | 1.16292 @ 2026-09-03T21:11:31
[COLETOR] Ticks:   6,060 | 1.16292 @ 2026-09-03T21:11:32
[COLETOR] Ticks:   6,061 | 1.16292 @ 2026-09-03T21:11:33
[COLETOR] Ticks:   6,062 | 1.16292 @ 2026-09-03T21:11:34
[COLETOR] Ticks:   6,063 | 1.16292 @ 2026-09-03T21:11:35
[COLETOR] Ticks:   6,064 | 1.16295 @ 2026-09-03T21:11:36
[COLETOR] Ticks:   6,065 | 1.16295 @ 2026-09-03T21:11:37
[COLETOR] Ticks:   6,066 | 1.16295 @ 2026-09-03T21:11:38
[COLETOR] Ticks:   6,067 | 1.16294 @ 2026-09-03T21:11:39
[COLETOR] Ticks:   6,068 | 1.16294 @ 2026-09-03T21:11:40
[COLETOR] Ticks:   6,069 | 1.16295 @ 2026-09-03T21:11:41
[COLETOR] Ticks:   6,070 | 1.16295 @ 2026-09-03T21:11:42
[COLETOR] Ticks:   6,071 | 1.16295 @ 2026-09-03T21:11:43
[COLETOR] Ticks:   6,072 | 1.16295 @ 2026-09-03T21:11:44
[COLETOR] Ticks:   6,073 | 1.16296 @ 2026-09-03T21:11:45
[COLETOR] Ticks:   6,074 | 1.16295 @ 2026-09-03T21:11:46
[COLETOR] Ticks:   6,075 | 1.16295 @ 2026-09-03T21:11:47
[COLETOR] Ticks:   6,076 | 1.16295 @ 2026-09-03T21:11:48
[COLETOR] Ticks:   6,077 | 1.16294 @ 2026-09-03T21:11:49
[COLETOR] Ticks:   6,078 | 1.16296 @ 2026-09-03T21:11:50
[COLETOR] Ticks:   6,079 | 1.16295 @ 2026-09-03T21:11:51
[COLETOR] Ticks:   6,080 | 1.16294 @ 2026-09-03T21:11:52
[COLETOR] Ticks:   6,081 | 1.16294 @ 2026-09-03T21:11:53
[COLETOR] Ticks:   6,082 | 1.16291 @ 2026-09-03T21:11:54
[COLETOR] Ticks:   6,083 | 1.16291 @ 2026-09-03T21:11:55
[COLETOR] Ticks:   6,084 | 1.16287 @ 2026-09-03T21:11:56
[COLETOR] Ticks:   6,085 | 1.16287 @ 2026-09-03T21:11:57
[COLETOR] Ticks:   6,086 | 1.16287 @ 2026-09-03T21:11:58
[COLETOR] Ticks:   6,087 | 1.16287 @ 2026-09-03T21:11:59
[VELA] ━━━━━━━━━━━━━━━━━━━━━━━━━━━━━━━━
  🔴 Shooting Star (força: 0.97)
  Preço: 1.1629 | Contexto: Demand Zone + Supply Zone + Resistência próxima + FVG Bearish
  Ação sugerida: SELL favorecido
[VELA] ━━━━━━━━━━━━━━━━━━━━━━━━━━━━━━━━
[COLETOR] Ticks:   6,088 | 1.16287 @ 2026-09-03T21:12:00
[COLETOR] Ticks:   6,089 | 1.16288 @ 2026-09-03T21:12:01
[COLETOR] Ticks:   6,090 | 1.16288 @ 2026-09-03T21:12:02
[COLETOR] Ticks:   6,091 | 1.16287 @ 2026-09-03T21:12:03
[COLETOR] Ticks:   6,092 | 1.16287 @ 2026-09-03T21:12:04
[COLETOR] Ticks:   6,093 | 1.16288 @ 2026-09-03T21:12:05
[COLETOR] Ticks:   6,094 | 1.16287 @ 2026-09-03T21:12:06
[COLETOR] Ticks:   6,095 | 1.16287 @ 2026-09-03T21:12:07
[COLETOR] Ticks:   6,096 | 1.16287 @ 2026-09-03T21:12:08
[COLETOR] Ticks:   6,097 | 1.16287 @ 2026-09-03T21:12:09
[COLETOR] Ticks:   6,098 | 1.16288 @ 2026-09-03T21:12:10
[COLETOR] Ticks:   6,099 | 1.16289 @ 2026-09-03T21:12:11
[COLETOR] Ticks:   6,100 | 1.1629 @ 2026-09-03T21:12:12
[COLETOR] Ticks:   6,101 | 1.16291 @ 2026-09-03T21:12:13
[COLETOR] Ticks:   6,102 | 1.1629 @ 2026-09-03T21:12:14
[COLETOR] Ticks:   6,103 | 1.16291 @ 2026-09-03T21:12:15
[COLETOR] Ticks:   6,104 | 1.16291 @ 2026-09-03T21:12:16
[COLETOR] Ticks:   6,105 | 1.16291 @ 2026-09-03T21:12:17
[COLETOR] Ticks:   6,106 | 1.16293 @ 2026-09-03T21:12:18
[COLETOR] Ticks:   6,107 | 1.16292 @ 2026-09-03T21:12:19
[COLETOR] Ticks:   6,108 | 1.16292 @ 2026-09-03T21:12:20
[COLETOR] Ticks:   6,109 | 1.16292 @ 2026-09-03T21:12:21
[COLETOR] Ticks:   6,110 | 1.16292 @ 2026-09-03T21:12:22
[COLETOR] Ticks:   6,111 | 1.16292 @ 2026-09-03T21:12:23
[COLETOR] Ticks:   6,112 | 1.16292 @ 2026-09-03T21:12:24
[COLETOR] Ticks:   6,113 | 1.16292 @ 2026-09-03T21:12:25
[COLETOR] Ticks:   6,114 | 1.16292 @ 2026-09-03T21:12:26
[COLETOR] Ticks:   6,115 | 1.16288 @ 2026-09-03T21:12:27
[COLETOR] Ticks:   6,116 | 1.16288 @ 2026-09-03T21:12:28
[COLETOR] Ticks:   6,117 | 1.16287 @ 2026-09-03T21:12:29
[COLETOR] Ticks:   6,118 | 1.16287 @ 2026-09-03T21:12:30
[COLETOR] Ticks:   6,119 | 1.16288 @ 2026-09-03T21:12:31
[COLETOR] Ticks:   6,120 | 1.16288 @ 2026-09-03T21:12:32
[COLETOR] Ticks:   6,121 | 1.16288 @ 2026-09-03T21:12:33
[COLETOR] Ticks:   6,122 | 1.16289 @ 2026-09-03T21:12:34
[COLETOR] Ticks:   6,123 | 1.16287 @ 2026-09-03T21:12:35
[COLETOR] Ticks:   6,124 | 1.16287 @ 2026-09-03T21:12:36
[COLETOR] Ticks:   6,125 | 1.16287 @ 2026-09-03T21:12:37
[COLETOR] Ticks:   6,126 | 1.16287 @ 2026-09-03T21:12:38
[COLETOR] Ticks:   6,127 | 1.16287 @ 2026-09-03T21:12:39
[COLETOR] Ticks:   6,128 | 1.16287 @ 2026-09-03T21:12:40
[COLETOR] Ticks:   6,129 | 1.16287 @ 2026-09-03T21:12:41
[COLETOR] Ticks:   6,130 | 1.16286 @ 2026-09-03T21:12:42
[COLETOR] Ticks:   6,131 | 1.16283 @ 2026-09-03T21:12:43
[COLETOR] Ticks:   6,132 | 1.16284 @ 2026-09-03T21:12:44
[COLETOR] Ticks:   6,133 | 1.16284 @ 2026-09-03T21:12:45
[COLETOR] Ticks:   6,134 | 1.16284 @ 2026-09-03T21:12:46
[COLETOR] Ticks:   6,135 | 1.16284 @ 2026-09-03T21:12:47
[COLETOR] Ticks:   6,136 | 1.16283 @ 2026-09-03T21:12:48
[COLETOR] Ticks:   6,137 | 1.16282 @ 2026-09-03T21:12:49
[COLETOR] Ticks:   6,138 | 1.16282 @ 2026-09-03T21:12:50
[COLETOR] Ticks:   6,139 | 1.16281 @ 2026-09-03T21:12:51
[COLETOR] Ticks:   6,140 | 1.16282 @ 2026-09-03T21:12:52
[COLETOR] Ticks:   6,141 | 1.16282 @ 2026-09-03T21:12:53
[COLETOR] Ticks:   6,142 | 1.16281 @ 2026-09-03T21:12:54
[COLETOR] Ticks:   6,143 | 1.16281 @ 2026-09-03T21:12:55
[COLETOR] Ticks:   6,144 | 1.16281 @ 2026-09-03T21:12:56
[COLETOR] Ticks:   6,145 | 1.16282 @ 2026-09-03T21:12:57
[COLETOR] Ticks:   6,146 | 1.16281 @ 2026-09-03T21:12:58
[COLETOR] Ticks:   6,147 | 1.16282 @ 2026-09-03T21:12:59
[VELA] ━━━━━━━━━━━━━━━━━━━━━━━━━━━━━━━━
  🔴 Shooting Star (força: 0.97)
  Preço: 1.1628 | Contexto: Demand Zone + Supply Zone + Resistência próxima + FVG Bearish
  Ação sugerida: SELL favorecido
[VELA] ━━━━━━━━━━━━━━━━━━━━━━━━━━━━━━━━
[COLETOR] Ticks:   6,148 | 1.16282 @ 2026-09-03T21:13:00
[COLETOR] Ticks:   6,149 | 1.16282 @ 2026-09-03T21:13:01
[COLETOR] Ticks:   6,150 | 1.16283 @ 2026-09-03T21:13:02
[COLETOR] Ticks:   6,151 | 1.16283 @ 2026-09-03T21:13:03
[COLETOR] Ticks:   6,152 | 1.16283 @ 2026-09-03T21:13:04
[COLETOR] Ticks:   6,153 | 1.16283 @ 2026-09-03T21:13:05
[COLETOR] Ticks:   6,154 | 1.16283 @ 2026-09-03T21:13:06
[COLETOR] Ticks:   6,155 | 1.16281 @ 2026-09-03T21:13:07
[COLETOR] Ticks:   6,156 | 1.16282 @ 2026-09-03T21:13:08
[COLETOR] Ticks:   6,157 | 1.16282 @ 2026-09-03T21:13:09
[COLETOR] Ticks:   6,158 | 1.16282 @ 2026-09-03T21:13:10
[COLETOR] Ticks:   6,159 | 1.16282 @ 2026-09-03T21:13:11
[COLETOR] Ticks:   6,160 | 1.16279 @ 2026-09-03T21:13:12
[COLETOR] Ticks:   6,161 | 1.16279 @ 2026-09-03T21:13:13
[COLETOR] Ticks:   6,162 | 1.16279 @ 2026-09-03T21:13:14
[COLETOR] Ticks:   6,163 | 1.16278 @ 2026-09-03T21:13:15
[COLETOR] Ticks:   6,164 | 1.16278 @ 2026-09-03T21:13:16
[COLETOR] Ticks:   6,165 | 1.16278 @ 2026-09-03T21:13:17
[COLETOR] Ticks:   6,166 | 1.16278 @ 2026-09-03T21:13:18
[COLETOR] Ticks:   6,167 | 1.16278 @ 2026-09-03T21:13:19
[COLETOR] Ticks:   6,168 | 1.16278 @ 2026-09-03T21:13:20
[COLETOR] Ticks:   6,169 | 1.16279 @ 2026-09-03T21:13:21
[COLETOR] Ticks:   6,170 | 1.16279 @ 2026-09-03T21:13:22
[COLETOR] Ticks:   6,171 | 1.16278 @ 2026-09-03T21:13:23
[COLETOR] Ticks:   6,172 | 1.16278 @ 2026-09-03T21:13:24
[COLETOR] Ticks:   6,173 | 1.16278 @ 2026-09-03T21:13:25
[COLETOR] Ticks:   6,174 | 1.16278 @ 2026-09-03T21:13:26
[COLETOR] Ticks:   6,175 | 1.16278 @ 2026-09-03T21:13:27
[COLETOR] Ticks:   6,176 | 1.16278 @ 2026-09-03T21:13:28
[COLETOR] Ticks:   6,177 | 1.16278 @ 2026-09-03T21:13:29
[COLETOR] Ticks:   6,178 | 1.16278 @ 2026-09-03T21:13:30
[COLETOR] Ticks:   6,179 | 1.16278 @ 2026-09-03T21:13:31
[COLETOR] Ticks:   6,180 | 1.16279 @ 2026-09-03T21:13:32
[COLETOR] Ticks:   6,181 | 1.16279 @ 2026-09-03T21:13:33
[COLETOR] Ticks:   6,182 | 1.16279 @ 2026-09-03T21:13:34
[COLETOR] Ticks:   6,183 | 1.16279 @ 2026-09-03T21:13:35
[COLETOR] Ticks:   6,184 | 1.16279 @ 2026-09-03T21:13:36
[COLETOR] Ticks:   6,185 | 1.16279 @ 2026-09-03T21:13:37
[COLETOR] Ticks:   6,186 | 1.16279 @ 2026-09-03T21:13:38
[COLETOR] Ticks:   6,187 | 1.16279 @ 2026-09-03T21:13:39
[COLETOR] Ticks:   6,188 | 1.16279 @ 2026-09-03T21:13:40
[COLETOR] Ticks:   6,189 | 1.16279 @ 2026-09-03T21:13:41
[COLETOR] Ticks:   6,190 | 1.16279 @ 2026-09-03T21:13:42
[COLETOR] Ticks:   6,191 | 1.1628 @ 2026-09-03T21:13:43
[COLETOR] Ticks:   6,192 | 1.16281 @ 2026-09-03T21:13:44
[COLETOR] Ticks:   6,193 | 1.16281 @ 2026-09-03T21:13:45
[COLETOR] Ticks:   6,194 | 1.16281 @ 2026-09-03T21:13:46
[COLETOR] Ticks:   6,195 | 1.16281 @ 2026-09-03T21:13:47
[COLETOR] Ticks:   6,196 | 1.16282 @ 2026-09-03T21:13:48
[COLETOR] Ticks:   6,197 | 1.16282 @ 2026-09-03T21:13:49
[COLETOR] Ticks:   6,198 | 1.16282 @ 2026-09-03T21:13:50
[COLETOR] Ticks:   6,199 | 1.16282 @ 2026-09-03T21:13:51
[COLETOR] Ticks:   6,200 | 1.16282 @ 2026-09-03T21:13:52
[COLETOR] Ticks:   6,201 | 1.16282 @ 2026-09-03T21:13:53
[COLETOR] Ticks:   6,202 | 1.16282 @ 2026-09-03T21:13:54
[COLETOR] Ticks:   6,203 | 1.16282 @ 2026-09-03T21:13:55
[COLETOR] Ticks:   6,204 | 1.16282 @ 2026-09-03T21:13:56
[COLETOR] Ticks:   6,205 | 1.16284 @ 2026-09-03T21:13:57
[COLETOR] Ticks:   6,206 | 1.16283 @ 2026-09-03T21:13:58
[COLETOR] Ticks:   6,207 | 1.16282 @ 2026-09-03T21:13:59
[VELA] ━━━━━━━━━━━━━━━━━━━━━━━━━━━━━━━━
  🔴 Shooting Star (força: 0.97)
  Preço: 1.1628 | Contexto: Demand Zone + Supply Zone + Resistência próxima + FVG Bearish
  Ação sugerida: SELL favorecido
[VELA] ━━━━━━━━━━━━━━━━━━━━━━━━━━━━━━━━
[COLETOR] Ticks:   6,208 | 1.16281 @ 2026-09-03T21:14:00
[COLETOR] Ticks:   6,209 | 1.16282 @ 2026-09-03T21:14:01
[COLETOR] Ticks:   6,210 | 1.16282 @ 2026-09-03T21:14:02
[COLETOR] Ticks:   6,211 | 1.16286 @ 2026-09-03T21:14:03
[COLETOR] Ticks:   6,212 | 1.16286 @ 2026-09-03T21:14:04
[COLETOR] Ticks:   6,213 | 1.16286 @ 2026-09-03T21:14:05
[COLETOR] Ticks:   6,214 | 1.16285 @ 2026-09-03T21:14:06
[COLETOR] Ticks:   6,215 | 1.16285 @ 2026-09-03T21:14:07
[COLETOR] Ticks:   6,216 | 1.16284 @ 2026-09-03T21:14:08
[COLETOR] Ticks:   6,217 | 1.16284 @ 2026-09-03T21:14:09
[COLETOR] Ticks:   6,218 | 1.16284 @ 2026-09-03T21:14:10
[COLETOR] Ticks:   6,219 | 1.16284 @ 2026-09-03T21:14:11
[COLETOR] Ticks:   6,220 | 1.16284 @ 2026-09-03T21:14:12
[COLETOR] Ticks:   6,221 | 1.16287 @ 2026-09-03T21:14:13
[COLETOR] Ticks:   6,222 | 1.16286 @ 2026-09-03T21:14:14
[COLETOR] Ticks:   6,223 | 1.16287 @ 2026-09-03T21:14:15
[COLETOR] Ticks:   6,224 | 1.16286 @ 2026-09-03T21:14:16
[COLETOR] Ticks:   6,225 | 1.16286 @ 2026-09-03T21:14:17
[COLETOR] Ticks:   6,226 | 1.16286 @ 2026-09-03T21:14:18
[COLETOR] Ticks:   6,227 | 1.16286 @ 2026-09-03T21:14:19
[COLETOR] Ticks:   6,228 | 1.16286 @ 2026-09-03T21:14:20
[COLETOR] Ticks:   6,229 | 1.16286 @ 2026-09-03T21:14:21
[COLETOR] Ticks:   6,230 | 1.16286 @ 2026-09-03T21:14:22
[COLETOR] Ticks:   6,231 | 1.16287 @ 2026-09-03T21:14:23
[COLETOR] Ticks:   6,232 | 1.16287 @ 2026-09-03T21:14:24
[COLETOR] Ticks:   6,233 | 1.16287 @ 2026-09-03T21:14:25
[COLETOR] Ticks:   6,234 | 1.16287 @ 2026-09-03T21:14:26
[COLETOR] Ticks:   6,235 | 1.16287 @ 2026-09-03T21:14:27
[COLETOR] Ticks:   6,236 | 1.16286 @ 2026-09-03T21:14:28
[COLETOR] Ticks:   6,237 | 1.16287 @ 2026-09-03T21:14:29
[COLETOR] Ticks:   6,238 | 1.16287 @ 2026-09-03T21:14:30
[COLETOR] Ticks:   6,239 | 1.16287 @ 2026-09-03T21:14:31
[COLETOR] Ticks:   6,240 | 1.16287 @ 2026-09-03T21:14:32
[COLETOR] Ticks:   6,241 | 1.16287 @ 2026-09-03T21:14:33
[COLETOR] Ticks:   6,242 | 1.16287 @ 2026-09-03T21:14:34
[COLETOR] Ticks:   6,243 | 1.16287 @ 2026-09-03T21:14:35
[COLETOR] Ticks:   6,244 | 1.16287 @ 2026-09-03T21:14:36
[COLETOR] Ticks:   6,245 | 1.16288 @ 2026-09-03T21:14:37
[COLETOR] Ticks:   6,246 | 1.16288 @ 2026-09-03T21:14:38
[COLETOR] Ticks:   6,247 | 1.16287 @ 2026-09-03T21:14:39
[COLETOR] Ticks:   6,248 | 1.16287 @ 2026-09-03T21:14:40
[COLETOR] Ticks:   6,249 | 1.16287 @ 2026-09-03T21:14:41
[COLETOR] Ticks:   6,250 | 1.16287 @ 2026-09-03T21:14:42
[COLETOR] Ticks:   6,251 | 1.16287 @ 2026-09-03T21:14:43
[COLETOR] Ticks:   6,252 | 1.16286 @ 2026-09-03T21:14:44
[COLETOR] Ticks:   6,253 | 1.16286 @ 2026-09-03T21:14:45
[COLETOR] Ticks:   6,254 | 1.16286 @ 2026-09-03T21:14:46
[COLETOR] Ticks:   6,255 | 1.16286 @ 2026-09-03T21:14:47
[COLETOR] Ticks:   6,256 | 1.16287 @ 2026-09-03T21:14:48
[COLETOR] Ticks:   6,257 | 1.16287 @ 2026-09-03T21:14:49
[COLETOR] Ticks:   6,258 | 1.16287 @ 2026-09-03T21:14:50
[COLETOR] Ticks:   6,259 | 1.16287 @ 2026-09-03T21:14:51
[COLETOR] Ticks:   6,260 | 1.16287 @ 2026-09-03T21:14:52
[COLETOR] Ticks:   6,261 | 1.16287 @ 2026-09-03T21:14:53
[COLETOR] Ticks:   6,262 | 1.16287 @ 2026-09-03T21:14:54
[COLETOR] Ticks:   6,263 | 1.16287 @ 2026-09-03T21:14:55
[COLETOR] Ticks:   6,264 | 1.16287 @ 2026-09-03T21:14:56
[COLETOR] Ticks:   6,265 | 1.16287 @ 2026-09-03T21:14:57
[COLETOR] Ticks:   6,266 | 1.16287 @ 2026-09-03T21:14:58
[COLETOR] Ticks:   6,267 | 1.16287 @ 2026-09-03T21:14:59
[COLETOR] Ticks:   6,268 | 1.16287 @ 2026-09-03T21:15:00
[VELA] ━━━━━━━━━━━━━━━━━━━━━━━━━━━━━━━━
  🔴 Shooting Star (força: 0.97)
  Preço: 1.1629 | Contexto: Demand Zone + Supply Zone + Resistência próxima + FVG Bearish
  Ação sugerida: SELL favorecido
[VELA] ━━━━━━━━━━━━━━━━━━━━━━━━━━━━━━━━
[COLETOR] Ticks:   6,269 | 1.16287 @ 2026-09-03T21:15:01
[COLETOR] Ticks:   6,270 | 1.16289 @ 2026-09-03T21:15:02
[COLETOR] Ticks:   6,271 | 1.1629 @ 2026-09-03T21:15:03
[COLETOR] Ticks:   6,272 | 1.16291 @ 2026-09-03T21:15:04
[COLETOR] Ticks:   6,273 | 1.16291 @ 2026-09-03T21:15:05
[COLETOR] Ticks:   6,274 | 1.16291 @ 2026-09-03T21:15:06
[COLETOR] Ticks:   6,275 | 1.1629 @ 2026-09-03T21:15:07
[COLETOR] Ticks:   6,276 | 1.16289 @ 2026-09-03T21:15:08
[COLETOR] Ticks:   6,277 | 1.16289 @ 2026-09-03T21:15:09
[COLETOR] Ticks:   6,278 | 1.16289 @ 2026-09-03T21:15:10
[COLETOR] Ticks:   6,279 | 1.16289 @ 2026-09-03T21:15:11
[COLETOR] Ticks:   6,280 | 1.16289 @ 2026-09-03T21:15:12
[COLETOR] Ticks:   6,281 | 1.16289 @ 2026-09-03T21:15:13
[COLETOR] Ticks:   6,282 | 1.16289 @ 2026-09-03T21:15:14
[COLETOR] Ticks:   6,283 | 1.16289 @ 2026-09-03T21:15:15
[COLETOR] Ticks:   6,284 | 1.16289 @ 2026-09-03T21:15:16
[COLETOR] Ticks:   6,285 | 1.16288 @ 2026-09-03T21:15:17
[COLETOR] Ticks:   6,286 | 1.16288 @ 2026-09-03T21:15:18
[COLETOR] Ticks:   6,287 | 1.16288 @ 2026-09-03T21:15:19
[COLETOR] Ticks:   6,288 | 1.16287 @ 2026-09-03T21:15:20
[COLETOR] Ticks:   6,289 | 1.16286 @ 2026-09-03T21:15:21
[COLETOR] Ticks:   6,290 | 1.16286 @ 2026-09-03T21:15:22
[COLETOR] Ticks:   6,291 | 1.16286 @ 2026-09-03T21:15:23
[COLETOR] Ticks:   6,292 | 1.16285 @ 2026-09-03T21:15:24
[COLETOR] Ticks:   6,293 | 1.16285 @ 2026-09-03T21:15:25
[COLETOR] Ticks:   6,294 | 1.16284 @ 2026-09-03T21:15:26
[COLETOR] Ticks:   6,295 | 1.16282 @ 2026-09-03T21:15:27
[COLETOR] Ticks:   6,296 | 1.16282 @ 2026-09-03T21:15:28
[COLETOR] Ticks:   6,297 | 1.16282 @ 2026-09-03T21:15:29
[COLETOR] Ticks:   6,298 | 1.16282 @ 2026-09-03T21:15:30
[COLETOR] Ticks:   6,299 | 1.16285 @ 2026-09-03T21:15:31
[COLETOR] Ticks:   6,300 | 1.16286 @ 2026-09-03T21:15:32
[COLETOR] Ticks:   6,301 | 1.16286 @ 2026-09-03T21:15:33
[COLETOR] Ticks:   6,302 | 1.16286 @ 2026-09-03T21:15:34
[COLETOR] Ticks:   6,303 | 1.16286 @ 2026-09-03T21:15:35
[COLETOR] Ticks:   6,304 | 1.16286 @ 2026-09-03T21:15:36
[COLETOR] Ticks:   6,305 | 1.16285 @ 2026-09-03T21:15:37
[COLETOR] Ticks:   6,306 | 1.16285 @ 2026-09-03T21:15:38
[COLETOR] Ticks:   6,307 | 1.16285 @ 2026-09-03T21:15:39
[COLETOR] Ticks:   6,308 | 1.16285 @ 2026-09-03T21:15:40
[COLETOR] Ticks:   6,309 | 1.16285 @ 2026-09-03T21:15:41
[COLETOR] Ticks:   6,310 | 1.16284 @ 2026-09-03T21:15:42
[COLETOR] Ticks:   6,311 | 1.16284 @ 2026-09-03T21:15:43
[COLETOR] Ticks:   6,312 | 1.16284 @ 2026-09-03T21:15:44
[COLETOR] Ticks:   6,313 | 1.16282 @ 2026-09-03T21:15:45
[COLETOR] Ticks:   6,314 | 1.16281 @ 2026-09-03T21:15:46
[COLETOR] Ticks:   6,315 | 1.16281 @ 2026-09-03T21:15:47
[COLETOR] Ticks:   6,316 | 1.16282 @ 2026-09-03T21:15:48
[COLETOR] Ticks:   6,317 | 1.16282 @ 2026-09-03T21:15:49
[COLETOR] Ticks:   6,318 | 1.16282 @ 2026-09-03T21:15:50
[COLETOR] Ticks:   6,319 | 1.16282 @ 2026-09-03T21:15:51
[COLETOR] Ticks:   6,320 | 1.16281 @ 2026-09-03T21:15:52
[COLETOR] Ticks:   6,321 | 1.16282 @ 2026-09-03T21:15:53
[COLETOR] Ticks:   6,322 | 1.16282 @ 2026-09-03T21:15:54
[COLETOR] Ticks:   6,323 | 1.16282 @ 2026-09-03T21:15:55
[COLETOR] Ticks:   6,324 | 1.16282 @ 2026-09-03T21:15:56
[COLETOR] Ticks:   6,325 | 1.16282 @ 2026-09-03T21:15:57
[COLETOR] Ticks:   6,326 | 1.16282 @ 2026-09-03T21:15:58
[COLETOR] Ticks:   6,327 | 1.16282 @ 2026-09-03T21:15:59
[VELA] ━━━━━━━━━━━━━━━━━━━━━━━━━━━━━━━━
  🔴 Shooting Star (força: 0.97)
  Preço: 1.1628 | Contexto: Demand Zone + Supply Zone + Resistência próxima + FVG Bearish
  Ação sugerida: SELL favorecido
[VELA] ━━━━━━━━━━━━━━━━━━━━━━━━━━━━━━━━
[COLETOR] Ticks:   6,328 | 1.16281 @ 2026-09-03T21:16:00
[COLETOR] Ticks:   6,329 | 1.16281 @ 2026-09-03T21:16:01
[COLETOR] Ticks:   6,330 | 1.16281 @ 2026-09-03T21:16:02
[COLETOR] Ticks:   6,331 | 1.16281 @ 2026-09-03T21:16:03
[COLETOR] Ticks:   6,332 | 1.1628 @ 2026-09-03T21:16:04
[COLETOR] Ticks:   6,333 | 1.1628 @ 2026-09-03T21:16:05
[COLETOR] Ticks:   6,334 | 1.16277 @ 2026-09-03T21:16:06
[COLETOR] Ticks:   6,335 | 1.16276 @ 2026-09-03T21:16:07
[COLETOR] Ticks:   6,336 | 1.16275 @ 2026-09-03T21:16:08
[COLETOR] Ticks:   6,337 | 1.16277 @ 2026-09-03T21:16:09
[COLETOR] Ticks:   6,338 | 1.16277 @ 2026-09-03T21:16:10
[COLETOR] Ticks:   6,339 | 1.16276 @ 2026-09-03T21:16:11
[COLETOR] Ticks:   6,340 | 1.16278 @ 2026-09-03T21:16:12
[COLETOR] Ticks:   6,341 | 1.16276 @ 2026-09-03T21:16:13
[COLETOR] Ticks:   6,342 | 1.16276 @ 2026-09-03T21:16:14
[COLETOR] Ticks:   6,343 | 1.16276 @ 2026-09-03T21:16:15
[COLETOR] Ticks:   6,344 | 1.16276 @ 2026-09-03T21:16:16
[COLETOR] Ticks:   6,345 | 1.16276 @ 2026-09-03T21:16:17
[COLETOR] Ticks:   6,346 | 1.16277 @ 2026-09-03T21:16:18
[COLETOR] Ticks:   6,347 | 1.16275 @ 2026-09-03T21:16:19
[COLETOR] Ticks:   6,348 | 1.16275 @ 2026-09-03T21:16:20
[COLETOR] Ticks:   6,349 | 1.16274 @ 2026-09-03T21:16:21
[COLETOR] Ticks:   6,350 | 1.16275 @ 2026-09-03T21:16:22
[COLETOR] Ticks:   6,351 | 1.16275 @ 2026-09-03T21:16:23
[COLETOR] Ticks:   6,352 | 1.16276 @ 2026-09-03T21:16:24
[COLETOR] Ticks:   6,353 | 1.16276 @ 2026-09-03T21:16:25
[COLETOR] Ticks:   6,354 | 1.16276 @ 2026-09-03T21:16:26
[COLETOR] Ticks:   6,355 | 1.16276 @ 2026-09-03T21:16:27
[COLETOR] Ticks:   6,356 | 1.16276 @ 2026-09-03T21:16:28
[COLETOR] Ticks:   6,357 | 1.16275 @ 2026-09-03T21:16:29
[COLETOR] Ticks:   6,358 | 1.16275 @ 2026-09-03T21:16:30
[COLETOR] Ticks:   6,359 | 1.16275 @ 2026-09-03T21:16:31
[COLETOR] Ticks:   6,360 | 1.16275 @ 2026-09-03T21:16:32
[COLETOR] Ticks:   6,361 | 1.16275 @ 2026-09-03T21:16:33
[COLETOR] Ticks:   6,362 | 1.16274 @ 2026-09-03T21:16:34
[COLETOR] Ticks:   6,363 | 1.16274 @ 2026-09-03T21:16:35
[COLETOR] Ticks:   6,364 | 1.16274 @ 2026-09-03T21:16:36
[COLETOR] Ticks:   6,365 | 1.16274 @ 2026-09-03T21:16:37
[COLETOR] Ticks:   6,366 | 1.16274 @ 2026-09-03T21:16:38
[COLETOR] Ticks:   6,367 | 1.16274 @ 2026-09-03T21:16:39
[COLETOR] Ticks:   6,368 | 1.16274 @ 2026-09-03T21:16:40
[COLETOR] Ticks:   6,369 | 1.16274 @ 2026-09-03T21:16:41
[COLETOR] Ticks:   6,370 | 1.16274 @ 2026-09-03T21:16:42
[COLETOR] Ticks:   6,371 | 1.16274 @ 2026-09-03T21:16:43
[COLETOR] Ticks:   6,372 | 1.16275 @ 2026-09-03T21:16:44
[COLETOR] Ticks:   6,373 | 1.16271 @ 2026-09-03T21:16:45
[COLETOR] Ticks:   6,374 | 1.16271 @ 2026-09-03T21:16:46
[COLETOR] Ticks:   6,375 | 1.16272 @ 2026-09-03T21:16:47
[COLETOR] Ticks:   6,376 | 1.16271 @ 2026-09-03T21:16:48
[COLETOR] Ticks:   6,377 | 1.16272 @ 2026-09-03T21:16:49
[COLETOR] Ticks:   6,378 | 1.16272 @ 2026-09-03T21:16:50
[COLETOR] Ticks:   6,379 | 1.16272 @ 2026-09-03T21:16:51
[COLETOR] Ticks:   6,380 | 1.16272 @ 2026-09-03T21:16:52
[COLETOR] Ticks:   6,381 | 1.16272 @ 2026-09-03T21:16:53
[COLETOR] Ticks:   6,382 | 1.16272 @ 2026-09-03T21:16:54
[COLETOR] Ticks:   6,383 | 1.16272 @ 2026-09-03T21:16:55
[COLETOR] Ticks:   6,384 | 1.16272 @ 2026-09-03T21:16:56
[COLETOR] Ticks:   6,385 | 1.16273 @ 2026-09-03T21:16:57
[COLETOR] Ticks:   6,386 | 1.16274 @ 2026-09-03T21:16:58
[COLETOR] Ticks:   6,387 | 1.16273 @ 2026-09-03T21:16:59
[VELA] ━━━━━━━━━━━━━━━━━━━━━━━━━━━━━━━━
  🔴 Shooting Star (força: 0.97)
  Preço: 1.1627 | Contexto: Demand Zone + Supply Zone + Resistência próxima + FVG Bearish
  Ação sugerida: SELL favorecido
[VELA] ━━━━━━━━━━━━━━━━━━━━━━━━━━━━━━━━
[COLETOR] Ticks:   6,388 | 1.16273 @ 2026-09-03T21:17:00
[COLETOR] Ticks:   6,389 | 1.16274 @ 2026-09-03T21:17:01
[COLETOR] Ticks:   6,390 | 1.16274 @ 2026-09-03T21:17:02
[COLETOR] Ticks:   6,391 | 1.16276 @ 2026-09-03T21:17:03
[COLETOR] Ticks:   6,392 | 1.16276 @ 2026-09-03T21:17:04
[COLETOR] Ticks:   6,393 | 1.16276 @ 2026-09-03T21:17:05
[COLETOR] Ticks:   6,394 | 1.16276 @ 2026-09-03T21:17:06
[COLETOR] Ticks:   6,395 | 1.16276 @ 2026-09-03T21:17:07
[COLETOR] Ticks:   6,396 | 1.16276 @ 2026-09-03T21:17:08
[COLETOR] Ticks:   6,397 | 1.16276 @ 2026-09-03T21:17:09
[COLETOR] Ticks:   6,398 | 1.16276 @ 2026-09-03T21:17:10
[COLETOR] Ticks:   6,399 | 1.16275 @ 2026-09-03T21:17:11
[COLETOR] Ticks:   6,400 | 1.16275 @ 2026-09-03T21:17:12
[COLETOR] Ticks:   6,401 | 1.16275 @ 2026-09-03T21:17:13
[COLETOR] Ticks:   6,402 | 1.16274 @ 2026-09-03T21:17:14
[COLETOR] Ticks:   6,403 | 1.16274 @ 2026-09-03T21:17:15
[COLETOR] Ticks:   6,404 | 1.16274 @ 2026-09-03T21:17:16
[COLETOR] Ticks:   6,405 | 1.16274 @ 2026-09-03T21:17:17
[COLETOR] Ticks:   6,406 | 1.16274 @ 2026-09-03T21:17:18
[COLETOR] Ticks:   6,407 | 1.16274 @ 2026-09-03T21:17:19
[COLETOR] Ticks:   6,408 | 1.16272 @ 2026-09-03T21:17:20
[COLETOR] Ticks:   6,409 | 1.16271 @ 2026-09-03T21:17:21
[COLETOR] Ticks:   6,410 | 1.16271 @ 2026-09-03T21:17:22
[COLETOR] Ticks:   6,411 | 1.16271 @ 2026-09-03T21:17:23
[COLETOR] Ticks:   6,412 | 1.16271 @ 2026-09-03T21:17:24
[COLETOR] Ticks:   6,413 | 1.16271 @ 2026-09-03T21:17:25
[COLETOR] Ticks:   6,414 | 1.16271 @ 2026-09-03T21:17:26
[COLETOR] Ticks:   6,415 | 1.16271 @ 2026-09-03T21:17:27
[COLETOR] Ticks:   6,416 | 1.16272 @ 2026-09-03T21:17:28
[COLETOR] Ticks:   6,417 | 1.16272 @ 2026-09-03T21:17:29
[COLETOR] Ticks:   6,418 | 1.16272 @ 2026-09-03T21:17:30
[COLETOR] Ticks:   6,419 | 1.16272 @ 2026-09-03T21:17:31
[COLETOR] Ticks:   6,420 | 1.16272 @ 2026-09-03T21:17:32
[COLETOR] Ticks:   6,421 | 1.16272 @ 2026-09-03T21:17:33
[COLETOR] Ticks:   6,422 | 1.16272 @ 2026-09-03T21:17:34
[COLETOR] Ticks:   6,423 | 1.16272 @ 2026-09-03T21:17:35
[COLETOR] Ticks:   6,424 | 1.16272 @ 2026-09-03T21:17:36
[COLETOR] Ticks:   6,425 | 1.16275 @ 2026-09-03T21:17:37
[COLETOR] Ticks:   6,426 | 1.16273 @ 2026-09-03T21:17:38
[COLETOR] Ticks:   6,427 | 1.16273 @ 2026-09-03T21:17:39
[COLETOR] Ticks:   6,428 | 1.16273 @ 2026-09-03T21:17:40
[COLETOR] Ticks:   6,429 | 1.16273 @ 2026-09-03T21:17:41
[COLETOR] Ticks:   6,430 | 1.16273 @ 2026-09-03T21:17:42
[COLETOR] Ticks:   6,431 | 1.16273 @ 2026-09-03T21:17:43
[COLETOR] Ticks:   6,432 | 1.16274 @ 2026-09-03T21:17:44
[COLETOR] Ticks:   6,433 | 1.16274 @ 2026-09-03T21:17:45
[COLETOR] Ticks:   6,434 | 1.16273 @ 2026-09-03T21:17:46
[COLETOR] Ticks:   6,435 | 1.16273 @ 2026-09-03T21:17:47
[COLETOR] Ticks:   6,436 | 1.16273 @ 2026-09-03T21:17:48
[COLETOR] Ticks:   6,437 | 1.16273 @ 2026-09-03T21:17:49
[COLETOR] Ticks:   6,438 | 1.16273 @ 2026-09-03T21:17:50
[COLETOR] Ticks:   6,439 | 1.16271 @ 2026-09-03T21:17:51
[COLETOR] Ticks:   6,440 | 1.16272 @ 2026-09-03T21:17:52
[COLETOR] Ticks:   6,441 | 1.16274 @ 2026-09-03T21:17:53
[COLETOR] Ticks:   6,442 | 1.16276 @ 2026-09-03T21:17:54
[COLETOR] Ticks:   6,443 | 1.16276 @ 2026-09-03T21:17:55
[COLETOR] Ticks:   6,444 | 1.16276 @ 2026-09-03T21:17:56
[COLETOR] Ticks:   6,445 | 1.16276 @ 2026-09-03T21:17:57
[COLETOR] Ticks:   6,446 | 1.16276 @ 2026-09-03T21:17:58
[COLETOR] Ticks:   6,447 | 1.16276 @ 2026-09-03T21:17:59
[VELA] ━━━━━━━━━━━━━━━━━━━━━━━━━━━━━━━━
  🔴 Shooting Star (força: 0.97)
  Preço: 1.1628 | Contexto: Demand Zone + Supply Zone + Resistência próxima + FVG Bearish
  Ação sugerida: SELL favorecido
[VELA] ━━━━━━━━━━━━━━━━━━━━━━━━━━━━━━━━
[COLETOR] Ticks:   6,448 | 1.16276 @ 2026-09-03T21:18:00
[COLETOR] Ticks:   6,449 | 1.16277 @ 2026-09-03T21:18:01
[COLETOR] Ticks:   6,450 | 1.16277 @ 2026-09-03T21:18:02
[COLETOR] Ticks:   6,451 | 1.16277 @ 2026-09-03T21:18:03
[COLETOR] Ticks:   6,452 | 1.16276 @ 2026-09-03T21:18:04
[COLETOR] Ticks:   6,453 | 1.16278 @ 2026-09-03T21:18:05
[COLETOR] Ticks:   6,454 | 1.16277 @ 2026-09-03T21:18:06
[COLETOR] Ticks:   6,455 | 1.16277 @ 2026-09-03T21:18:07
[COLETOR] Ticks:   6,456 | 1.16277 @ 2026-09-03T21:18:08
[COLETOR] Ticks:   6,457 | 1.16277 @ 2026-09-03T21:18:09
[COLETOR] Ticks:   6,458 | 1.16277 @ 2026-09-03T21:18:10
[COLETOR] Ticks:   6,459 | 1.16277 @ 2026-09-03T21:18:11
[COLETOR] Ticks:   6,460 | 1.16277 @ 2026-09-03T21:18:12
[COLETOR] Ticks:   6,461 | 1.16277 @ 2026-09-03T21:18:13
[COLETOR] Ticks:   6,462 | 1.16277 @ 2026-09-03T21:18:14
[COLETOR] Ticks:   6,463 | 1.16277 @ 2026-09-03T21:18:15
[COLETOR] Ticks:   6,464 | 1.16277 @ 2026-09-03T21:18:16
[COLETOR] Ticks:   6,465 | 1.16281 @ 2026-09-03T21:18:17
[COLETOR] Ticks:   6,466 | 1.16281 @ 2026-09-03T21:18:18
[COLETOR] Ticks:   6,467 | 1.16281 @ 2026-09-03T21:18:19
[COLETOR] Ticks:   6,468 | 1.16281 @ 2026-09-03T21:18:20
[COLETOR] Ticks:   6,469 | 1.1628 @ 2026-09-03T21:18:21
[COLETOR] Ticks:   6,470 | 1.1628 @ 2026-09-03T21:18:22
[COLETOR] Ticks:   6,471 | 1.16281 @ 2026-09-03T21:18:23
[COLETOR] Ticks:   6,472 | 1.16281 @ 2026-09-03T21:18:24
[COLETOR] Ticks:   6,473 | 1.16281 @ 2026-09-03T21:18:25
[COLETOR] Ticks:   6,474 | 1.16282 @ 2026-09-03T21:18:26
[COLETOR] Ticks:   6,475 | 1.16282 @ 2026-09-03T21:18:27
[COLETOR] Ticks:   6,476 | 1.16282 @ 2026-09-03T21:18:28
[COLETOR] Ticks:   6,477 | 1.16281 @ 2026-09-03T21:18:29
[COLETOR] Ticks:   6,478 | 1.16281 @ 2026-09-03T21:18:30
[COLETOR] Ticks:   6,479 | 1.16282 @ 2026-09-03T21:18:31
[COLETOR] Ticks:   6,480 | 1.16282 @ 2026-09-03T21:18:32
[COLETOR] Ticks:   6,481 | 1.16282 @ 2026-09-03T21:18:33
[COLETOR] Ticks:   6,482 | 1.16282 @ 2026-09-03T21:18:34
[COLETOR] Ticks:   6,483 | 1.16282 @ 2026-09-03T21:18:35
[COLETOR] Ticks:   6,484 | 1.16283 @ 2026-09-03T21:18:36
[COLETOR] Ticks:   6,485 | 1.16283 @ 2026-09-03T21:18:37
[COLETOR] Ticks:   6,486 | 1.16284 @ 2026-09-03T21:18:38
[COLETOR] Ticks:   6,487 | 1.16284 @ 2026-09-03T21:18:39
[COLETOR] Ticks:   6,488 | 1.16284 @ 2026-09-03T21:18:40
[COLETOR] Ticks:   6,489 | 1.16285 @ 2026-09-03T21:18:41
[COLETOR] Ticks:   6,490 | 1.16285 @ 2026-09-03T21:18:42
[COLETOR] Ticks:   6,491 | 1.16282 @ 2026-09-03T21:18:43
[COLETOR] Ticks:   6,492 | 1.16281 @ 2026-09-03T21:18:44
[COLETOR] Ticks:   6,493 | 1.16281 @ 2026-09-03T21:18:45
[COLETOR] Ticks:   6,494 | 1.1628 @ 2026-09-03T21:18:46
[COLETOR] Ticks:   6,495 | 1.16281 @ 2026-09-03T21:18:47
[COLETOR] Ticks:   6,496 | 1.16281 @ 2026-09-03T21:18:48
[COLETOR] Ticks:   6,497 | 1.16281 @ 2026-09-03T21:18:49
[COLETOR] Ticks:   6,498 | 1.16281 @ 2026-09-03T21:18:50
[COLETOR] Ticks:   6,499 | 1.16281 @ 2026-09-03T21:18:51
[COLETOR] Ticks:   6,500 | 1.16281 @ 2026-09-03T21:18:52
[COLETOR] Ticks:   6,501 | 1.16281 @ 2026-09-03T21:18:53
[COLETOR] Ticks:   6,502 | 1.16279 @ 2026-09-03T21:18:54
[COLETOR] Ticks:   6,503 | 1.16281 @ 2026-09-03T21:18:55
[COLETOR] Ticks:   6,504 | 1.1628 @ 2026-09-03T21:18:56
[COLETOR] Ticks:   6,505 | 1.1628 @ 2026-09-03T21:18:57
[COLETOR] Ticks:   6,506 | 1.1628 @ 2026-09-03T21:18:58
[COLETOR] Ticks:   6,507 | 1.1628 @ 2026-09-03T21:18:59
[VELA] ━━━━━━━━━━━━━━━━━━━━━━━━━━━━━━━━
  🔴 Shooting Star (força: 0.97)
  Preço: 1.1628 | Contexto: Demand Zone + Supply Zone + Resistência próxima + FVG Bearish
  Ação sugerida: SELL favorecido
[VELA] ━━━━━━━━━━━━━━━━━━━━━━━━━━━━━━━━
[COLETOR] Ticks:   6,508 | 1.1628 @ 2026-09-03T21:19:00
[COLETOR] Ticks:   6,509 | 1.16281 @ 2026-09-03T21:19:01
[COLETOR] Ticks:   6,510 | 1.1628 @ 2026-09-03T21:19:02
[COLETOR] Ticks:   6,511 | 1.1628 @ 2026-09-03T21:19:03
[COLETOR] Ticks:   6,512 | 1.1628 @ 2026-09-03T21:19:04
[COLETOR] Ticks:   6,513 | 1.1628 @ 2026-09-03T21:19:05
[COLETOR] Ticks:   6,514 | 1.1628 @ 2026-09-03T21:19:06
[COLETOR] Ticks:   6,515 | 1.1628 @ 2026-09-03T21:19:07
[COLETOR] Ticks:   6,516 | 1.1628 @ 2026-09-03T21:19:08
[COLETOR] Ticks:   6,517 | 1.1628 @ 2026-09-03T21:19:09
[COLETOR] Ticks:   6,518 | 1.1628 @ 2026-09-03T21:19:10
[COLETOR] Ticks:   6,519 | 1.1628 @ 2026-09-03T21:19:11
[COLETOR] Ticks:   6,520 | 1.1628 @ 2026-09-03T21:19:12
[COLETOR] Ticks:   6,521 | 1.1628 @ 2026-09-03T21:19:13
[COLETOR] Ticks:   6,522 | 1.1628 @ 2026-09-03T21:19:14
[COLETOR] Ticks:   6,523 | 1.1628 @ 2026-09-03T21:19:15
[COLETOR] Ticks:   6,524 | 1.1628 @ 2026-09-03T21:19:16
[COLETOR] Ticks:   6,525 | 1.1628 @ 2026-09-03T21:19:17
[COLETOR] Ticks:   6,526 | 1.1628 @ 2026-09-03T21:19:18
[COLETOR] Ticks:   6,527 | 1.1628 @ 2026-09-03T21:19:19
[COLETOR] Ticks:   6,528 | 1.1628 @ 2026-09-03T21:19:20
[COLETOR] Ticks:   6,529 | 1.1628 @ 2026-09-03T21:19:21
[COLETOR] Ticks:   6,530 | 1.16278 @ 2026-09-03T21:19:22
[COLETOR] Ticks:   6,531 | 1.16277 @ 2026-09-03T21:19:23
[COLETOR] Ticks:   6,532 | 1.16277 @ 2026-09-03T21:19:24
[COLETOR] Ticks:   6,533 | 1.16278 @ 2026-09-03T21:19:25
[COLETOR] Ticks:   6,534 | 1.16277 @ 2026-09-03T21:19:26
[COLETOR] Ticks:   6,535 | 1.16277 @ 2026-09-03T21:19:27
[COLETOR] Ticks:   6,536 | 1.16277 @ 2026-09-03T21:19:28
[COLETOR] Ticks:   6,537 | 1.16274 @ 2026-09-03T21:19:29
[COLETOR] Ticks:   6,538 | 1.16276 @ 2026-09-03T21:19:30
[COLETOR] Ticks:   6,539 | 1.16276 @ 2026-09-03T21:19:31
[COLETOR] Ticks:   6,540 | 1.16276 @ 2026-09-03T21:19:32
[COLETOR] Ticks:   6,541 | 1.16274 @ 2026-09-03T21:19:33
[COLETOR] Ticks:   6,542 | 1.16274 @ 2026-09-03T21:19:34
[COLETOR] Ticks:   6,543 | 1.16275 @ 2026-09-03T21:19:35
[COLETOR] Ticks:   6,544 | 1.16276 @ 2026-09-03T21:19:36
[COLETOR] Ticks:   6,545 | 1.16274 @ 2026-09-03T21:19:37
[COLETOR] Ticks:   6,546 | 1.16275 @ 2026-09-03T21:19:38
[COLETOR] Ticks:   6,547 | 1.16275 @ 2026-09-03T21:19:39
[COLETOR] Ticks:   6,548 | 1.16274 @ 2026-09-03T21:19:40
[COLETOR] Ticks:   6,549 | 1.16274 @ 2026-09-03T21:19:41
[COLETOR] Ticks:   6,550 | 1.16273 @ 2026-09-03T21:19:42
[COLETOR] Ticks:   6,551 | 1.16272 @ 2026-09-03T21:19:43
[COLETOR] Ticks:   6,552 | 1.16274 @ 2026-09-03T21:19:44
[COLETOR] Ticks:   6,553 | 1.16275 @ 2026-09-03T21:19:45
[COLETOR] Ticks:   6,554 | 1.16274 @ 2026-09-03T21:19:46
[COLETOR] Ticks:   6,555 | 1.16274 @ 2026-09-03T21:19:47
[COLETOR] Ticks:   6,556 | 1.16273 @ 2026-09-03T21:19:48
[COLETOR] Ticks:   6,557 | 1.16273 @ 2026-09-03T21:19:49
[COLETOR] Ticks:   6,558 | 1.16273 @ 2026-09-03T21:19:50
[COLETOR] Ticks:   6,559 | 1.16273 @ 2026-09-03T21:19:51
[COLETOR] Ticks:   6,560 | 1.16273 @ 2026-09-03T21:19:52
[COLETOR] Ticks:   6,561 | 1.16273 @ 2026-09-03T21:19:53
[COLETOR] Ticks:   6,562 | 1.16273 @ 2026-09-03T21:19:54
[COLETOR] Ticks:   6,563 | 1.16275 @ 2026-09-03T21:19:55
[COLETOR] Ticks:   6,564 | 1.16274 @ 2026-09-03T21:19:56
[COLETOR] Ticks:   6,565 | 1.16274 @ 2026-09-03T21:19:57
[COLETOR] Ticks:   6,566 | 1.16275 @ 2026-09-03T21:19:58
[COLETOR] Ticks:   6,567 | 1.16274 @ 2026-09-03T21:19:59
[COLETOR] Ticks:   6,568 | 1.16275 @ 2026-09-03T21:20:00
[VELA] ━━━━━━━━━━━━━━━━━━━━━━━━━━━━━━━━
  🔴 Shooting Star (força: 0.97)
  Preço: 1.1627 | Contexto: Demand Zone + Supply Zone + Resistência próxima + FVG Bearish
  Ação sugerida: SELL favorecido
[VELA] ━━━━━━━━━━━━━━━━━━━━━━━━━━━━━━━━
[COLETOR] Ticks:   6,569 | 1.16274 @ 2026-09-03T21:20:01
[COLETOR] Ticks:   6,570 | 1.16274 @ 2026-09-03T21:20:02
[COLETOR] Ticks:   6,571 | 1.16274 @ 2026-09-03T21:20:03[TRADE] LOSS | Profit: -10.00 USD | Saldo: 990.00 | PnL hoje: -10.00
[BOT] 1.1627 | Aguardando fechamento da vela... (candles ok: 209)
[COLETOR] Ticks:   6,572 | 1.16274 @ 2026-09-03T21:20:04
[BOT] 1.1628 | Aguardando fechamento da vela... (candles ok: 209)
[COLETOR] Ticks:   6,573 | 1.16276 @ 2026-09-03T21:20:05
[BOT] 1.1628 | Aguardando fechamento da vela... (candles ok: 209)
[COLETOR] Ticks:   6,574 | 1.16276 @ 2026-09-03T21:20:06
[BOT] 1.1628 | Aguardando fechamento da vela... (candles ok: 209)
[COLETOR] Ticks:   6,575 | 1.16276 @ 2026-09-03T21:20:07
[BOT] 1.1628 | Aguardando fechamento da vela... (candles ok: 209)
[COLETOR] Ticks:   6,576 | 1.16277 @ 2026-09-03T21:20:08
[BOT] 1.1628 | Aguardando fechamento da vela... (candles ok: 209)
[COLETOR] Ticks:   6,577 | 1.16277 @ 2026-09-03T21:20:09
[BOT] 1.1628 | Aguardando fechamento da vela... (candles ok: 209)
[COLETOR] Ticks:   6,578 | 1.16277 @ 2026-09-03T21:20:10
[BOT] 1.1628 | Aguardando fechamento da vela... (candles ok: 209)
[COLETOR] Ticks:   6,579 | 1.16277 @ 2026-09-03T21:20:11
[COLETOR] Ticks:   6,580 | 1.1628 @ 2026-09-03T21:20:12
[BOT] 1.1628 | Aguardando fechamento da vela... (candles ok: 209)
[BOT] 1.1628 | Aguardando fechamento da vela... (candles ok: 209)
[COLETOR] Ticks:   6,581 | 1.1628 @ 2026-09-03T21:20:13
[BOT] 1.1628 | Aguardando fechamento da vela... (candles ok: 209)
[COLETOR] Ticks:   6,582 | 1.1628 @ 2026-09-03T21:20:14
[BOT] 1.1628 | Aguardando fechamento da vela... (candles ok: 209)
[COLETOR] Ticks:   6,583 | 1.1628 @ 2026-09-03T21:20:15
[BOT] 1.1628 | Aguardando fechamento da vela... (candles ok: 209)
[COLETOR] Ticks:   6,584 | 1.1628 @ 2026-09-03T21:20:16
[BOT] 1.1628 | Aguardando fechamento da vela... (candles ok: 209)
[COLETOR] Ticks:   6,585 | 1.1628 @ 2026-09-03T21:20:17
[BOT] 1.1628 | Aguardando fechamento da vela... (candles ok: 209)
[COLETOR] Ticks:   6,586 | 1.1628 @ 2026-09-03T21:20:18
[BOT] 1.1628 | Aguardando fechamento da vela... (candles ok: 209)
[COLETOR] Ticks:   6,587 | 1.1628 @ 2026-09-03T21:20:19
[BOT] 1.1628 | Aguardando fechamento da vela... (candles ok: 209)
[COLETOR] Ticks:   6,588 | 1.16281 @ 2026-09-03T21:20:20
[BOT] 1.1628 | Aguardando fechamento da vela... (candles ok: 209)
[COLETOR] Ticks:   6,589 | 1.16281 @ 2026-09-03T21:20:21
[BOT] 1.1628 | Aguardando fechamento da vela... (candles ok: 209)
[COLETOR] Ticks:   6,590 | 1.16281 @ 2026-09-03T21:20:22
[BOT] 1.1628 | Aguardando fechamento da vela... (candles ok: 209)
[COLETOR] Ticks:   6,591 | 1.16281 @ 2026-09-03T21:20:23
[BOT] 1.1628 | Aguardando fechamento da vela... (candles ok: 209)
[COLETOR] Ticks:   6,592 | 1.16281 @ 2026-09-03T21:20:24
[BOT] 1.1628 | Aguardando fechamento da vela... (candles ok: 209)
[COLETOR] Ticks:   6,593 | 1.16281 @ 2026-09-03T21:20:25
[BOT] 1.1628 | Aguardando fechamento da vela... (candles ok: 209)
[COLETOR] Ticks:   6,594 | 1.16281 @ 2026-09-03T21:20:26
[BOT] 1.1628 | Aguardando fechamento da vela... (candles ok: 209)
[COLETOR] Ticks:   6,595 | 1.16281 @ 2026-09-03T21:20:27
[BOT] 1.1628 | Aguardando fechamento da vela... (candles ok: 209)
[COLETOR] Ticks:   6,596 | 1.16278 @ 2026-09-03T21:20:28
[BOT] 1.1628 | Aguardando fechamento da vela... (candles ok: 209)
[COLETOR] Ticks:   6,597 | 1.16279 @ 2026-09-03T21:20:29
[BOT] 1.1628 | Aguardando fechamento da vela... (candles ok: 209)
[COLETOR] Ticks:   6,598 | 1.16279 @ 2026-09-03T21:20:30
[BOT] 1.1628 | Aguardando fechamento da vela... (candles ok: 209)
[COLETOR] Ticks:   6,599 | 1.16279 @ 2026-09-03T21:20:31
[BOT] 1.1628 | Aguardando fechamento da vela... (candles ok: 209)
[COLETOR] Ticks:   6,600 | 1.16279 @ 2026-09-03T21:20:32
[BOT] 1.1628 | Aguardando fechamento da vela... (candles ok: 209)
[COLETOR] Ticks:   6,601 | 1.16278 @ 2026-09-03T21:20:33
[BOT] 1.1628 | Aguardando fechamento da vela... (candles ok: 209)
[COLETOR] Ticks:   6,602 | 1.16279 @ 2026-09-03T21:20:34
[BOT] 1.1628 | Aguardando fechamento da vela... (candles ok: 209)
[COLETOR] Ticks:   6,603 | 1.16278 @ 2026-09-03T21:20:35
[BOT] 1.1628 | Aguardando fechamento da vela... (candles ok: 209)
[COLETOR] Ticks:   6,604 | 1.16278 @ 2026-09-03T21:20:36
[BOT] 1.1628 | Aguardando fechamento da vela... (candles ok: 209)
[COLETOR] Ticks:   6,605 | 1.16279 @ 2026-09-03T21:20:37
[BOT] 1.1628 | Aguardando fechamento da vela... (candles ok: 209)
[COLETOR] Ticks:   6,606 | 1.16281 @ 2026-09-03T21:20:38
[COLETOR] Ticks:   6,607 | 1.1628 @ 2026-09-03T21:20:39
[BOT] 1.1628 | Aguardando fechamento da vela... (candles ok: 209)
[BOT] 1.1628 | Aguardando fechamento da vela... (candles ok: 209)
[COLETOR] Ticks:   6,608 | 1.16279 @ 2026-09-03T21:20:40
[BOT] 1.1628 | Aguardando fechamento da vela... (candles ok: 209)
[COLETOR] Ticks:   6,609 | 1.16278 @ 2026-09-03T21:20:41
[COLETOR] Ticks:   6,610 | 1.16278 @ 2026-09-03T21:20:42
[BOT] 1.1628 | Aguardando fechamento da vela... (candles ok: 209)
[BOT] 1.1628 | Aguardando fechamento da vela... (candles ok: 209)
[COLETOR] Ticks:   6,611 | 1.16278 @ 2026-09-03T21:20:43
[BOT] 1.1628 | Aguardando fechamento da vela... (candles ok: 209)
[COLETOR] Ticks:   6,612 | 1.16278 @ 2026-09-03T21:20:44
[BOT] 1.1628 | Aguardando fechamento da vela... (candles ok: 209)
[COLETOR] Ticks:   6,613 | 1.16278 @ 2026-09-03T21:20:45
[BOT] 1.1628 | Aguardando fechamento da vela... (candles ok: 209)
[COLETOR] Ticks:   6,614 | 1.16278 @ 2026-09-03T21:20:46
[BOT] 1.1628 | Aguardando fechamento da vela... (candles ok: 209)
[COLETOR] Ticks:   6,615 | 1.16276 @ 2026-09-03T21:20:47
[BOT] 1.1627 | Aguardando fechamento da vela... (candles ok: 209)
[COLETOR] Ticks:   6,616 | 1.16275 @ 2026-09-03T21:20:48
[BOT] 1.1628 | Aguardando fechamento da vela... (candles ok: 209)
[COLETOR] Ticks:   6,617 | 1.16276 @ 2026-09-03T21:20:49
[BOT] 1.1627 | Aguardando fechamento da vela... (candles ok: 209)
[COLETOR] Ticks:   6,618 | 1.16275 @ 2026-09-03T21:20:50
[BOT] 1.1628 | Aguardando fechamento da vela... (candles ok: 209)
[COLETOR] Ticks:   6,619 | 1.16276 @ 2026-09-03T21:20:51
[BOT] 1.1628 | Aguardando fechamento da vela... (candles ok: 209)
[COLETOR] Ticks:   6,620 | 1.16276 @ 2026-09-03T21:20:52
[BOT] 1.1627 | Aguardando fechamento da vela... (candles ok: 209)
[COLETOR] Ticks:   6,621 | 1.16275 @ 2026-09-03T21:20:53
[BOT] 1.1628 | Aguardando fechamento da vela... (candles ok: 209)
[COLETOR] Ticks:   6,622 | 1.16276 @ 2026-09-03T21:20:54
[COLETOR] Ticks:   6,623 | 1.16275 @ 2026-09-03T21:20:55
[BOT] 1.1627 | Aguardando fechamento da vela... (candles ok: 209)
[BOT] 1.1628 | Aguardando fechamento da vela... (candles ok: 209)
[COLETOR] Ticks:   6,624 | 1.16276 @ 2026-09-03T21:20:56
[BOT] 1.1628 | Aguardando fechamento da vela... (candles ok: 209)
[COLETOR] Ticks:   6,625 | 1.16276 @ 2026-09-03T21:20:57
[BOT] 1.1628 | Aguardando fechamento da vela... (candles ok: 209)
[COLETOR] Ticks:   6,626 | 1.16276 @ 2026-09-03T21:20:58
[BOT] 1.1628 | Aguardando fechamento da vela... (candles ok: 209)
[COLETOR] Ticks:   6,627 | 1.16276 @ 2026-09-03T21:20:59
[TICK] 1.1628 | EMA9:1.1628 EMA21:1.1628 | RSI:45.2 ADX:17.9 MACD_H:-0.00003 [LATERAL]
[COLETOR] Ticks:   6,628 | 1.16276 @ 2026-09-03T21:21:00
[BOT] 1.1628 | Aguardando fechamento da vela... (candles ok: 210)
[COLETOR] Ticks:   6,629 | 1.16276 @ 2026-09-03T21:21:01
[BOT] 1.1628 | Aguardando fechamento da vela... (candles ok: 210)
[COLETOR] Ticks:   6,630 | 1.16276 @ 2026-09-03T21:21:02
[BOT] 1.1628 | Aguardando fechamento da vela... (candles ok: 210)
[COLETOR] Ticks:   6,631 | 1.16276 @ 2026-09-03T21:21:03
[BOT] 1.1628 | Aguardando fechamento da vela... (candles ok: 210)
[COLETOR] Ticks:   6,632 | 1.16276 @ 2026-09-03T21:21:04
[COLETOR] Ticks:   6,633 | 1.16276 @ 2026-09-03T21:21:05
[BOT] 1.1628 | Aguardando fechamento da vela... (candles ok: 210)
[BOT] 1.1628 | Aguardando fechamento da vela... (candles ok: 210)
[COLETOR] Ticks:   6,634 | 1.16276 @ 2026-09-03T21:21:06
[COLETOR] Ticks:   6,635 | 1.16276 @ 2026-09-03T21:21:07
[BOT] 1.1628 | Aguardando fechamento da vela... (candles ok: 210)
[BOT] 1.1628 | Aguardando fechamento da vela... (candles ok: 210)
[COLETOR] Ticks:   6,636 | 1.16276 @ 2026-09-03T21:21:08
[BOT] 1.1628 | Aguardando fechamento da vela... (candles ok: 210)
[COLETOR] Ticks:   6,637 | 1.16276 @ 2026-09-03T21:21:09
[BOT] 1.1627 | Aguardando fechamento da vela... (candles ok: 210)
[COLETOR] Ticks:   6,638 | 1.16271 @ 2026-09-03T21:21:10
[BOT] 1.1627 | Aguardando fechamento da vela... (candles ok: 210)
[COLETOR] Ticks:   6,639 | 1.16271 @ 2026-09-03T21:21:11
[COLETOR] Ticks:   6,640 | 1.16272 @ 2026-09-03T21:21:12
[BOT] 1.1627 | Aguardando fechamento da vela... (candles ok: 210)
[BOT] 1.1627 | Aguardando fechamento da vela... (candles ok: 210)
[COLETOR] Ticks:   6,641 | 1.16272 @ 2026-09-03T21:21:13
[BOT] 1.1627 | Aguardando fechamento da vela... (candles ok: 210)
[COLETOR] Ticks:   6,642 | 1.16272 @ 2026-09-03T21:21:14
[COLETOR] Ticks:   6,643 | 1.16273 @ 2026-09-03T21:21:15
[BOT] 1.1627 | Aguardando fechamento da vela... (candles ok: 210)
[BOT] 1.1627 | Aguardando fechamento da vela... (candles ok: 210)
[COLETOR] Ticks:   6,644 | 1.16272 @ 2026-09-03T21:21:16
[BOT] 1.1627 | Aguardando fechamento da vela... (candles ok: 210)
[COLETOR] Ticks:   6,645 | 1.16273 @ 2026-09-03T21:21:17
[BOT] 1.1627 | Aguardando fechamento da vela... (candles ok: 210)
[COLETOR] Ticks:   6,646 | 1.16273 @ 2026-09-03T21:21:18
[BOT] 1.1627 | Aguardando fechamento da vela... (candles ok: 210)
[COLETOR] Ticks:   6,647 | 1.16273 @ 2026-09-03T21:21:19
[BOT] 1.1627 | Aguardando fechamento da vela... (candles ok: 210)
[COLETOR] Ticks:   6,648 | 1.16273 @ 2026-09-03T21:21:20
[BOT] 1.1627 | Aguardando fechamento da vela... (candles ok: 210)
[COLETOR] Ticks:   6,649 | 1.16272 @ 2026-09-03T21:21:21
[BOT] 1.1627 | Aguardando fechamento da vela... (candles ok: 210)
[COLETOR] Ticks:   6,650 | 1.16272 @ 2026-09-03T21:21:22
[BOT] 1.1627 | Aguardando fechamento da vela... (candles ok: 210)
[COLETOR] Ticks:   6,651 | 1.16272 @ 2026-09-03T21:21:23
[BOT] 1.1627 | Aguardando fechamento da vela... (candles ok: 210)
[COLETOR] Ticks:   6,652 | 1.16272 @ 2026-09-03T21:21:24
[BOT] 1.1627 | Aguardando fechamento da vela... (candles ok: 210)
[COLETOR] Ticks:   6,653 | 1.16272 @ 2026-09-03T21:21:25
[BOT] 1.1627 | Aguardando fechamento da vela... (candles ok: 210)
[COLETOR] Ticks:   6,654 | 1.16271 @ 2026-09-03T21:21:26
[COLETOR] Ticks:   6,655 | 1.16272 @ 2026-09-03T21:21:27
[BOT] 1.1627 | Aguardando fechamento da vela... (candles ok: 210)
[BOT] 1.1627 | Aguardando fechamento da vela... (candles ok: 210)
[COLETOR] Ticks:   6,656 | 1.16272 @ 2026-09-03T21:21:28
[BOT] 1.1627 | Aguardando fechamento da vela... (candles ok: 210)
[COLETOR] Ticks:   6,657 | 1.16272 @ 2026-09-03T21:21:29
[BOT] 1.1627 | Aguardando fechamento da vela... (candles ok: 210)
[COLETOR] Ticks:   6,658 | 1.16271 @ 2026-09-03T21:21:30
[BOT] 1.1627 | Aguardando fechamento da vela... (candles ok: 210)
[COLETOR] Ticks:   6,659 | 1.1627 @ 2026-09-03T21:21:31
[BOT] 1.1627 | Aguardando fechamento da vela... (candles ok: 210)
[COLETOR] Ticks:   6,660 | 1.1627 @ 2026-09-03T21:21:32
[BOT] 1.1627 | Aguardando fechamento da vela... (candles ok: 210)
[COLETOR] Ticks:   6,661 | 1.1627 @ 2026-09-03T21:21:33
[BOT] 1.1627 | Aguardando fechamento da vela... (candles ok: 210)
[COLETOR] Ticks:   6,662 | 1.1627 @ 2026-09-03T21:21:34
[COLETOR] Ticks:   6,663 | 1.1627 @ 2026-09-03T21:21:35
[BOT] 1.1627 | Aguardando fechamento da vela... (candles ok: 210)
[BOT] 1.1627 | Aguardando fechamento da vela... (candles ok: 210)
[COLETOR] Ticks:   6,664 | 1.16269 @ 2026-09-03T21:21:36
[BOT] 1.1627 | Aguardando fechamento da vela... (candles ok: 210)
[COLETOR] Ticks:   6,665 | 1.16268 @ 2026-09-03T21:21:37
[BOT] 1.1627 | Aguardando fechamento da vela... (candles ok: 210)
[COLETOR] Ticks:   6,666 | 1.16268 @ 2026-09-03T21:21:38
[BOT] 1.1627 | Aguardando fechamento da vela... (candles ok: 210)
[COLETOR] Ticks:   6,667 | 1.16269 @ 2026-09-03T21:21:39
[BOT] 1.1627 | Aguardando fechamento da vela... (candles ok: 210)
[COLETOR] Ticks:   6,668 | 1.16269 @ 2026-09-03T21:21:40
[BOT] 1.1627 | Aguardando fechamento da vela... (candles ok: 210)
[COLETOR] Ticks:   6,669 | 1.16271 @ 2026-09-03T21:21:41
[COLETOR] Ticks:   6,670 | 1.16271 @ 2026-09-03T21:21:42
[BOT] 1.1627 | Aguardando fechamento da vela... (candles ok: 210)
[BOT] 1.1627 | Aguardando fechamento da vela... (candles ok: 210)
[COLETOR] Ticks:   6,671 | 1.16271 @ 2026-09-03T21:21:43
[BOT] 1.1627 | Aguardando fechamento da vela... (candles ok: 210)
[COLETOR] Ticks:   6,672 | 1.16271 @ 2026-09-03T21:21:44
[COLETOR] Ticks:   6,673 | 1.1627 @ 2026-09-03T21:21:45
[BOT] 1.1627 | Aguardando fechamento da vela... (candles ok: 210)
[BOT] 1.1627 | Aguardando fechamento da vela... (candles ok: 210)
[COLETOR] Ticks:   6,674 | 1.1627 @ 2026-09-03T21:21:46
[COLETOR] Ticks:   6,675 | 1.1627 @ 2026-09-03T21:21:47
[BOT] 1.1627 | Aguardando fechamento da vela... (candles ok: 210)
[BOT] 1.1627 | Aguardando fechamento da vela... (candles ok: 210)
[COLETOR] Ticks:   6,676 | 1.1627 @ 2026-09-03T21:21:48
[BOT] 1.1627 | Aguardando fechamento da vela... (candles ok: 210)
[COLETOR] Ticks:   6,677 | 1.16269 @ 2026-09-03T21:21:49
[BOT] 1.1627 | Aguardando fechamento da vela... (candles ok: 210)
[COLETOR] Ticks:   6,678 | 1.1627 @ 2026-09-03T21:21:50
[BOT] 1.1627 | Aguardando fechamento da vela... (candles ok: 210)
[COLETOR] Ticks:   6,679 | 1.16268 @ 2026-09-03T21:21:51
[BOT] 1.1627 | Aguardando fechamento da vela... (candles ok: 210)
[COLETOR] Ticks:   6,680 | 1.16269 @ 2026-09-03T21:21:52
[BOT] 1.1627 | Aguardando fechamento da vela... (candles ok: 210)
[COLETOR] Ticks:   6,681 | 1.16269 @ 2026-09-03T21:21:53
[BOT] 1.1627 | Aguardando fechamento da vela... (candles ok: 210)
[COLETOR] Ticks:   6,682 | 1.1627 @ 2026-09-03T21:21:54
[BOT] 1.1627 | Aguardando fechamento da vela... (candles ok: 210)
[COLETOR] Ticks:   6,683 | 1.16269 @ 2026-09-03T21:21:55
[BOT] 1.1627 | Aguardando fechamento da vela... (candles ok: 210)
[COLETOR] Ticks:   6,684 | 1.1627 @ 2026-09-03T21:21:56
[BOT] 1.1627 | Aguardando fechamento da vela... (candles ok: 210)
[COLETOR] Ticks:   6,685 | 1.1627 @ 2026-09-03T21:21:57
[BOT] 1.1627 | Aguardando fechamento da vela... (candles ok: 210)
[COLETOR] Ticks:   6,686 | 1.1627 @ 2026-09-03T21:21:58
[BOT] 1.1627 | Aguardando fechamento da vela... (candles ok: 210)
[COLETOR] Ticks:   6,687 | 1.16269 @ 2026-09-03T21:21:59
[COLETOR] Ticks:   6,688 | 1.16269 @ 2026-09-03T21:22:00
[TICK] 1.1627 | EMA9:1.1628 EMA21:1.1628 | RSI:40.4 ADX:18.1 MACD_H:-0.00003 [LATERAL]
[BOT] 1.1627 | Aguardando fechamento da vela... (candles ok: 211)
[COLETOR] Ticks:   6,689 | 1.1627 @ 2026-09-03T21:22:01
[BOT] 1.1627 | Aguardando fechamento da vela... (candles ok: 211)
[COLETOR] Ticks:   6,690 | 1.1627 @ 2026-09-03T21:22:02
[COLETOR] Ticks:   6,691 | 1.1627 @ 2026-09-03T21:22:03
[BOT] 1.1627 | Aguardando fechamento da vela... (candles ok: 211)
[COLETOR] Ticks:   6,692 | 1.1627 @ 2026-09-03T21:22:04
[BOT] 1.1627 | Aguardando fechamento da vela... (candles ok: 211)
[BOT] 1.1627 | Aguardando fechamento da vela... (candles ok: 211)
[COLETOR] Ticks:   6,693 | 1.1627 @ 2026-09-03T21:22:05
[BOT] 1.1627 | Aguardando fechamento da vela... (candles ok: 211)
[COLETOR] Ticks:   6,694 | 1.1627 @ 2026-09-03T21:22:06
[BOT] 1.1627 | Aguardando fechamento da vela... (candles ok: 211)
[COLETOR] Ticks:   6,695 | 1.1627 @ 2026-09-03T21:22:07
[BOT] 1.1627 | Aguardando fechamento da vela... (candles ok: 211)
[COLETOR] Ticks:   6,696 | 1.1627 @ 2026-09-03T21:22:08
[BOT] 1.1627 | Aguardando fechamento da vela... (candles ok: 211)
[COLETOR] Ticks:   6,697 | 1.16269 @ 2026-09-03T21:22:09
[BOT] 1.1627 | Aguardando fechamento da vela... (candles ok: 211)
[COLETOR] Ticks:   6,698 | 1.16269 @ 2026-09-03T21:22:10
[BOT] 1.1627 | Aguardando fechamento da vela... (candles ok: 211)
[COLETOR] Ticks:   6,699 | 1.1627 @ 2026-09-03T21:22:11
[BOT] 1.1627 | Aguardando fechamento da vela... (candles ok: 211)
[COLETOR] Ticks:   6,700 | 1.16271 @ 2026-09-03T21:22:12
[BOT] 1.1627 | Aguardando fechamento da vela... (candles ok: 211)
[COLETOR] Ticks:   6,701 | 1.16271 @ 2026-09-03T21:22:13
[BOT] 1.1627 | Aguardando fechamento da vela... (candles ok: 211)
[COLETOR] Ticks:   6,702 | 1.16271 @ 2026-09-03T21:22:14
[COLETOR] Ticks:   6,703 | 1.16271 @ 2026-09-03T21:22:15
[BOT] 1.1627 | Aguardando fechamento da vela... (candles ok: 211)
[BOT] 1.1627 | Aguardando fechamento da vela... (candles ok: 211)
[COLETOR] Ticks:   6,704 | 1.1627 @ 2026-09-03T21:22:16
[BOT] 1.1627 | Aguardando fechamento da vela... (candles ok: 211)
[COLETOR] Ticks:   6,705 | 1.16271 @ 2026-09-03T21:22:17
[BOT] 1.1627 | Aguardando fechamento da vela... (candles ok: 211)
[COLETOR] Ticks:   6,706 | 1.16271 @ 2026-09-03T21:22:18
[BOT] 1.1627 | Aguardando fechamento da vela... (candles ok: 211)
[COLETOR] Ticks:   6,707 | 1.16271 @ 2026-09-03T21:22:19
[BOT] 1.1627 | Aguardando fechamento da vela... (candles ok: 211)
[COLETOR] Ticks:   6,708 | 1.16271 @ 2026-09-03T21:22:20
[COLETOR] Ticks:   6,709 | 1.16272 @ 2026-09-03T21:22:21
[BOT] 1.1627 | Aguardando fechamento da vela... (candles ok: 211)
[BOT] 1.1627 | Aguardando fechamento da vela... (candles ok: 211)
[COLETOR] Ticks:   6,710 | 1.16272 @ 2026-09-03T21:22:22
[COLETOR] Ticks:   6,711 | 1.16273 @ 2026-09-03T21:22:23
[BOT] 1.1627 | Aguardando fechamento da vela... (candles ok: 211)
[BOT] 1.1627 | Aguardando fechamento da vela... (candles ok: 211)
[COLETOR] Ticks:   6,712 | 1.16272 @ 2026-09-03T21:22:24
[BOT] 1.1627 | Aguardando fechamento da vela... (candles ok: 211)
[COLETOR] Ticks:   6,713 | 1.16272 @ 2026-09-03T21:22:25
[BOT] 1.1627 | Aguardando fechamento da vela... (candles ok: 211)
[COLETOR] Ticks:   6,714 | 1.16273 @ 2026-09-03T21:22:26
[BOT] 1.1627 | Aguardando fechamento da vela... (candles ok: 211)
[COLETOR] Ticks:   6,715 | 1.16275 @ 2026-09-03T21:22:27
[BOT] 1.1628 | Aguardando fechamento da vela... (candles ok: 211)
[COLETOR] Ticks:   6,716 | 1.16276 @ 2026-09-03T21:22:28
[BOT] 1.1628 | Aguardando fechamento da vela... (candles ok: 211)
[COLETOR] Ticks:   6,717 | 1.16276 @ 2026-09-03T21:22:29
[BOT] 1.1628 | Aguardando fechamento da vela... (candles ok: 211)
[COLETOR] Ticks:   6,718 | 1.16276 @ 2026-09-03T21:22:30
[BOT] 1.1628 | Aguardando fechamento da vela... (candles ok: 211)
[COLETOR] Ticks:   6,719 | 1.16276 @ 2026-09-03T21:22:31
[BOT] 1.1628 | Aguardando fechamento da vela... (candles ok: 211)
[COLETOR] Ticks:   6,720 | 1.16276 @ 2026-09-03T21:22:32
[BOT] 1.1628 | Aguardando fechamento da vela... (candles ok: 211)
[COLETOR] Ticks:   6,721 | 1.16276 @ 2026-09-03T21:22:33
[BOT] 1.1628 | Aguardando fechamento da vela... (candles ok: 211)
[COLETOR] Ticks:   6,722 | 1.16276 @ 2026-09-03T21:22:34
[BOT] 1.1628 | Aguardando fechamento da vela... (candles ok: 211)
[COLETOR] Ticks:   6,723 | 1.16276 @ 2026-09-03T21:22:35
[BOT] 1.1628 | Aguardando fechamento da vela... (candles ok: 211)
[COLETOR] Ticks:   6,724 | 1.16276 @ 2026-09-03T21:22:36
[BOT] 1.1627 | Aguardando fechamento da vela... (candles ok: 211)
[COLETOR] Ticks:   6,725 | 1.16275 @ 2026-09-03T21:22:37
[BOT] 1.1627 | Aguardando fechamento da vela... (candles ok: 211)
[COLETOR] Ticks:   6,726 | 1.16275 @ 2026-09-03T21:22:38
[BOT] 1.1627 | Aguardando fechamento da vela... (candles ok: 211)
[COLETOR] Ticks:   6,727 | 1.16275 @ 2026-09-03T21:22:39
[BOT] 1.1627 | Aguardando fechamento da vela... (candles ok: 211)
[COLETOR] Ticks:   6,728 | 1.16275 @ 2026-09-03T21:22:40
[BOT] 1.1627 | Aguardando fechamento da vela... (candles ok: 211)
[COLETOR] Ticks:   6,729 | 1.16275 @ 2026-09-03T21:22:41
[BOT] 1.1627 | Aguardando fechamento da vela... (candles ok: 211)
[COLETOR] Ticks:   6,730 | 1.16275 @ 2026-09-03T21:22:42
[BOT] 1.1627 | Aguardando fechamento da vela... (candles ok: 211)
[COLETOR] Ticks:   6,731 | 1.16275 @ 2026-09-03T21:22:43
[BOT] 1.1627 | Aguardando fechamento da vela... (candles ok: 211)
[COLETOR] Ticks:   6,732 | 1.16275 @ 2026-09-03T21:22:44
[BOT] 1.1627 | Aguardando fechamento da vela... (candles ok: 211)
[COLETOR] Ticks:   6,733 | 1.16275 @ 2026-09-03T21:22:45
[BOT] 1.1627 | Aguardando fechamento da vela... (candles ok: 211)
[COLETOR] Ticks:   6,734 | 1.16275 @ 2026-09-03T21:22:46
[BOT] 1.1627 | Aguardando fechamento da vela... (candles ok: 211)
[COLETOR] Ticks:   6,735 | 1.16274 @ 2026-09-03T21:22:47
[BOT] 1.1627 | Aguardando fechamento da vela... (candles ok: 211)
[COLETOR] Ticks:   6,736 | 1.16275 @ 2026-09-03T21:22:48
[COLETOR] Ticks:   6,737 | 1.16276 @ 2026-09-03T21:22:49
[BOT] 1.1628 | Aguardando fechamento da vela... (candles ok: 211)
[BOT] 1.1628 | Aguardando fechamento da vela... (candles ok: 211)
[COLETOR] Ticks:   6,738 | 1.16277 @ 2026-09-03T21:22:50
[BOT] 1.1628 | Aguardando fechamento da vela... (candles ok: 211)
[COLETOR] Ticks:   6,739 | 1.16277 @ 2026-09-03T21:22:51
[BOT] 1.1628 | Aguardando fechamento da vela... (candles ok: 211)
[COLETOR] Ticks:   6,740 | 1.16279 @ 2026-09-03T21:22:52
[BOT] 1.1628 | Aguardando fechamento da vela... (candles ok: 211)
[COLETOR] Ticks:   6,741 | 1.16278 @ 2026-09-03T21:22:53
[BOT] 1.1628 | Aguardando fechamento da vela... (candles ok: 211)
[COLETOR] Ticks:   6,742 | 1.16278 @ 2026-09-03T21:22:54
[BOT] 1.1628 | Aguardando fechamento da vela... (candles ok: 211)
[COLETOR] Ticks:   6,743 | 1.16279 @ 2026-09-03T21:22:55
[BOT] 1.1628 | Aguardando fechamento da vela... (candles ok: 211)
[COLETOR] Ticks:   6,744 | 1.16279 @ 2026-09-03T21:22:56
[BOT] 1.1628 | Aguardando fechamento da vela... (candles ok: 211)
[COLETOR] Ticks:   6,745 | 1.16279 @ 2026-09-03T21:22:57
[BOT] 1.1628 | Aguardando fechamento da vela... (candles ok: 211)
[COLETOR] Ticks:   6,746 | 1.16279 @ 2026-09-03T21:22:58
[BOT] 1.1628 | Aguardando fechamento da vela... (candles ok: 211)
[COLETOR] Ticks:   6,747 | 1.1628 @ 2026-09-03T21:22:59
[TICK] 1.1628 | EMA9:1.1628 EMA21:1.1628 | RSI:49.5 ADX:17.6 MACD_H:-0.00002 [LATERAL]
[COLETOR] Ticks:   6,748 | 1.1628 @ 2026-09-03T21:23:00
[BOT] 1.1628 | Aguardando fechamento da vela... (candles ok: 212)
[COLETOR] Ticks:   6,749 | 1.1628 @ 2026-09-03T21:23:01
[BOT] 1.1628 | Aguardando fechamento da vela... (candles ok: 212)
[COLETOR] Ticks:   6,750 | 1.16281 @ 2026-09-03T21:23:02
[BOT] 1.1628 | Aguardando fechamento da vela... (candles ok: 212)
[COLETOR] Ticks:   6,751 | 1.16284 @ 2026-09-03T21:23:03
[BOT] 1.1628 | Aguardando fechamento da vela... (candles ok: 212)
[COLETOR] Ticks:   6,752 | 1.16285 @ 2026-09-03T21:23:04
[BOT] 1.1628 | Aguardando fechamento da vela... (candles ok: 212)
[COLETOR] Ticks:   6,753 | 1.16285 @ 2026-09-03T21:23:05
[BOT] 1.1628 | Aguardando fechamento da vela... (candles ok: 212)
[COLETOR] Ticks:   6,754 | 1.16285 @ 2026-09-03T21:23:06
[BOT] 1.1629 | Aguardando fechamento da vela... (candles ok: 212)
[COLETOR] Ticks:   6,755 | 1.16286 @ 2026-09-03T21:23:07
[COLETOR] Ticks:   6,756 | 1.16286 @ 2026-09-03T21:23:08
[BOT] 1.1629 | Aguardando fechamento da vela... (candles ok: 212)
[BOT] 1.1629 | Aguardando fechamento da vela... (candles ok: 212)
[COLETOR] Ticks:   6,757 | 1.16286 @ 2026-09-03T21:23:09
[BOT] 1.1628 | Aguardando fechamento da vela... (candles ok: 212)
[COLETOR] Ticks:   6,758 | 1.16285 @ 2026-09-03T21:23:10
[COLETOR] Ticks:   6,759 | 1.16286 @ 2026-09-03T21:23:11
[BOT] 1.1629 | Aguardando fechamento da vela... (candles ok: 212)
[COLETOR] Ticks:   6,760 | 1.16286 @ 2026-09-03T21:23:12
[BOT] 1.1629 | Aguardando fechamento da vela... (candles ok: 212)
[BOT] 1.1628 | Aguardando fechamento da vela... (candles ok: 212)
[COLETOR] Ticks:   6,761 | 1.16285 @ 2026-09-03T21:23:13
[BOT] 1.1628 | Aguardando fechamento da vela... (candles ok: 212)
[COLETOR] Ticks:   6,762 | 1.16285 @ 2026-09-03T21:23:14
[BOT] 1.1629 | Aguardando fechamento da vela... (candles ok: 212)
[COLETOR] Ticks:   6,763 | 1.16286 @ 2026-09-03T21:23:15
[BOT] 1.1629 | Aguardando fechamento da vela... (candles ok: 212)
[COLETOR] Ticks:   6,764 | 1.16286 @ 2026-09-03T21:23:16
[COLETOR] Ticks:   6,765 | 1.16286 @ 2026-09-03T21:23:17
[BOT] 1.1629 | Aguardando fechamento da vela... (candles ok: 212)
[BOT] 1.1629 | Aguardando fechamento da vela... (candles ok: 212)
[COLETOR] Ticks:   6,766 | 1.16286 @ 2026-09-03T21:23:18
[BOT] 1.1629 | Aguardando fechamento da vela... (candles ok: 212)
[COLETOR] Ticks:   6,767 | 1.16286 @ 2026-09-03T21:23:19
[BOT] 1.1629 | Aguardando fechamento da vela... (candles ok: 212)
[COLETOR] Ticks:   6,768 | 1.16286 @ 2026-09-03T21:23:20
[COLETOR] Ticks:   6,769 | 1.16286 @ 2026-09-03T21:23:21
[BOT] 1.1629 | Aguardando fechamento da vela... (candles ok: 212)
[COLETOR] Ticks:   6,770 | 1.16286 @ 2026-09-03T21:23:22
[BOT] 1.1629 | Aguardando fechamento da vela... (candles ok: 212)
[BOT] 1.1629 | Aguardando fechamento da vela... (candles ok: 212)
[COLETOR] Ticks:   6,771 | 1.16286 @ 2026-09-03T21:23:23
[BOT] 1.1629 | Aguardando fechamento da vela... (candles ok: 212)
[COLETOR] Ticks:   6,772 | 1.16286 @ 2026-09-03T21:23:24
[BOT] 1.1629 | Aguardando fechamento da vela... (candles ok: 212)
[COLETOR] Ticks:   6,773 | 1.16286 @ 2026-09-03T21:23:25
[BOT] 1.1629 | Aguardando fechamento da vela... (candles ok: 212)
[COLETOR] Ticks:   6,774 | 1.16286 @ 2026-09-03T21:23:26
[COLETOR] Ticks:   6,775 | 1.16286 @ 2026-09-03T21:23:27
[BOT] 1.1629 | Aguardando fechamento da vela... (candles ok: 212)
[BOT] 1.1629 | Aguardando fechamento da vela... (candles ok: 212)
[COLETOR] Ticks:   6,776 | 1.16287 @ 2026-09-03T21:23:28
[BOT] 1.1629 | Aguardando fechamento da vela... (candles ok: 212)
[COLETOR] Ticks:   6,777 | 1.16286 @ 2026-09-03T21:23:29
[BOT] 1.1629 | Aguardando fechamento da vela... (candles ok: 212)
[COLETOR] Ticks:   6,778 | 1.16286 @ 2026-09-03T21:23:30
[BOT] 1.1629 | Aguardando fechamento da vela... (candles ok: 212)
[COLETOR] Ticks:   6,779 | 1.16286 @ 2026-09-03T21:23:31
[BOT] 1.1629 | Aguardando fechamento da vela... (candles ok: 212)
[COLETOR] Ticks:   6,780 | 1.16286 @ 2026-09-03T21:23:32
[BOT] 1.1629 | Aguardando fechamento da vela... (candles ok: 212)
[COLETOR] Ticks:   6,781 | 1.16286 @ 2026-09-03T21:23:33
[BOT] 1.1629 | Aguardando fechamento da vela... (candles ok: 212)
[COLETOR] Ticks:   6,782 | 1.16287 @ 2026-09-03T21:23:34
[BOT] 1.1629 | Aguardando fechamento da vela... (candles ok: 212)
[COLETOR] Ticks:   6,783 | 1.16287 @ 2026-09-03T21:23:35
[BOT] 1.1629 | Aguardando fechamento da vela... (candles ok: 212)
[COLETOR] Ticks:   6,784 | 1.16287 @ 2026-09-03T21:23:36
[BOT] 1.1629 | Aguardando fechamento da vela... (candles ok: 212)
[COLETOR] Ticks:   6,785 | 1.16288 @ 2026-09-03T21:23:37
[BOT] 1.1629 | Aguardando fechamento da vela... (candles ok: 212)
[COLETOR] Ticks:   6,786 | 1.16288 @ 2026-09-03T21:23:38
[BOT] 1.1629 | Aguardando fechamento da vela... (candles ok: 212)
[COLETOR] Ticks:   6,787 | 1.16288 @ 2026-09-03T21:23:39
[BOT] 1.1629 | Aguardando fechamento da vela... (candles ok: 212)
[COLETOR] Ticks:   6,788 | 1.16288 @ 2026-09-03T21:23:40
[BOT] 1.1629 | Aguardando fechamento da vela... (candles ok: 212)
[COLETOR] Ticks:   6,789 | 1.16287 @ 2026-09-03T21:23:41
[BOT] 1.1629 | Aguardando fechamento da vela... (candles ok: 212)
[COLETOR] Ticks:   6,790 | 1.16287 @ 2026-09-03T21:23:42
[COLETOR] Ticks:   6,791 | 1.16287 @ 2026-09-03T21:23:43
[BOT] 1.1629 | Aguardando fechamento da vela... (candles ok: 212)
[BOT] 1.1629 | Aguardando fechamento da vela... (candles ok: 212)
[COLETOR] Ticks:   6,792 | 1.16287 @ 2026-09-03T21:23:44
[BOT] 1.1629 | Aguardando fechamento da vela... (candles ok: 212)
[COLETOR] Ticks:   6,793 | 1.16287 @ 2026-09-03T21:23:45
[BOT] 1.1629 | Aguardando fechamento da vela... (candles ok: 212)
[COLETOR] Ticks:   6,794 | 1.16287 @ 2026-09-03T21:23:46
[BOT] 1.1629 | Aguardando fechamento da vela... (candles ok: 212)
[COLETOR] Ticks:   6,795 | 1.16287 @ 2026-09-03T21:23:47
[BOT] 1.1629 | Aguardando fechamento da vela... (candles ok: 212)
[COLETOR] Ticks:   6,796 | 1.16287 @ 2026-09-03T21:23:48
[BOT] 1.1629 | Aguardando fechamento da vela... (candles ok: 212)
[COLETOR] Ticks:   6,797 | 1.16286 @ 2026-09-03T21:23:49
[BOT] 1.1628 | Aguardando fechamento da vela... (candles ok: 212)
[COLETOR] Ticks:   6,798 | 1.16285 @ 2026-09-03T21:23:50
[BOT] 1.1628 | Aguardando fechamento da vela... (candles ok: 212)
[COLETOR] Ticks:   6,799 | 1.16285 @ 2026-09-03T21:23:51
[BOT] 1.1628 | Aguardando fechamento da vela... (candles ok: 212)
[COLETOR] Ticks:   6,800 | 1.16285 @ 2026-09-03T21:23:52
[BOT] 1.1628 | Aguardando fechamento da vela... (candles ok: 212)
[COLETOR] Ticks:   6,801 | 1.16285 @ 2026-09-03T21:23:53
[BOT] 1.1628 | Aguardando fechamento da vela... (candles ok: 212)
[COLETOR] Ticks:   6,802 | 1.16285 @ 2026-09-03T21:23:54
[BOT] 1.1628 | Aguardando fechamento da vela... (candles ok: 212)
[COLETOR] Ticks:   6,803 | 1.16285 @ 2026-09-03T21:23:55
[BOT] 1.1628 | Aguardando fechamento da vela... (candles ok: 212)
[COLETOR] Ticks:   6,804 | 1.16285 @ 2026-09-03T21:23:56
[BOT] 1.1628 | Aguardando fechamento da vela... (candles ok: 212)
[COLETOR] Ticks:   6,805 | 1.16285 @ 2026-09-03T21:23:57
[BOT] 1.1628 | Aguardando fechamento da vela... (candles ok: 212)
[COLETOR] Ticks:   6,806 | 1.16285 @ 2026-09-03T21:23:58
[BOT] 1.1628 | Aguardando fechamento da vela... (candles ok: 212)
[COLETOR] Ticks:   6,807 | 1.16285 @ 2026-09-03T21:23:59
[TICK] 1.1628 | EMA9:1.1628 EMA21:1.1628 | RSI:53.1 ADX:16.4 MACD_H:-0.00001 [LATERAL]
[COLETOR] Ticks:   6,808 | 1.16285 @ 2026-09-03T21:24:00
[BOT] 1.1628 | Aguardando fechamento da vela... (candles ok: 213)
[COLETOR] Ticks:   6,809 | 1.16285 @ 2026-09-03T21:24:01
[BOT] 1.1628 | Aguardando fechamento da vela... (candles ok: 213)
[COLETOR] Ticks:   6,810 | 1.16281 @ 2026-09-03T21:24:02
[BOT] 1.1628 | Aguardando fechamento da vela... (candles ok: 213)
[COLETOR] Ticks:   6,811 | 1.16281 @ 2026-09-03T21:24:03
[BOT] 1.1628 | Aguardando fechamento da vela... (candles ok: 213)
[COLETOR] Ticks:   6,812 | 1.16281 @ 2026-09-03T21:24:04
[COLETOR] Ticks:   6,813 | 1.16282 @ 2026-09-03T21:24:05
[BOT] 1.1628 | Aguardando fechamento da vela... (candles ok: 213)
[BOT] 1.1628 | Aguardando fechamento da vela... (candles ok: 213)
[COLETOR] Ticks:   6,814 | 1.16282 @ 2026-09-03T21:24:06
[COLETOR] Ticks:   6,815 | 1.16283 @ 2026-09-03T21:24:07
[BOT] 1.1628 | Aguardando fechamento da vela... (candles ok: 213)
[BOT] 1.1628 | Aguardando fechamento da vela... (candles ok: 213)
[COLETOR] Ticks:   6,816 | 1.16285 @ 2026-09-03T21:24:08
[BOT] 1.1628 | Aguardando fechamento da vela... (candles ok: 213)
[COLETOR] Ticks:   6,817 | 1.16285 @ 2026-09-03T21:24:09
[BOT] 1.1628 | Aguardando fechamento da vela... (candles ok: 213)
[COLETOR] Ticks:   6,818 | 1.16285 @ 2026-09-03T21:24:10
[BOT] 1.1628 | Aguardando fechamento da vela... (candles ok: 213)
[COLETOR] Ticks:   6,819 | 1.16285 @ 2026-09-03T21:24:11
[COLETOR] Ticks:   6,820 | 1.16282 @ 2026-09-03T21:24:12
[BOT] 1.1628 | Aguardando fechamento da vela... (candles ok: 213)
[BOT] 1.1628 | Aguardando fechamento da vela... (candles ok: 213)
[COLETOR] Ticks:   6,821 | 1.16282 @ 2026-09-03T21:24:13
[BOT] 1.1628 | Aguardando fechamento da vela... (candles ok: 213)
[COLETOR] Ticks:   6,822 | 1.16281 @ 2026-09-03T21:24:14
[BOT] 1.1628 | Aguardando fechamento da vela... (candles ok: 213)
[COLETOR] Ticks:   6,823 | 1.16281 @ 2026-09-03T21:24:15
[BOT] 1.1628 | Aguardando fechamento da vela... (candles ok: 213)
[COLETOR] Ticks:   6,824 | 1.16281 @ 2026-09-03T21:24:16
[BOT] 1.1628 | Aguardando fechamento da vela... (candles ok: 213)
[COLETOR] Ticks:   6,825 | 1.16281 @ 2026-09-03T21:24:17
[BOT] 1.1628 | Aguardando fechamento da vela... (candles ok: 213)
[COLETOR] Ticks:   6,826 | 1.16281 @ 2026-09-03T21:24:18
[COLETOR] Ticks:   6,827 | 1.16281 @ 2026-09-03T21:24:19
[BOT] 1.1628 | Aguardando fechamento da vela... (candles ok: 213)
[BOT] 1.1628 | Aguardando fechamento da vela... (candles ok: 213)
[COLETOR] Ticks:   6,828 | 1.16282 @ 2026-09-03T21:24:20
[COLETOR] Ticks:   6,829 | 1.16282 @ 2026-09-03T21:24:21
[BOT] 1.1628 | Aguardando fechamento da vela... (candles ok: 213)
[BOT] 1.1628 | Aguardando fechamento da vela... (candles ok: 213)
[COLETOR] Ticks:   6,830 | 1.16282 @ 2026-09-03T21:24:22
[BOT] 1.1628 | Aguardando fechamento da vela... (candles ok: 213)
[COLETOR] Ticks:   6,831 | 1.16282 @ 2026-09-03T21:24:23
[BOT] 1.1628 | Aguardando fechamento da vela... (candles ok: 213)
[COLETOR] Ticks:   6,832 | 1.16283 @ 2026-09-03T21:24:24
[BOT] 1.1628 | Aguardando fechamento da vela... (candles ok: 213)
[COLETOR] Ticks:   6,833 | 1.16284 @ 2026-09-03T21:24:25
[BOT] 1.1628 | Aguardando fechamento da vela... (candles ok: 213)
[COLETOR] Ticks:   6,834 | 1.16284 @ 2026-09-03T21:24:26
[COLETOR] Ticks:   6,835 | 1.16284 @ 2026-09-03T21:24:27
[BOT] 1.1628 | Aguardando fechamento da vela... (candles ok: 213)
[BOT] 1.1628 | Aguardando fechamento da vela... (candles ok: 213)
[COLETOR] Ticks:   6,836 | 1.16284 @ 2026-09-03T21:24:28
[BOT] 1.1628 | Aguardando fechamento da vela... (candles ok: 213)
[COLETOR] Ticks:   6,837 | 1.16283 @ 2026-09-03T21:24:29
[BOT] 1.1628 | Aguardando fechamento da vela... (candles ok: 213)
[COLETOR] Ticks:   6,838 | 1.16283 @ 2026-09-03T21:24:30
[BOT] 1.1628 | Aguardando fechamento da vela... (candles ok: 213)
[COLETOR] Ticks:   6,839 | 1.16283 @ 2026-09-03T21:24:31
[BOT] 1.1628 | Aguardando fechamento da vela... (candles ok: 213)
[COLETOR] Ticks:   6,840 | 1.16282 @ 2026-09-03T21:24:32
[BOT] 1.1628 | Aguardando fechamento da vela... (candles ok: 213)
[COLETOR] Ticks:   6,841 | 1.16283 @ 2026-09-03T21:24:33
[BOT] 1.1628 | Aguardando fechamento da vela... (candles ok: 213)
[COLETOR] Ticks:   6,842 | 1.16283 @ 2026-09-03T21:24:34
[BOT] 1.1628 | Aguardando fechamento da vela... (candles ok: 213)
[COLETOR] Ticks:   6,843 | 1.16284 @ 2026-09-03T21:24:35
[BOT] 1.1628 | Aguardando fechamento da vela... (candles ok: 213)
[COLETOR] Ticks:   6,844 | 1.16283 @ 2026-09-03T21:24:36
[COLETOR] Ticks:   6,845 | 1.16283 @ 2026-09-03T21:24:37
[BOT] 1.1628 | Aguardando fechamento da vela... (candles ok: 213)
[BOT] 1.1628 | Aguardando fechamento da vela... (candles ok: 213)
[COLETOR] Ticks:   6,846 | 1.16284 @ 2026-09-03T21:24:38
[BOT] 1.1628 | Aguardando fechamento da vela... (candles ok: 213)
[COLETOR] Ticks:   6,847 | 1.16283 @ 2026-09-03T21:24:39
[BOT] 1.1628 | Aguardando fechamento da vela... (candles ok: 213)
[COLETOR] Ticks:   6,848 | 1.16284 @ 2026-09-03T21:24:40
[BOT] 1.1628 | Aguardando fechamento da vela... (candles ok: 213)
[COLETOR] Ticks:   6,849 | 1.16283 @ 2026-09-03T21:24:41
[BOT] 1.1628 | Aguardando fechamento da vela... (candles ok: 213)
[COLETOR] Ticks:   6,850 | 1.16283 @ 2026-09-03T21:24:42
[BOT] 1.1628 | Aguardando fechamento da vela... (candles ok: 213)
[COLETOR] Ticks:   6,851 | 1.16283 @ 2026-09-03T21:24:43
[BOT] 1.1628 | Aguardando fechamento da vela... (candles ok: 213)
[COLETOR] Ticks:   6,852 | 1.16283 @ 2026-09-03T21:24:44
[BOT] 1.1628 | Aguardando fechamento da vela... (candles ok: 213)
[COLETOR] Ticks:   6,853 | 1.16283 @ 2026-09-03T21:24:45
[BOT] 1.1628 | Aguardando fechamento da vela... (candles ok: 213)
[COLETOR] Ticks:   6,854 | 1.16283 @ 2026-09-03T21:24:46
[BOT] 1.1628 | Aguardando fechamento da vela... (candles ok: 213)
[COLETOR] Ticks:   6,855 | 1.16282 @ 2026-09-03T21:24:47
[BOT] 1.1628 | Aguardando fechamento da vela... (candles ok: 213)
[COLETOR] Ticks:   6,856 | 1.16282 @ 2026-09-03T21:24:48
[BOT] 1.1628 | Aguardando fechamento da vela... (candles ok: 213)
[COLETOR] Ticks:   6,857 | 1.16282 @ 2026-09-03T21:24:49
[BOT] 1.1628 | Aguardando fechamento da vela... (candles ok: 213)
[COLETOR] Ticks:   6,858 | 1.16282 @ 2026-09-03T21:24:50
[BOT] 1.1628 | Aguardando fechamento da vela... (candles ok: 213)
[COLETOR] Ticks:   6,859 | 1.16282 @ 2026-09-03T21:24:51
[BOT] 1.1628 | Aguardando fechamento da vela... (candles ok: 213)
[COLETOR] Ticks:   6,860 | 1.16283 @ 2026-09-03T21:24:52
[BOT] 1.1628 | Aguardando fechamento da vela... (candles ok: 213)
[COLETOR] Ticks:   6,861 | 1.16283 @ 2026-09-03T21:24:53
[BOT] 1.1628 | Aguardando fechamento da vela... (candles ok: 213)
[COLETOR] Ticks:   6,862 | 1.16283 @ 2026-09-03T21:24:54
[BOT] 1.1628 | Aguardando fechamento da vela... (candles ok: 213)
[COLETOR] Ticks:   6,863 | 1.16282 @ 2026-09-03T21:24:55
[BOT] 1.1628 | Aguardando fechamento da vela... (candles ok: 213)
[COLETOR] Ticks:   6,864 | 1.16282 @ 2026-09-03T21:24:56
[BOT] 1.1628 | Aguardando fechamento da vela... (candles ok: 213)
[COLETOR] Ticks:   6,865 | 1.16283 @ 2026-09-03T21:24:57
[BOT] 1.1628 | Aguardando fechamento da vela... (candles ok: 213)
[COLETOR] Ticks:   6,866 | 1.16284 @ 2026-09-03T21:24:58
[COLETOR] Ticks:   6,867 | 1.16284 @ 2026-09-03T21:24:59
[BOT] 1.1628 | Aguardando fechamento da vela... (candles ok: 213)
[TICK] 1.1628 | EMA9:1.1628 EMA21:1.1628 | RSI:52.3 ADX:15.3 MACD_H:-0.00001 [LATERAL]
[COLETOR] Ticks:   6,868 | 1.16284 @ 2026-09-03T21:25:00
[BOT] 1.1628 | Aguardando fechamento da vela... (candles ok: 214)
[COLETOR] Ticks:   6,869 | 1.16284 @ 2026-09-03T21:25:01
[BOT] 1.1628 | Aguardando fechamento da vela... (candles ok: 214)
[COLETOR] Ticks:   6,870 | 1.16284 @ 2026-09-03T21:25:02
[BOT] 1.1628 | Aguardando fechamento da vela... (candles ok: 214)
[COLETOR] Ticks:   6,871 | 1.16284 @ 2026-09-03T21:25:03
[BOT] 1.1628 | Aguardando fechamento da vela... (candles ok: 214)
[COLETOR] Ticks:   6,872 | 1.16284 @ 2026-09-03T21:25:04
[BOT] 1.1628 | Aguardando fechamento da vela... (candles ok: 214)
[COLETOR] Ticks:   6,873 | 1.16284 @ 2026-09-03T21:25:05
[BOT] 1.1628 | Aguardando fechamento da vela... (candles ok: 214)
[COLETOR] Ticks:   6,874 | 1.16283 @ 2026-09-03T21:25:06
[BOT] 1.1628 | Aguardando fechamento da vela... (candles ok: 214)
[COLETOR] Ticks:   6,875 | 1.16283 @ 2026-09-03T21:25:07
[BOT] 1.1628 | Aguardando fechamento da vela... (candles ok: 214)
[COLETOR] Ticks:   6,876 | 1.16283 @ 2026-09-03T21:25:08
[BOT] 1.1628 | Aguardando fechamento da vela... (candles ok: 214)
[COLETOR] Ticks:   6,877 | 1.16283 @ 2026-09-03T21:25:09
[BOT] 1.1628 | Aguardando fechamento da vela... (candles ok: 214)
[COLETOR] Ticks:   6,878 | 1.16283 @ 2026-09-03T21:25:10
[BOT] 1.1628 | Aguardando fechamento da vela... (candles ok: 214)
[COLETOR] Ticks:   6,879 | 1.16283 @ 2026-09-03T21:25:11
[BOT] 1.1628 | Aguardando fechamento da vela... (candles ok: 214)
[COLETOR] Ticks:   6,880 | 1.16283 @ 2026-09-03T21:25:12
[BOT] 1.1628 | Aguardando fechamento da vela... (candles ok: 214)
[COLETOR] Ticks:   6,881 | 1.16284 @ 2026-09-03T21:25:13
[BOT] 1.1628 | Aguardando fechamento da vela... (candles ok: 214)
[COLETOR] Ticks:   6,882 | 1.16282 @ 2026-09-03T21:25:14
[COLETOR] Ticks:   6,883 | 1.16282 @ 2026-09-03T21:25:15
[BOT] 1.1628 | Aguardando fechamento da vela... (candles ok: 214)
[BOT] 1.1628 | Aguardando fechamento da vela... (candles ok: 214)
[COLETOR] Ticks:   6,884 | 1.16282 @ 2026-09-03T21:25:16
[COLETOR] Ticks:   6,885 | 1.16282 @ 2026-09-03T21:25:17
[BOT] 1.1628 | Aguardando fechamento da vela... (candles ok: 214)
[BOT] 1.1628 | Aguardando fechamento da vela... (candles ok: 214)
[COLETOR] Ticks:   6,886 | 1.16282 @ 2026-09-03T21:25:18
[BOT] 1.1628 | Aguardando fechamento da vela... (candles ok: 214)
[COLETOR] Ticks:   6,887 | 1.16282 @ 2026-09-03T21:25:19
[BOT] 1.1628 | Aguardando fechamento da vela... (candles ok: 214)
[COLETOR] Ticks:   6,888 | 1.16282 @ 2026-09-03T21:25:20
[BOT] 1.1628 | Aguardando fechamento da vela... (candles ok: 214)
[COLETOR] Ticks:   6,889 | 1.1628 @ 2026-09-03T21:25:21
[BOT] 1.1628 | Aguardando fechamento da vela... (candles ok: 214)
[COLETOR] Ticks:   6,890 | 1.16278 @ 2026-09-03T21:25:22
[COLETOR] Ticks:   6,891 | 1.16277 @ 2026-09-03T21:25:23
[BOT] 1.1628 | Aguardando fechamento da vela... (candles ok: 214)
[BOT] 1.1628 | Aguardando fechamento da vela... (candles ok: 214)
[COLETOR] Ticks:   6,892 | 1.16277 @ 2026-09-03T21:25:24
[BOT] 1.1628 | Aguardando fechamento da vela... (candles ok: 214)
[COLETOR] Ticks:   6,893 | 1.16276 @ 2026-09-03T21:25:25
[BOT] 1.1628 | Aguardando fechamento da vela... (candles ok: 214)
[COLETOR] Ticks:   6,894 | 1.16277 @ 2026-09-03T21:25:26
[COLETOR] Ticks:   6,895 | 1.16277 @ 2026-09-03T21:25:27
[BOT] 1.1628 | Aguardando fechamento da vela... (candles ok: 214)
[BOT] 1.1628 | Aguardando fechamento da vela... (candles ok: 214)
[COLETOR] Ticks:   6,896 | 1.16279 @ 2026-09-03T21:25:28
[BOT] 1.1628 | Aguardando fechamento da vela... (candles ok: 214)
[COLETOR] Ticks:   6,897 | 1.16278 @ 2026-09-03T21:25:29
[BOT] 1.1628 | Aguardando fechamento da vela... (candles ok: 214)
[COLETOR] Ticks:   6,898 | 1.16279 @ 2026-09-03T21:25:30
[BOT] 1.1628 | Aguardando fechamento da vela... (candles ok: 214)
[COLETOR] Ticks:   6,899 | 1.16279 @ 2026-09-03T21:25:31
[BOT] 1.1628 | Aguardando fechamento da vela... (candles ok: 214)
[COLETOR] Ticks:   6,900 | 1.16278 @ 2026-09-03T21:25:32
[BOT] 1.1628 | Aguardando fechamento da vela... (candles ok: 214)
[COLETOR] Ticks:   6,901 | 1.16278 @ 2026-09-03T21:25:33
[BOT] 1.1628 | Aguardando fechamento da vela... (candles ok: 214)
[COLETOR] Ticks:   6,902 | 1.16277 @ 2026-09-03T21:25:34
[BOT] 1.1628 | Aguardando fechamento da vela... (candles ok: 214)
[COLETOR] Ticks:   6,903 | 1.16277 @ 2026-09-03T21:25:35
[BOT] 1.1628 | Aguardando fechamento da vela... (candles ok: 214)
[COLETOR] Ticks:   6,904 | 1.16276 @ 2026-09-03T21:25:36
[BOT] 1.1628 | Aguardando fechamento da vela... (candles ok: 214)
[COLETOR] Ticks:   6,905 | 1.16276 @ 2026-09-03T21:25:37
[BOT] 1.1628 | Aguardando fechamento da vela... (candles ok: 214)
[COLETOR] Ticks:   6,906 | 1.16276 @ 2026-09-03T21:25:38
[COLETOR] Ticks:   6,907 | 1.16276 @ 2026-09-03T21:25:39
[BOT] 1.1628 | Aguardando fechamento da vela... (candles ok: 214)
[BOT] 1.1628 | Aguardando fechamento da vela... (candles ok: 214)
[COLETOR] Ticks:   6,908 | 1.16276 @ 2026-09-03T21:25:40
[COLETOR] Ticks:   6,909 | 1.16276 @ 2026-09-03T21:25:41
[BOT] 1.1628 | Aguardando fechamento da vela... (candles ok: 214)
[BOT] 1.1628 | Aguardando fechamento da vela... (candles ok: 214)
[COLETOR] Ticks:   6,910 | 1.16276 @ 2026-09-03T21:25:42
[BOT] 1.1628 | Aguardando fechamento da vela... (candles ok: 214)
[COLETOR] Ticks:   6,911 | 1.16277 @ 2026-09-03T21:25:43
[BOT] 1.1628 | Aguardando fechamento da vela... (candles ok: 214)
[COLETOR] Ticks:   6,912 | 1.16277 @ 2026-09-03T21:25:44
[BOT] 1.1628 | Aguardando fechamento da vela... (candles ok: 214)
[COLETOR] Ticks:   6,913 | 1.16277 @ 2026-09-03T21:25:45
[BOT] 1.1628 | Aguardando fechamento da vela... (candles ok: 214)
[COLETOR] Ticks:   6,914 | 1.16278 @ 2026-09-03T21:25:46
[BOT] 1.1628 | Aguardando fechamento da vela... (candles ok: 214)
[COLETOR] Ticks:   6,915 | 1.16278 @ 2026-09-03T21:25:47
[BOT] 1.1628 | Aguardando fechamento da vela... (candles ok: 214)
[COLETOR] Ticks:   6,916 | 1.16278 @ 2026-09-03T21:25:48
[BOT] 1.1628 | Aguardando fechamento da vela... (candles ok: 214)
[COLETOR] Ticks:   6,917 | 1.16277 @ 2026-09-03T21:25:49
[BOT] 1.1628 | Aguardando fechamento da vela... (candles ok: 214)
[COLETOR] Ticks:   6,918 | 1.16277 @ 2026-09-03T21:25:50
[BOT] 1.1628 | Aguardando fechamento da vela... (candles ok: 214)
[COLETOR] Ticks:   6,919 | 1.16277 @ 2026-09-03T21:25:51
[COLETOR] Ticks:   6,920 | 1.16276 @ 2026-09-03T21:25:52
[BOT] 1.1628 | Aguardando fechamento da vela... (candles ok: 214)
[BOT] 1.1628 | Aguardando fechamento da vela... (candles ok: 214)
[COLETOR] Ticks:   6,921 | 1.16276 @ 2026-09-03T21:25:53
[BOT] 1.1628 | Aguardando fechamento da vela... (candles ok: 214)
[COLETOR] Ticks:   6,922 | 1.16276 @ 2026-09-03T21:25:54
[COLETOR] Ticks:   6,923 | 1.16279 @ 2026-09-03T21:25:55
[BOT] 1.1628 | Aguardando fechamento da vela... (candles ok: 214)
[BOT] 1.1628 | Aguardando fechamento da vela... (candles ok: 214)
[COLETOR] Ticks:   6,924 | 1.16278 @ 2026-09-03T21:25:56
[BOT] 1.1628 | Aguardando fechamento da vela... (candles ok: 214)
[COLETOR] Ticks:   6,925 | 1.16279 @ 2026-09-03T21:25:57
[BOT] 1.1628 | Aguardando fechamento da vela... (candles ok: 214)
[COLETOR] Ticks:   6,926 | 1.16279 @ 2026-09-03T21:25:58
[BOT] 1.1628 | Aguardando fechamento da vela... (candles ok: 214)
[COLETOR] Ticks:   6,927 | 1.16279 @ 2026-09-03T21:25:59
[TICK] 1.1628 | EMA9:1.1628 EMA21:1.1628 | RSI:48.4 ADX:15.0 MACD_H:-0.00001 [LATERAL]
[COLETOR] Ticks:   6,928 | 1.16279 @ 2026-09-03T21:26:00
[COLETOR] Ticks:   6,929 | 1.16279 @ 2026-09-03T21:26:01
[BOT] 1.1628 | Aguardando fechamento da vela... (candles ok: 215)
[BOT] 1.1628 | Aguardando fechamento da vela... (candles ok: 215)
[COLETOR] Ticks:   6,930 | 1.16279 @ 2026-09-03T21:26:02
[BOT] 1.1628 | Aguardando fechamento da vela... (candles ok: 215)
[COLETOR] Ticks:   6,931 | 1.16278 @ 2026-09-03T21:26:03
[BOT] 1.1628 | Aguardando fechamento da vela... (candles ok: 215)
[COLETOR] Ticks:   6,932 | 1.16279 @ 2026-09-03T21:26:04
[BOT] 1.1628 | Aguardando fechamento da vela... (candles ok: 215)
[COLETOR] Ticks:   6,933 | 1.16278 @ 2026-09-03T21:26:05
[BOT] 1.1628 | Aguardando fechamento da vela... (candles ok: 215)
[COLETOR] Ticks:   6,934 | 1.16278 @ 2026-09-03T21:26:06
[BOT] 1.1628 | Aguardando fechamento da vela... (candles ok: 215)
[COLETOR] Ticks:   6,935 | 1.16279 @ 2026-09-03T21:26:07
[BOT] 1.1628 | Aguardando fechamento da vela... (candles ok: 215)
[COLETOR] Ticks:   6,936 | 1.1628 @ 2026-09-03T21:26:08
[BOT] 1.1628 | Aguardando fechamento da vela... (candles ok: 215)
[COLETOR] Ticks:   6,937 | 1.1628 @ 2026-09-03T21:26:09
[BOT] 1.1628 | Aguardando fechamento da vela... (candles ok: 215)
[COLETOR] Ticks:   6,938 | 1.1628 @ 2026-09-03T21:26:10
[BOT] 1.1628 | Aguardando fechamento da vela... (candles ok: 215)
[COLETOR] Ticks:   6,939 | 1.16279 @ 2026-09-03T21:26:11
[COLETOR] Ticks:   6,940 | 1.16277 @ 2026-09-03T21:26:12
[BOT] 1.1628 | Aguardando fechamento da vela... (candles ok: 215)
[BOT] 1.1628 | Aguardando fechamento da vela... (candles ok: 215)
[COLETOR] Ticks:   6,941 | 1.16278 @ 2026-09-03T21:26:13
[BOT] 1.1628 | Aguardando fechamento da vela... (candles ok: 215)
[COLETOR] Ticks:   6,942 | 1.16279 @ 2026-09-03T21:26:14
[BOT] 1.1628 | Aguardando fechamento da vela... (candles ok: 215)
[COLETOR] Ticks:   6,943 | 1.16278 @ 2026-09-03T21:26:15
[BOT] 1.1628 | Aguardando fechamento da vela... (candles ok: 215)
[COLETOR] Ticks:   6,944 | 1.16278 @ 2026-09-03T21:26:16
[BOT] 1.1628 | Aguardando fechamento da vela... (candles ok: 215)
[COLETOR] Ticks:   6,945 | 1.16279 @ 2026-09-03T21:26:17
[BOT] 1.1628 | Aguardando fechamento da vela... (candles ok: 215)
[COLETOR] Ticks:   6,946 | 1.16278 @ 2026-09-03T21:26:18
[BOT] 1.1628 | Aguardando fechamento da vela... (candles ok: 215)
[COLETOR] Ticks:   6,947 | 1.1628 @ 2026-09-03T21:26:19
[BOT] 1.1628 | Aguardando fechamento da vela... (candles ok: 215)
[COLETOR] Ticks:   6,948 | 1.1628 @ 2026-09-03T21:26:20
[BOT] 1.1628 | Aguardando fechamento da vela... (candles ok: 215)
[COLETOR] Ticks:   6,949 | 1.16281 @ 2026-09-03T21:26:21
[BOT] 1.1628 | Aguardando fechamento da vela... (candles ok: 215)
[COLETOR] Ticks:   6,950 | 1.16281 @ 2026-09-03T21:26:22
[BOT] 1.1628 | Aguardando fechamento da vela... (candles ok: 215)
[COLETOR] Ticks:   6,951 | 1.16282 @ 2026-09-03T21:26:23
[BOT] 1.1628 | Aguardando fechamento da vela... (candles ok: 215)
[COLETOR] Ticks:   6,952 | 1.16281 @ 2026-09-03T21:26:24
[BOT] 1.1628 | Aguardando fechamento da vela... (candles ok: 215)
[COLETOR] Ticks:   6,953 | 1.16281 @ 2026-09-03T21:26:25
[BOT] 1.1628 | Aguardando fechamento da vela... (candles ok: 215)
[COLETOR] Ticks:   6,954 | 1.16281 @ 2026-09-03T21:26:26
[BOT] 1.1628 | Aguardando fechamento da vela... (candles ok: 215)
[COLETOR] Ticks:   6,955 | 1.16281 @ 2026-09-03T21:26:27
[BOT] 1.1628 | Aguardando fechamento da vela... (candles ok: 215)
[COLETOR] Ticks:   6,956 | 1.16281 @ 2026-09-03T21:26:28
[BOT] 1.1628 | Aguardando fechamento da vela... (candles ok: 215)
[COLETOR] Ticks:   6,957 | 1.1628 @ 2026-09-03T21:26:29
[BOT] 1.1628 | Aguardando fechamento da vela... (candles ok: 215)
[COLETOR] Ticks:   6,958 | 1.1628 @ 2026-09-03T21:26:30
[BOT] 1.1628 | Aguardando fechamento da vela... (candles ok: 215)
[COLETOR] Ticks:   6,959 | 1.1628 @ 2026-09-03T21:26:31
[BOT] 1.1628 | Aguardando fechamento da vela... (candles ok: 215)
[COLETOR] Ticks:   6,960 | 1.1628 @ 2026-09-03T21:26:32
[BOT] 1.1628 | Aguardando fechamento da vela... (candles ok: 215)
[COLETOR] Ticks:   6,961 | 1.1628 @ 2026-09-03T21:26:33
[BOT] 1.1628 | Aguardando fechamento da vela... (candles ok: 215)
[COLETOR] Ticks:   6,962 | 1.1628 @ 2026-09-03T21:26:34
[BOT] 1.1628 | Aguardando fechamento da vela... (candles ok: 215)
[COLETOR] Ticks:   6,963 | 1.1628 @ 2026-09-03T21:26:35
[BOT] 1.1628 | Aguardando fechamento da vela... (candles ok: 215)
[COLETOR] Ticks:   6,964 | 1.1628 @ 2026-09-03T21:26:36
[BOT] 1.1628 | Aguardando fechamento da vela... (candles ok: 215)
[COLETOR] Ticks:   6,965 | 1.16279 @ 2026-09-03T21:26:37
[BOT] 1.1628 | Aguardando fechamento da vela... (candles ok: 215)
[COLETOR] Ticks:   6,966 | 1.1628 @ 2026-09-03T21:26:38
[COLETOR] Ticks:   6,967 | 1.1628 @ 2026-09-03T21:26:39
[BOT] 1.1628 | Aguardando fechamento da vela... (candles ok: 215)
[BOT] 1.1628 | Aguardando fechamento da vela... (candles ok: 215)
[COLETOR] Ticks:   6,968 | 1.1628 @ 2026-09-03T21:26:40
[BOT] 1.1628 | Aguardando fechamento da vela... (candles ok: 215)
[COLETOR] Ticks:   6,969 | 1.1628 @ 2026-09-03T21:26:41
[BOT] 1.1628 | Aguardando fechamento da vela... (candles ok: 215)
[COLETOR] Ticks:   6,970 | 1.1628 @ 2026-09-03T21:26:42
[BOT] 1.1628 | Aguardando fechamento da vela... (candles ok: 215)
[COLETOR] Ticks:   6,971 | 1.16279 @ 2026-09-03T21:26:43
[BOT] 1.1628 | Aguardando fechamento da vela... (candles ok: 215)
[COLETOR] Ticks:   6,972 | 1.1628 @ 2026-09-03T21:26:44
[BOT] 1.1628 | Aguardando fechamento da vela... (candles ok: 215)
[COLETOR] Ticks:   6,973 | 1.1628 @ 2026-09-03T21:26:45
[BOT] 1.1628 | Aguardando fechamento da vela... (candles ok: 215)
[COLETOR] Ticks:   6,974 | 1.16279 @ 2026-09-03T21:26:46
[BOT] 1.1628 | Aguardando fechamento da vela... (candles ok: 215)
[COLETOR] Ticks:   6,975 | 1.16279 @ 2026-09-03T21:26:47
[COLETOR] Ticks:   6,976 | 1.16281 @ 2026-09-03T21:26:48
[BOT] 1.1628 | Aguardando fechamento da vela... (candles ok: 215)
[BOT] 1.1628 | Aguardando fechamento da vela... (candles ok: 215)
[COLETOR] Ticks:   6,977 | 1.16281 @ 2026-09-03T21:26:49
[BOT] 1.1628 | Aguardando fechamento da vela... (candles ok: 215)
[COLETOR] Ticks:   6,978 | 1.16281 @ 2026-09-03T21:26:50
[BOT] 1.1628 | Aguardando fechamento da vela... (candles ok: 215)
[COLETOR] Ticks:   6,979 | 1.16282 @ 2026-09-03T21:26:51
[BOT] 1.1628 | Aguardando fechamento da vela... (candles ok: 215)
[COLETOR] Ticks:   6,980 | 1.16282 @ 2026-09-03T21:26:52
[BOT] 1.1628 | Aguardando fechamento da vela... (candles ok: 215)
[COLETOR] Ticks:   6,981 | 1.16281 @ 2026-09-03T21:26:53
[BOT] 1.1628 | Aguardando fechamento da vela... (candles ok: 215)
[COLETOR] Ticks:   6,982 | 1.16282 @ 2026-09-03T21:26:54
[BOT] 1.1628 | Aguardando fechamento da vela... (candles ok: 215)
[COLETOR] Ticks:   6,983 | 1.16281 @ 2026-09-03T21:26:55
[BOT] 1.1628 | Aguardando fechamento da vela... (candles ok: 215)
[COLETOR] Ticks:   6,984 | 1.16281 @ 2026-09-03T21:26:56
[BOT] 1.1628 | Aguardando fechamento da vela... (candles ok: 215)
[COLETOR] Ticks:   6,985 | 1.16281 @ 2026-09-03T21:26:57
[BOT] 1.1628 | Aguardando fechamento da vela... (candles ok: 215)
[COLETOR] Ticks:   6,986 | 1.1628 @ 2026-09-03T21:26:58
[BOT] 1.1628 | Aguardando fechamento da vela... (candles ok: 215)
[COLETOR] Ticks:   6,987 | 1.16281 @ 2026-09-03T21:26:59
[TICK] 1.1628 | EMA9:1.1628 EMA21:1.1628 | RSI:50.0 ADX:14.6 MACD_H:-0.00000 [LATERAL]
[COLETOR] Ticks:   6,988 | 1.16281 @ 2026-09-03T21:27:00
[BOT] 1.1628 | Aguardando fechamento da vela... (candles ok: 216)
[COLETOR] Ticks:   6,989 | 1.1628 @ 2026-09-03T21:27:01
[BOT] 1.1628 | Aguardando fechamento da vela... (candles ok: 216)
[COLETOR] Ticks:   6,990 | 1.16281 @ 2026-09-03T21:27:02
[COLETOR] Ticks:   6,991 | 1.16281 @ 2026-09-03T21:27:03
[BOT] 1.1628 | Aguardando fechamento da vela... (candles ok: 216)
[BOT] 1.1628 | Aguardando fechamento da vela... (candles ok: 216)
[COLETOR] Ticks:   6,992 | 1.1628 @ 2026-09-03T21:27:04
[BOT] 1.1628 | Aguardando fechamento da vela... (candles ok: 216)
[COLETOR] Ticks:   6,993 | 1.16277 @ 2026-09-03T21:27:05
[BOT] 1.1627 | Aguardando fechamento da vela... (candles ok: 216)
[COLETOR] Ticks:   6,994 | 1.16275 @ 2026-09-03T21:27:06
[BOT] 1.1627 | Aguardando fechamento da vela... (candles ok: 216)
[COLETOR] Ticks:   6,995 | 1.16275 @ 2026-09-03T21:27:07
[BOT] 1.1628 | Aguardando fechamento da vela... (candles ok: 216)
[COLETOR] Ticks:   6,996 | 1.16276 @ 2026-09-03T21:27:08
[BOT] 1.1628 | Aguardando fechamento da vela... (candles ok: 216)
[COLETOR] Ticks:   6,997 | 1.16276 @ 2026-09-03T21:27:09
[BOT] 1.1628 | Aguardando fechamento da vela... (candles ok: 216)
[COLETOR] Ticks:   6,998 | 1.16276 @ 2026-09-03T21:27:10
[BOT] 1.1628 | Aguardando fechamento da vela... (candles ok: 216)
[COLETOR] Ticks:   6,999 | 1.16276 @ 2026-09-03T21:27:11
[BOT] 1.1628 | Aguardando fechamento da vela... (candles ok: 216)
[COLETOR] Ticks:   7,000 | 1.16276 @ 2026-09-03T21:27:12
[BOT] 1.1628 | Aguardando fechamento da vela... (candles ok: 216)
[COLETOR] Ticks:   7,001 | 1.16277 @ 2026-09-03T21:27:13
[BOT] 1.1628 | Aguardando fechamento da vela... (candles ok: 216)
[COLETOR] Ticks:   7,002 | 1.16277 @ 2026-09-03T21:27:14
[BOT] 1.1628 | Aguardando fechamento da vela... (candles ok: 216)
[COLETOR] Ticks:   7,003 | 1.16277 @ 2026-09-03T21:27:15
[BOT] 1.1628 | Aguardando fechamento da vela... (candles ok: 216)
[COLETOR] Ticks:   7,004 | 1.16277 @ 2026-09-03T21:27:16
[BOT] 1.1628 | Aguardando fechamento da vela... (candles ok: 216)
[COLETOR] Ticks:   7,005 | 1.16277 @ 2026-09-03T21:27:17
[BOT] 1.1628 | Aguardando fechamento da vela... (candles ok: 216)
[COLETOR] Ticks:   7,006 | 1.16277 @ 2026-09-03T21:27:18
[COLETOR] Ticks:   7,007 | 1.16277 @ 2026-09-03T21:27:19
[BOT] 1.1628 | Aguardando fechamento da vela... (candles ok: 216)
[BOT] 1.1628 | Aguardando fechamento da vela... (candles ok: 216)
[COLETOR] Ticks:   7,008 | 1.16277 @ 2026-09-03T21:27:20
[BOT] 1.1628 | Aguardando fechamento da vela... (candles ok: 216)
[COLETOR] Ticks:   7,009 | 1.16277 @ 2026-09-03T21:27:21
[BOT] 1.1628 | Aguardando fechamento da vela... (candles ok: 216)
[COLETOR] Ticks:   7,010 | 1.16277 @ 2026-09-03T21:27:22
[BOT] 1.1628 | Aguardando fechamento da vela... (candles ok: 216)
[COLETOR] Ticks:   7,011 | 1.16277 @ 2026-09-03T21:27:23
[BOT] 1.1628 | Aguardando fechamento da vela... (candles ok: 216)
[COLETOR] Ticks:   7,012 | 1.16277 @ 2026-09-03T21:27:24
[BOT] 1.1628 | Aguardando fechamento da vela... (candles ok: 216)
[COLETOR] Ticks:   7,013 | 1.16277 @ 2026-09-03T21:27:25
[BOT] 1.1628 | Aguardando fechamento da vela... (candles ok: 216)
[COLETOR] Ticks:   7,014 | 1.16277 @ 2026-09-03T21:27:26
[BOT] 1.1628 | Aguardando fechamento da vela... (candles ok: 216)
[COLETOR] Ticks:   7,015 | 1.16277 @ 2026-09-03T21:27:27
[BOT] 1.1628 | Aguardando fechamento da vela... (candles ok: 216)
[COLETOR] Ticks:   7,016 | 1.16276 @ 2026-09-03T21:27:28
[BOT] 1.1628 | Aguardando fechamento da vela... (candles ok: 216)
[COLETOR] Ticks:   7,017 | 1.16276 @ 2026-09-03T21:27:29
[BOT] 1.1628 | Aguardando fechamento da vela... (candles ok: 216)
[COLETOR] Ticks:   7,018 | 1.16276 @ 2026-09-03T21:27:30
[BOT] 1.1628 | Aguardando fechamento da vela... (candles ok: 216)
[COLETOR] Ticks:   7,019 | 1.16276 @ 2026-09-03T21:27:31
[BOT] 1.1627 | Aguardando fechamento da vela... (candles ok: 216)
[COLETOR] Ticks:   7,020 | 1.16275 @ 2026-09-03T21:27:32
[BOT] 1.1627 | Aguardando fechamento da vela... (candles ok: 216)
[COLETOR] Ticks:   7,021 | 1.16275 @ 2026-09-03T21:27:33
[BOT] 1.1627 | Aguardando fechamento da vela... (candles ok: 216)
[COLETOR] Ticks:   7,022 | 1.16275 @ 2026-09-03T21:27:34
[BOT] 1.1628 | Aguardando fechamento da vela... (candles ok: 216)
[COLETOR] Ticks:   7,023 | 1.16276 @ 2026-09-03T21:27:35
[BOT] 1.1628 | Aguardando fechamento da vela... (candles ok: 216)
[COLETOR] Ticks:   7,024 | 1.16276 @ 2026-09-03T21:27:36
[BOT] 1.1628 | Aguardando fechamento da vela... (candles ok: 216)
[COLETOR] Ticks:   7,025 | 1.16276 @ 2026-09-03T21:27:37
[BOT] 1.1628 | Aguardando fechamento da vela... (candles ok: 216)
[COLETOR] Ticks:   7,026 | 1.16276 @ 2026-09-03T21:27:38
[COLETOR] Ticks:   7,027 | 1.16276 @ 2026-09-03T21:27:39
[BOT] 1.1628 | Aguardando fechamento da vela... (candles ok: 216)
[BOT] 1.1627 | Aguardando fechamento da vela... (candles ok: 216)
[COLETOR] Ticks:   7,028 | 1.16275 @ 2026-09-03T21:27:40
[COLETOR] Ticks:   7,029 | 1.16275 @ 2026-09-03T21:27:41
[BOT] 1.1627 | Aguardando fechamento da vela... (candles ok: 216)
[COLETOR] Ticks:   7,030 | 1.16275 @ 2026-09-03T21:27:42
[BOT] 1.1627 | Aguardando fechamento da vela... (candles ok: 216)
[BOT] 1.1627 | Aguardando fechamento da vela... (candles ok: 216)
[COLETOR] Ticks:   7,031 | 1.16275 @ 2026-09-03T21:27:43
[BOT] 1.1627 | Aguardando fechamento da vela... (candles ok: 216)
[COLETOR] Ticks:   7,032 | 1.16275 @ 2026-09-03T21:27:44
[BOT] 1.1627 | Aguardando fechamento da vela... (candles ok: 216)
[COLETOR] Ticks:   7,033 | 1.16275 @ 2026-09-03T21:27:45
[BOT] 1.1627 | Aguardando fechamento da vela... (candles ok: 216)
[COLETOR] Ticks:   7,034 | 1.16275 @ 2026-09-03T21:27:46
[BOT] 1.1627 | Aguardando fechamento da vela... (candles ok: 216)
[COLETOR] Ticks:   7,035 | 1.16275 @ 2026-09-03T21:27:47
[BOT] 1.1627 | Aguardando fechamento da vela... (candles ok: 216)
[COLETOR] Ticks:   7,036 | 1.16275 @ 2026-09-03T21:27:48
[COLETOR] Ticks:   7,037 | 1.16275 @ 2026-09-03T21:27:49
[BOT] 1.1627 | Aguardando fechamento da vela... (candles ok: 216)
[BOT] 1.1627 | Aguardando fechamento da vela... (candles ok: 216)
[COLETOR] Ticks:   7,038 | 1.16275 @ 2026-09-03T21:27:50
[BOT] 1.1627 | Aguardando fechamento da vela... (candles ok: 216)
[COLETOR] Ticks:   7,039 | 1.16275 @ 2026-09-03T21:27:51
[BOT] 1.1627 | Aguardando fechamento da vela... (candles ok: 216)
[COLETOR] Ticks:   7,040 | 1.16275 @ 2026-09-03T21:27:52
[BOT] 1.1627 | Aguardando fechamento da vela... (candles ok: 216)
[COLETOR] Ticks:   7,041 | 1.16275 @ 2026-09-03T21:27:53
[BOT] 1.1627 | Aguardando fechamento da vela... (candles ok: 216)
[COLETOR] Ticks:   7,042 | 1.16275 @ 2026-09-03T21:27:54
[COLETOR] Ticks:   7,043 | 1.16274 @ 2026-09-03T21:27:55
[BOT] 1.1627 | Aguardando fechamento da vela... (candles ok: 216)
[BOT] 1.1627 | Aguardando fechamento da vela... (candles ok: 216)
[COLETOR] Ticks:   7,044 | 1.16272 @ 2026-09-03T21:27:56
[BOT] 1.1627 | Aguardando fechamento da vela... (candles ok: 216)
[COLETOR] Ticks:   7,045 | 1.16272 @ 2026-09-03T21:27:57
[BOT] 1.1627 | Aguardando fechamento da vela... (candles ok: 216)
[COLETOR] Ticks:   7,046 | 1.16272 @ 2026-09-03T21:27:58
[BOT] 1.1627 | Aguardando fechamento da vela... (candles ok: 216)
[COLETOR] Ticks:   7,047 | 1.16272 @ 2026-09-03T21:27:59
[TICK] 1.1627 | EMA9:1.1628 EMA21:1.1628 | RSI:43.5 ADX:15.3 MACD_H:-0.00001 [LATERAL]
[COLETOR] Ticks:   7,048 | 1.16272 @ 2026-09-03T21:28:00
[COLETOR] Ticks:   7,049 | 1.16272 @ 2026-09-03T21:28:01
[BOT] 1.1627 | Aguardando fechamento da vela... (candles ok: 217)
[BOT] 1.1627 | Aguardando fechamento da vela... (candles ok: 217)
[COLETOR] Ticks:   7,050 | 1.16272 @ 2026-09-03T21:28:02
[BOT] 1.1627 | Aguardando fechamento da vela... (candles ok: 217)
[COLETOR] Ticks:   7,051 | 1.16272 @ 2026-09-03T21:28:03
[BOT] 1.1627 | Aguardando fechamento da vela... (candles ok: 217)
[COLETOR] Ticks:   7,052 | 1.16271 @ 2026-09-03T21:28:04
[BOT] 1.1627 | Aguardando fechamento da vela... (candles ok: 217)
[COLETOR] Ticks:   7,053 | 1.16271 @ 2026-09-03T21:28:05
[BOT] 1.1627 | Aguardando fechamento da vela... (candles ok: 217)
[COLETOR] Ticks:   7,054 | 1.16271 @ 2026-09-03T21:28:06
[BOT] 1.1627 | Aguardando fechamento da vela... (candles ok: 217)
[COLETOR] Ticks:   7,055 | 1.16271 @ 2026-09-03T21:28:07
[BOT] 1.1627 | Aguardando fechamento da vela... (candles ok: 217)
[COLETOR] Ticks:   7,056 | 1.16271 @ 2026-09-03T21:28:08
[BOT] 1.1627 | Aguardando fechamento da vela... (candles ok: 217)
[COLETOR] Ticks:   7,057 | 1.16271 @ 2026-09-03T21:28:09
[BOT] 1.1627 | Aguardando fechamento da vela... (candles ok: 217)
[COLETOR] Ticks:   7,058 | 1.16271 @ 2026-09-03T21:28:10
[COLETOR] Ticks:   7,059 | 1.16271 @ 2026-09-03T21:28:11
[BOT] 1.1627 | Aguardando fechamento da vela... (candles ok: 217)
[COLETOR] Ticks:   7,060 | 1.16269 @ 2026-09-03T21:28:12
[BOT] 1.1627 | Aguardando fechamento da vela... (candles ok: 217)
[COLETOR] Ticks:   7,061 | 1.16268 @ 2026-09-03T21:28:13
[BOT] 1.1627 | Aguardando fechamento da vela... (candles ok: 217)
[BOT] 1.1627 | Aguardando fechamento da vela... (candles ok: 217)
[COLETOR] Ticks:   7,062 | 1.16269 @ 2026-09-03T21:28:14
[BOT] 1.1627 | Aguardando fechamento da vela... (candles ok: 217)
[COLETOR] Ticks:   7,063 | 1.1627 @ 2026-09-03T21:28:15
[BOT] 1.1627 | Aguardando fechamento da vela... (candles ok: 217)
[COLETOR] Ticks:   7,064 | 1.1627 @ 2026-09-03T21:28:16
[COLETOR] Ticks:   7,065 | 1.16269 @ 2026-09-03T21:28:17
[BOT] 1.1627 | Aguardando fechamento da vela... (candles ok: 217)
[BOT] 1.1627 | Aguardando fechamento da vela... (candles ok: 217)
[COLETOR] Ticks:   7,066 | 1.16269 @ 2026-09-03T21:28:18
[BOT] 1.1627 | Aguardando fechamento da vela... (candles ok: 217)
[COLETOR] Ticks:   7,067 | 1.16268 @ 2026-09-03T21:28:19
[BOT] 1.1627 | Aguardando fechamento da vela... (candles ok: 217)
[COLETOR] Ticks:   7,068 | 1.16268 @ 2026-09-03T21:28:20
[COLETOR] Ticks:   7,069 | 1.16269 @ 2026-09-03T21:28:21
[BOT] 1.1627 | Aguardando fechamento da vela... (candles ok: 217)
[BOT] 1.1627 | Aguardando fechamento da vela... (candles ok: 217)
[COLETOR] Ticks:   7,070 | 1.16269 @ 2026-09-03T21:28:22
[BOT] 1.1627 | Aguardando fechamento da vela... (candles ok: 217)
[COLETOR] Ticks:   7,071 | 1.16269 @ 2026-09-03T21:28:23
[BOT] 1.1627 | Aguardando fechamento da vela... (candles ok: 217)
[COLETOR] Ticks:   7,072 | 1.16269 @ 2026-09-03T21:28:24
[COLETOR] Ticks:   7,073 | 1.16269 @ 2026-09-03T21:28:25
[BOT] 1.1627 | Aguardando fechamento da vela... (candles ok: 217)
[BOT] 1.1627 | Aguardando fechamento da vela... (candles ok: 217)
[COLETOR] Ticks:   7,074 | 1.16269 @ 2026-09-03T21:28:26
[BOT] 1.1627 | Aguardando fechamento da vela... (candles ok: 217)
[COLETOR] Ticks:   7,075 | 1.16269 @ 2026-09-03T21:28:27
[BOT] 1.1627 | Aguardando fechamento da vela... (candles ok: 217)
[COLETOR] Ticks:   7,076 | 1.16268 @ 2026-09-03T21:28:28
[BOT] 1.1627 | Aguardando fechamento da vela... (candles ok: 217)
[COLETOR] Ticks:   7,077 | 1.16268 @ 2026-09-03T21:28:29
[BOT] 1.1627 | Aguardando fechamento da vela... (candles ok: 217)
[COLETOR] Ticks:   7,078 | 1.16267 @ 2026-09-03T21:28:30
[BOT] 1.1627 | Aguardando fechamento da vela... (candles ok: 217)
[COLETOR] Ticks:   7,079 | 1.16267 @ 2026-09-03T21:28:31
[BOT] 1.1627 | Aguardando fechamento da vela... (candles ok: 217)
[COLETOR] Ticks:   7,080 | 1.16267 @ 2026-09-03T21:28:32
[COLETOR] Ticks:   7,081 | 1.16267 @ 2026-09-03T21:28:33
[BOT] 1.1627 | Aguardando fechamento da vela... (candles ok: 217)
[BOT] 1.1627 | Aguardando fechamento da vela... (candles ok: 217)
[COLETOR] Ticks:   7,082 | 1.16267 @ 2026-09-03T21:28:34
[BOT] 1.1627 | Aguardando fechamento da vela... (candles ok: 217)
[COLETOR] Ticks:   7,083 | 1.16266 @ 2026-09-03T21:28:35
[BOT] 1.1627 | Aguardando fechamento da vela... (candles ok: 217)
[COLETOR] Ticks:   7,084 | 1.16266 @ 2026-09-03T21:28:36
[COLETOR] Ticks:   7,085 | 1.16266 @ 2026-09-03T21:28:37
[BOT] 1.1627 | Aguardando fechamento da vela... (candles ok: 217)
[BOT] 1.1627 | Aguardando fechamento da vela... (candles ok: 217)
[COLETOR] Ticks:   7,086 | 1.16267 @ 2026-09-03T21:28:38
[BOT] 1.1627 | Aguardando fechamento da vela... (candles ok: 217)
[COLETOR] Ticks:   7,087 | 1.16267 @ 2026-09-03T21:28:39
[BOT] 1.1627 | Aguardando fechamento da vela... (candles ok: 217)
[COLETOR] Ticks:   7,088 | 1.16267 @ 2026-09-03T21:28:40
[BOT] 1.1627 | Aguardando fechamento da vela... (candles ok: 217)
[COLETOR] Ticks:   7,089 | 1.16267 @ 2026-09-03T21:28:41
[BOT] 1.1627 | Aguardando fechamento da vela... (candles ok: 217)
[COLETOR] Ticks:   7,090 | 1.16268 @ 2026-09-03T21:28:42
[BOT] 1.1627 | Aguardando fechamento da vela... (candles ok: 217)
[COLETOR] Ticks:   7,091 | 1.16269 @ 2026-09-03T21:28:43
[BOT] 1.1627 | Aguardando fechamento da vela... (candles ok: 217)
[COLETOR] Ticks:   7,092 | 1.16269 @ 2026-09-03T21:28:44
[BOT] 1.1627 | Aguardando fechamento da vela... (candles ok: 217)
[COLETOR] Ticks:   7,093 | 1.1627 @ 2026-09-03T21:28:45
[BOT] 1.1627 | Aguardando fechamento da vela... (candles ok: 217)
[COLETOR] Ticks:   7,094 | 1.1627 @ 2026-09-03T21:28:46
[BOT] 1.1627 | Aguardando fechamento da vela... (candles ok: 217)
[COLETOR] Ticks:   7,095 | 1.1627 @ 2026-09-03T21:28:47
[BOT] 1.1627 | Aguardando fechamento da vela... (candles ok: 217)
[COLETOR] Ticks:   7,096 | 1.1627 @ 2026-09-03T21:28:48
[BOT] 1.1627 | Aguardando fechamento da vela... (candles ok: 217)
[COLETOR] Ticks:   7,097 | 1.16271 @ 2026-09-03T21:28:49
[BOT] 1.1627 | Aguardando fechamento da vela... (candles ok: 217)
[COLETOR] Ticks:   7,098 | 1.16271 @ 2026-09-03T21:28:50
[BOT] 1.1627 | Aguardando fechamento da vela... (candles ok: 217)
[COLETOR] Ticks:   7,099 | 1.16271 @ 2026-09-03T21:28:51
[BOT] 1.1627 | Aguardando fechamento da vela... (candles ok: 217)
[COLETOR] Ticks:   7,100 | 1.16271 @ 2026-09-03T21:28:52
[BOT] 1.1627 | Aguardando fechamento da vela... (candles ok: 217)
[COLETOR] Ticks:   7,101 | 1.16271 @ 2026-09-03T21:28:53
[BOT] 1.1627 | Aguardando fechamento da vela... (candles ok: 217)
[COLETOR] Ticks:   7,102 | 1.16271 @ 2026-09-03T21:28:54
[BOT] 1.1627 | Aguardando fechamento da vela... (candles ok: 217)
[COLETOR] Ticks:   7,103 | 1.16271 @ 2026-09-03T21:28:55
[BOT] 1.1627 | Aguardando fechamento da vela... (candles ok: 217)
[COLETOR] Ticks:   7,104 | 1.16271 @ 2026-09-03T21:28:56
[BOT] 1.1627 | Aguardando fechamento da vela... (candles ok: 217)
[COLETOR] Ticks:   7,105 | 1.16271 @ 2026-09-03T21:28:57
[BOT] 1.1627 | Aguardando fechamento da vela... (candles ok: 217)
[COLETOR] Ticks:   7,106 | 1.16271 @ 2026-09-03T21:28:58
[BOT] 1.1627 | Aguardando fechamento da vela... (candles ok: 217)
[COLETOR] Ticks:   7,107 | 1.16271 @ 2026-09-03T21:28:59
[TICK] 1.1627 | EMA9:1.1628 EMA21:1.1628 | RSI:42.8 ADX:16.0 MACD_H:-0.00001 [LATERAL]
[COLETOR] Ticks:   7,108 | 1.16271 @ 2026-09-03T21:29:00
[BOT] 1.1627 | Aguardando fechamento da vela... (candles ok: 218)
[COLETOR] Ticks:   7,109 | 1.16271 @ 2026-09-03T21:29:01
[BOT] 1.1627 | Aguardando fechamento da vela... (candles ok: 218)
[COLETOR] Ticks:   7,110 | 1.16271 @ 2026-09-03T21:29:02
[BOT] 1.1627 | Aguardando fechamento da vela... (candles ok: 218)
[COLETOR] Ticks:   7,111 | 1.16272 @ 2026-09-03T21:29:03
[COLETOR] Ticks:   7,112 | 1.1627 @ 2026-09-03T21:29:04
[BOT] 1.1627 | Aguardando fechamento da vela... (candles ok: 218)
[BOT] 1.1627 | Aguardando fechamento da vela... (candles ok: 218)
[COLETOR] Ticks:   7,113 | 1.1627 @ 2026-09-03T21:29:05
[BOT] 1.1627 | Aguardando fechamento da vela... (candles ok: 218)
[COLETOR] Ticks:   7,114 | 1.1627 @ 2026-09-03T21:29:06
[COLETOR] Ticks:   7,115 | 1.16269 @ 2026-09-03T21:29:07
[BOT] 1.1627 | Aguardando fechamento da vela... (candles ok: 218)
[BOT] 1.1627 | Aguardando fechamento da vela... (candles ok: 218)
[COLETOR] Ticks:   7,116 | 1.16269 @ 2026-09-03T21:29:08
[BOT] 1.1627 | Aguardando fechamento da vela... (candles ok: 218)
[COLETOR] Ticks:   7,117 | 1.16269 @ 2026-09-03T21:29:09
[BOT] 1.1627 | Aguardando fechamento da vela... (candles ok: 218)
[COLETOR] Ticks:   7,118 | 1.16269 @ 2026-09-03T21:29:10
[COLETOR] Ticks:   7,119 | 1.16268 @ 2026-09-03T21:29:11
[BOT] 1.1627 | Aguardando fechamento da vela... (candles ok: 218)
[BOT] 1.1627 | Aguardando fechamento da vela... (candles ok: 218)
[COLETOR] Ticks:   7,120 | 1.16267 @ 2026-09-03T21:29:12
[BOT] 1.1627 | Aguardando fechamento da vela... (candles ok: 218)
[COLETOR] Ticks:   7,121 | 1.16267 @ 2026-09-03T21:29:13
[BOT] 1.1627 | Aguardando fechamento da vela... (candles ok: 218)
[COLETOR] Ticks:   7,122 | 1.16267 @ 2026-09-03T21:29:14
[BOT] 1.1627 | Aguardando fechamento da vela... (candles ok: 218)
[COLETOR] Ticks:   7,123 | 1.16267 @ 2026-09-03T21:29:15
[BOT] 1.1627 | Aguardando fechamento da vela... (candles ok: 218)
[COLETOR] Ticks:   7,124 | 1.16267 @ 2026-09-03T21:29:16
[BOT] 1.1627 | Aguardando fechamento da vela... (candles ok: 218)
[COLETOR] Ticks:   7,125 | 1.16267 @ 2026-09-03T21:29:17
[BOT] 1.1627 | Aguardando fechamento da vela... (candles ok: 218)
[COLETOR] Ticks:   7,126 | 1.16267 @ 2026-09-03T21:29:18
[COLETOR] Ticks:   7,127 | 1.16267 @ 2026-09-03T21:29:19
[BOT] 1.1627 | Aguardando fechamento da vela... (candles ok: 218)
[BOT] 1.1627 | Aguardando fechamento da vela... (candles ok: 218)
[COLETOR] Ticks:   7,128 | 1.16267 @ 2026-09-03T21:29:20
[BOT] 1.1627 | Aguardando fechamento da vela... (candles ok: 218)
[COLETOR] Ticks:   7,129 | 1.16267 @ 2026-09-03T21:29:21
[BOT] 1.1627 | Aguardando fechamento da vela... (candles ok: 218)
[COLETOR] Ticks:   7,130 | 1.16267 @ 2026-09-03T21:29:22
[BOT] 1.1627 | Aguardando fechamento da vela... (candles ok: 218)
[COLETOR] Ticks:   7,131 | 1.16267 @ 2026-09-03T21:29:23
[BOT] 1.1627 | Aguardando fechamento da vela... (candles ok: 218)
[COLETOR] Ticks:   7,132 | 1.16267 @ 2026-09-03T21:29:24
[BOT] 1.1627 | Aguardando fechamento da vela... (candles ok: 218)
[COLETOR] Ticks:   7,133 | 1.16267 @ 2026-09-03T21:29:25
[BOT] 1.1627 | Aguardando fechamento da vela... (candles ok: 218)
[COLETOR] Ticks:   7,134 | 1.16266 @ 2026-09-03T21:29:26
[BOT] 1.1627 | Aguardando fechamento da vela... (candles ok: 218)
[COLETOR] Ticks:   7,135 | 1.16266 @ 2026-09-03T21:29:27
[BOT] 1.1627 | Aguardando fechamento da vela... (candles ok: 218)
[COLETOR] Ticks:   7,136 | 1.16266 @ 2026-09-03T21:29:28
[BOT] 1.1626 | Aguardando fechamento da vela... (candles ok: 218)
[COLETOR] Ticks:   7,137 | 1.16265 @ 2026-09-03T21:29:29
[COLETOR] Ticks:   7,138 | 1.16265 @ 2026-09-03T21:29:30
[BOT] 1.1626 | Aguardando fechamento da vela... (candles ok: 218)
[BOT] 1.1626 | Aguardando fechamento da vela... (candles ok: 218)
[COLETOR] Ticks:   7,139 | 1.16265 @ 2026-09-03T21:29:31
[BOT] 1.1626 | Aguardando fechamento da vela... (candles ok: 218)
[COLETOR] Ticks:   7,140 | 1.16265 @ 2026-09-03T21:29:32
[BOT] 1.1626 | Aguardando fechamento da vela... (candles ok: 218)
[COLETOR] Ticks:   7,141 | 1.16265 @ 2026-09-03T21:29:33
[BOT] 1.1626 | Aguardando fechamento da vela... (candles ok: 218)
[COLETOR] Ticks:   7,142 | 1.16265 @ 2026-09-03T21:29:34
[BOT] 1.1626 | Aguardando fechamento da vela... (candles ok: 218)
[COLETOR] Ticks:   7,143 | 1.16265 @ 2026-09-03T21:29:35
[BOT] 1.1626 | Aguardando fechamento da vela... (candles ok: 218)
[COLETOR] Ticks:   7,144 | 1.16265 @ 2026-09-03T21:29:36
[BOT] 1.1626 | Aguardando fechamento da vela... (candles ok: 218)
[COLETOR] Ticks:   7,145 | 1.16265 @ 2026-09-03T21:29:37
[BOT] 1.1626 | Aguardando fechamento da vela... (candles ok: 218)
[COLETOR] Ticks:   7,146 | 1.16265 @ 2026-09-03T21:29:38
[BOT] 1.1626 | Aguardando fechamento da vela... (candles ok: 218)
[COLETOR] Ticks:   7,147 | 1.16265 @ 2026-09-03T21:29:39
[BOT] 1.1626 | Aguardando fechamento da vela... (candles ok: 218)
[COLETOR] Ticks:   7,148 | 1.16264 @ 2026-09-03T21:29:40
[COLETOR] Ticks:   7,149 | 1.16264 @ 2026-09-03T21:29:41
[BOT] 1.1626 | Aguardando fechamento da vela... (candles ok: 218)
[COLETOR] Ticks:   7,150 | 1.16262 @ 2026-09-03T21:29:42
[BOT] 1.1626 | Aguardando fechamento da vela... (candles ok: 218)
[COLETOR] Ticks:   7,151 | 1.16262 @ 2026-09-03T21:29:43
[BOT] 1.1626 | Aguardando fechamento da vela... (candles ok: 218)
[BOT] 1.1626 | Aguardando fechamento da vela... (candles ok: 218)
[COLETOR] Ticks:   7,152 | 1.16263 @ 2026-09-03T21:29:44
[BOT] 1.1626 | Aguardando fechamento da vela... (candles ok: 218)
[COLETOR] Ticks:   7,153 | 1.16262 @ 2026-09-03T21:29:45
[BOT] 1.1626 | Aguardando fechamento da vela... (candles ok: 218)
[COLETOR] Ticks:   7,154 | 1.16263 @ 2026-09-03T21:29:46
[BOT] 1.1626 | Aguardando fechamento da vela... (candles ok: 218)
[COLETOR] Ticks:   7,155 | 1.16263 @ 2026-09-03T21:29:47
[BOT] 1.1626 | Aguardando fechamento da vela... (candles ok: 218)
[COLETOR] Ticks:   7,156 | 1.16263 @ 2026-09-03T21:29:48
[BOT] 1.1626 | Aguardando fechamento da vela... (candles ok: 218)
[COLETOR] Ticks:   7,157 | 1.16262 @ 2026-09-03T21:29:49
[BOT] 1.1626 | Aguardando fechamento da vela... (candles ok: 218)
[COLETOR] Ticks:   7,158 | 1.16262 @ 2026-09-03T21:29:50
[BOT] 1.1626 | Aguardando fechamento da vela... (candles ok: 218)
[COLETOR] Ticks:   7,159 | 1.16262 @ 2026-09-03T21:29:51
[BOT] 1.1626 | Aguardando fechamento da vela... (candles ok: 218)
[COLETOR] Ticks:   7,160 | 1.16262 @ 2026-09-03T21:29:52
[BOT] 1.1626 | Aguardando fechamento da vela... (candles ok: 218)
[COLETOR] Ticks:   7,161 | 1.16262 @ 2026-09-03T21:29:53
[BOT] 1.1626 | Aguardando fechamento da vela... (candles ok: 218)
[COLETOR] Ticks:   7,162 | 1.16262 @ 2026-09-03T21:29:54
[COLETOR] Ticks:   7,163 | 1.16261 @ 2026-09-03T21:29:55
[BOT] 1.1626 | Aguardando fechamento da vela... (candles ok: 218)
[BOT] 1.1626 | Aguardando fechamento da vela... (candles ok: 218)
[COLETOR] Ticks:   7,164 | 1.16261 @ 2026-09-03T21:29:56
[BOT] 1.1626 | Aguardando fechamento da vela... (candles ok: 218)
[COLETOR] Ticks:   7,165 | 1.16261 @ 2026-09-03T21:29:57
[BOT] 1.1626 | Aguardando fechamento da vela... (candles ok: 218)
[COLETOR] Ticks:   7,166 | 1.16261 @ 2026-09-03T21:29:58
[BOT] 1.1626 | Aguardando fechamento da vela... (candles ok: 218)
[COLETOR] Ticks:   7,167 | 1.16261 @ 2026-09-03T21:29:59
[TICK] 1.1626 | EMA9:1.1627 EMA21:1.1628 | RSI:36.8 ADX:17.8 MACD_H:-0.00002 [LATERAL]
[COLETOR] Ticks:   7,168 | 1.16261 @ 2026-09-03T21:30:00
[COLETOR] Ticks:   7,169 | 1.16261 @ 2026-09-03T21:30:01
[BOT] 1.1626 | Aguardando fechamento da vela... (candles ok: 219)
[COLETOR] Ticks:   7,170 | 1.16261 @ 2026-09-03T21:30:02
[BOT] 1.1626 | Aguardando fechamento da vela... (candles ok: 219)
[BOT] 1.1626 | Aguardando fechamento da vela... (candles ok: 219)
[COLETOR] Ticks:   7,171 | 1.16261 @ 2026-09-03T21:30:03
[BOT] 1.1626 | Aguardando fechamento da vela... (candles ok: 219)
[COLETOR] Ticks:   7,172 | 1.16261 @ 2026-09-03T21:30:04
[COLETOR] Ticks:   7,173 | 1.16261 @ 2026-09-03T21:30:05
[BOT] 1.1626 | Aguardando fechamento da vela... (candles ok: 219)
[BOT] 1.1626 | Aguardando fechamento da vela... (candles ok: 219)
[COLETOR] Ticks:   7,174 | 1.16264 @ 2026-09-03T21:30:06
[BOT] 1.1626 | Aguardando fechamento da vela... (candles ok: 219)
[COLETOR] Ticks:   7,175 | 1.16264 @ 2026-09-03T21:30:07
[BOT] 1.1626 | Aguardando fechamento da vela... (candles ok: 219)
[COLETOR] Ticks:   7,176 | 1.16264 @ 2026-09-03T21:30:08
[BOT] 1.1626 | Aguardando fechamento da vela... (candles ok: 219)
[COLETOR] Ticks:   7,177 | 1.16264 @ 2026-09-03T21:30:09
[BOT] 1.1626 | Aguardando fechamento da vela... (candles ok: 219)
[COLETOR] Ticks:   7,178 | 1.16263 @ 2026-09-03T21:30:10
[COLETOR] Ticks:   7,179 | 1.16264 @ 2026-09-03T21:30:11
[BOT] 1.1626 | Aguardando fechamento da vela... (candles ok: 219)
[BOT] 1.1626 | Aguardando fechamento da vela... (candles ok: 219)
[COLETOR] Ticks:   7,180 | 1.16263 @ 2026-09-03T21:30:12
[BOT] 1.1626 | Aguardando fechamento da vela... (candles ok: 219)
[COLETOR] Ticks:   7,181 | 1.16263 @ 2026-09-03T21:30:13
[BOT] 1.1626 | Aguardando fechamento da vela... (candles ok: 219)
[COLETOR] Ticks:   7,182 | 1.16264 @ 2026-09-03T21:30:14
[BOT] 1.1626 | Aguardando fechamento da vela... (candles ok: 219)
[COLETOR] Ticks:   7,183 | 1.16264 @ 2026-09-03T21:30:15
[BOT] 1.1626 | Aguardando fechamento da vela... (candles ok: 219)
[COLETOR] Ticks:   7,184 | 1.16264 @ 2026-09-03T21:30:16
[BOT] 1.1626 | Aguardando fechamento da vela... (candles ok: 219)
[COLETOR] Ticks:   7,185 | 1.16264 @ 2026-09-03T21:30:17
[BOT] 1.1626 | Aguardando fechamento da vela... (candles ok: 219)
[COLETOR] Ticks:   7,186 | 1.16264 @ 2026-09-03T21:30:18
[BOT] 1.1626 | Aguardando fechamento da vela... (candles ok: 219)
[COLETOR] Ticks:   7,187 | 1.16264 @ 2026-09-03T21:30:19
[BOT] 1.1626 | Aguardando fechamento da vela... (candles ok: 219)
[COLETOR] Ticks:   7,188 | 1.16264 @ 2026-09-03T21:30:20
[COLETOR] Ticks:   7,189 | 1.16264 @ 2026-09-03T21:30:21
[BOT] 1.1626 | Aguardando fechamento da vela... (candles ok: 219)
[BOT] 1.1626 | Aguardando fechamento da vela... (candles ok: 219)
[COLETOR] Ticks:   7,190 | 1.16264 @ 2026-09-03T21:30:22
[BOT] 1.1626 | Aguardando fechamento da vela... (candles ok: 219)
[COLETOR] Ticks:   7,191 | 1.16264 @ 2026-09-03T21:30:23
[BOT] 1.1626 | Aguardando fechamento da vela... (candles ok: 219)
[COLETOR] Ticks:   7,192 | 1.16264 @ 2026-09-03T21:30:24
[COLETOR] Ticks:   7,193 | 1.16264 @ 2026-09-03T21:30:25
[BOT] 1.1626 | Aguardando fechamento da vela... (candles ok: 219)
[BOT] 1.1626 | Aguardando fechamento da vela... (candles ok: 219)
[COLETOR] Ticks:   7,194 | 1.16264 @ 2026-09-03T21:30:26
[BOT] 1.1626 | Aguardando fechamento da vela... (candles ok: 219)
[COLETOR] Ticks:   7,195 | 1.16264 @ 2026-09-03T21:30:27
[BOT] 1.1626 | Aguardando fechamento da vela... (candles ok: 219)
[COLETOR] Ticks:   7,196 | 1.16264 @ 2026-09-03T21:30:28
[BOT] 1.1626 | Aguardando fechamento da vela... (candles ok: 219)
[COLETOR] Ticks:   7,197 | 1.16264 @ 2026-09-03T21:30:29
[BOT] 1.1626 | Aguardando fechamento da vela... (candles ok: 219)
[COLETOR] Ticks:   7,198 | 1.16264 @ 2026-09-03T21:30:30
[BOT] 1.1626 | Aguardando fechamento da vela... (candles ok: 219)
[COLETOR] Ticks:   7,199 | 1.16264 @ 2026-09-03T21:30:31
[BOT] 1.1626 | Aguardando fechamento da vela... (candles ok: 219)
[COLETOR] Ticks:   7,200 | 1.16264 @ 2026-09-03T21:30:32
[BOT] 1.1626 | Aguardando fechamento da vela... (candles ok: 219)
[COLETOR] Ticks:   7,201 | 1.16265 @ 2026-09-03T21:30:33
[COLETOR] Ticks:   7,202 | 1.16265 @ 2026-09-03T21:30:34
[BOT] 1.1626 | Aguardando fechamento da vela... (candles ok: 219)
[BOT] 1.1627 | Aguardando fechamento da vela... (candles ok: 219)
[COLETOR] Ticks:   7,203 | 1.16269 @ 2026-09-03T21:30:35
[BOT] 1.1627 | Aguardando fechamento da vela... (candles ok: 219)
[COLETOR] Ticks:   7,204 | 1.16269 @ 2026-09-03T21:30:36
[BOT] 1.1627 | Aguardando fechamento da vela... (candles ok: 219)
[COLETOR] Ticks:   7,205 | 1.16269 @ 2026-09-03T21:30:37
[BOT] 1.1627 | Aguardando fechamento da vela... (candles ok: 219)
[COLETOR] Ticks:   7,206 | 1.16269 @ 2026-09-03T21:30:38
[BOT] 1.1627 | Aguardando fechamento da vela... (candles ok: 219)
[COLETOR] Ticks:   7,207 | 1.16269 @ 2026-09-03T21:30:39
[COLETOR] Ticks:   7,208 | 1.16269 @ 2026-09-03T21:30:40
[BOT] 1.1627 | Aguardando fechamento da vela... (candles ok: 219)
[BOT] 1.1627 | Aguardando fechamento da vela... (candles ok: 219)
[COLETOR] Ticks:   7,209 | 1.16269 @ 2026-09-03T21:30:41
[COLETOR] Ticks:   7,210 | 1.16269 @ 2026-09-03T21:30:42
[BOT] 1.1627 | Aguardando fechamento da vela... (candles ok: 219)
[COLETOR] Ticks:   7,211 | 1.16269 @ 2026-09-03T21:30:43
[BOT] 1.1627 | Aguardando fechamento da vela... (candles ok: 219)
[BOT] 1.1627 | Aguardando fechamento da vela... (candles ok: 219)
[COLETOR] Ticks:   7,212 | 1.16269 @ 2026-09-03T21:30:44
[COLETOR] Ticks:   7,213 | 1.1627 @ 2026-09-03T21:30:45
[BOT] 1.1627 | Aguardando fechamento da vela... (candles ok: 219)
[BOT] 1.1627 | Aguardando fechamento da vela... (candles ok: 219)
[COLETOR] Ticks:   7,214 | 1.1627 @ 2026-09-03T21:30:46
[COLETOR] Ticks:   7,215 | 1.1627 @ 2026-09-03T21:30:47
[BOT] 1.1627 | Aguardando fechamento da vela... (candles ok: 219)
[COLETOR] Ticks:   7,216 | 1.1627 @ 2026-09-03T21:30:48
[BOT] 1.1627 | Aguardando fechamento da vela... (candles ok: 219)
[COLETOR] Ticks:   7,217 | 1.16269 @ 2026-09-03T21:30:49
[BOT] 1.1627 | Aguardando fechamento da vela... (candles ok: 219)
[BOT] 1.1627 | Aguardando fechamento da vela... (candles ok: 219)
[COLETOR] Ticks:   7,218 | 1.16269 @ 2026-09-03T21:30:50
[COLETOR] Ticks:   7,219 | 1.16269 @ 2026-09-03T21:30:51
[BOT] 1.1627 | Aguardando fechamento da vela... (candles ok: 219)
[BOT] 1.1627 | Aguardando fechamento da vela... (candles ok: 219)
[COLETOR] Ticks:   7,220 | 1.16269 @ 2026-09-03T21:30:52
[BOT] 1.1627 | Aguardando fechamento da vela... (candles ok: 219)
[COLETOR] Ticks:   7,221 | 1.16269 @ 2026-09-03T21:30:53
[BOT] 1.1627 | Aguardando fechamento da vela... (candles ok: 219)
[COLETOR] Ticks:   7,222 | 1.16269 @ 2026-09-03T21:30:54
[COLETOR] Ticks:   7,223 | 1.16269 @ 2026-09-03T21:30:55
[BOT] 1.1627 | Aguardando fechamento da vela... (candles ok: 219)
[BOT] 1.1627 | Aguardando fechamento da vela... (candles ok: 219)
[COLETOR] Ticks:   7,224 | 1.16268 @ 2026-09-03T21:30:56
[COLETOR] Ticks:   7,225 | 1.16267 @ 2026-09-03T21:30:57
[BOT] 1.1627 | Aguardando fechamento da vela... (candles ok: 219)
[BOT] 1.1627 | Aguardando fechamento da vela... (candles ok: 219)
[COLETOR] Ticks:   7,226 | 1.16267 @ 2026-09-03T21:30:58
[COLETOR] Ticks:   7,227 | 1.16267 @ 2026-09-03T21:30:59
[BOT] 1.1627 | Aguardando fechamento da vela... (candles ok: 219)
[TICK] 1.1627 | EMA9:1.1627 EMA21:1.1628 | RSI:42.1 ADX:19.4 MACD_H:-0.00002 [LATERAL]
[COLETOR] Ticks:   7,228 | 1.16267 @ 2026-09-03T21:31:00
[BOT] 1.1627 | Aguardando fechamento da vela... (candles ok: 220)
[COLETOR] Ticks:   7,229 | 1.16268 @ 2026-09-03T21:31:01
[BOT] 1.1627 | Aguardando fechamento da vela... (candles ok: 220)
[COLETOR] Ticks:   7,230 | 1.16269 @ 2026-09-03T21:31:02
[COLETOR] Ticks:   7,231 | 1.16269 @ 2026-09-03T21:31:03
[BOT] 1.1627 | Aguardando fechamento da vela... (candles ok: 220)
[COLETOR] Ticks:   7,232 | 1.16269 @ 2026-09-03T21:31:04
[BOT] 1.1627 | Aguardando fechamento da vela... (candles ok: 220)
[BOT] 1.1627 | Aguardando fechamento da vela... (candles ok: 220)
[COLETOR] Ticks:   7,233 | 1.16269 @ 2026-09-03T21:31:05
[BOT] 1.1627 | Aguardando fechamento da vela... (candles ok: 220)
[COLETOR] Ticks:   7,234 | 1.16269 @ 2026-09-03T21:31:06
[COLETOR] Ticks:   7,235 | 1.16269 @ 2026-09-03T21:31:07
[BOT] 1.1627 | Aguardando fechamento da vela... (candles ok: 220)
[BOT] 1.1627 | Aguardando fechamento da vela... (candles ok: 220)
[COLETOR] Ticks:   7,236 | 1.16269 @ 2026-09-03T21:31:08
[COLETOR] Ticks:   7,237 | 1.16267 @ 2026-09-03T21:31:09
[BOT] 1.1627 | Aguardando fechamento da vela... (candles ok: 220)
[BOT] 1.1627 | Aguardando fechamento da vela... (candles ok: 220)
[COLETOR] Ticks:   7,238 | 1.16267 @ 2026-09-03T21:31:10
[COLETOR] Ticks:   7,239 | 1.16267 @ 2026-09-03T21:31:11
[BOT] 1.1627 | Aguardando fechamento da vela... (candles ok: 220)
[COLETOR] Ticks:   7,240 | 1.16267 @ 2026-09-03T21:31:12
[BOT] 1.1627 | Aguardando fechamento da vela... (candles ok: 220)
[BOT] 1.1627 | Aguardando fechamento da vela... (candles ok: 220)
[COLETOR] Ticks:   7,241 | 1.16267 @ 2026-09-03T21:31:13
[BOT] 1.1627 | Aguardando fechamento da vela... (candles ok: 220)
[COLETOR] Ticks:   7,242 | 1.16267 @ 2026-09-03T21:31:14
[BOT] 1.1627 | Aguardando fechamento da vela... (candles ok: 220)
[COLETOR] Ticks:   7,243 | 1.16267 @ 2026-09-03T21:31:15
[COLETOR] Ticks:   7,244 | 1.16267 @ 2026-09-03T21:31:16
[BOT] 1.1627 | Aguardando fechamento da vela... (candles ok: 220)
[COLETOR] Ticks:   7,245 | 1.16267 @ 2026-09-03T21:31:17
[BOT] 1.1627 | Aguardando fechamento da vela... (candles ok: 220)
[COLETOR] Ticks:   7,246 | 1.16267 @ 2026-09-03T21:31:18
[BOT] 1.1627 | Aguardando fechamento da vela... (candles ok: 220)
[BOT] 1.1627 | Aguardando fechamento da vela... (candles ok: 220)
[COLETOR] Ticks:   7,247 | 1.16269 @ 2026-09-03T21:31:19
[COLETOR] Ticks:   7,248 | 1.16269 @ 2026-09-03T21:31:20
[BOT] 1.1627 | Aguardando fechamento da vela... (candles ok: 220)
[COLETOR] Ticks:   7,249 | 1.16269 @ 2026-09-03T21:31:21
[BOT] 1.1627 | Aguardando fechamento da vela... (candles ok: 220)
[BOT] 1.1627 | Aguardando fechamento da vela... (candles ok: 220)
[COLETOR] Ticks:   7,250 | 1.16269 @ 2026-09-03T21:31:22
[COLETOR] Ticks:   7,251 | 1.16268 @ 2026-09-03T21:31:23
[BOT] 1.1627 | Aguardando fechamento da vela... (candles ok: 220)
[BOT] 1.1627 | Aguardando fechamento da vela... (candles ok: 220)
[COLETOR] Ticks:   7,252 | 1.16268 @ 2026-09-03T21:31:24
[COLETOR] Ticks:   7,253 | 1.16268 @ 2026-09-03T21:31:25
[BOT] 1.1627 | Aguardando fechamento da vela... (candles ok: 220)
[BOT] 1.1627 | Aguardando fechamento da vela... (candles ok: 220)
[COLETOR] Ticks:   7,254 | 1.16268 @ 2026-09-03T21:31:26
[COLETOR] Ticks:   7,255 | 1.16268 @ 2026-09-03T21:31:27
[BOT] 1.1627 | Aguardando fechamento da vela... (candles ok: 220)
[BOT] 1.1627 | Aguardando fechamento da vela... (candles ok: 220)
[COLETOR] Ticks:   7,256 | 1.16268 @ 2026-09-03T21:31:28
[BOT] 1.1627 | Aguardando fechamento da vela... (candles ok: 220)
[COLETOR] Ticks:   7,257 | 1.16268 @ 2026-09-03T21:31:29
[BOT] 1.1627 | Aguardando fechamento da vela... (candles ok: 220)
[COLETOR] Ticks:   7,258 | 1.16268 @ 2026-09-03T21:31:30
[COLETOR] Ticks:   7,259 | 1.16266 @ 2026-09-03T21:31:31
[BOT] 1.1627 | Aguardando fechamento da vela... (candles ok: 220)
[COLETOR] Ticks:   7,260 | 1.16266 @ 2026-09-03T21:31:32
[BOT] 1.1627 | Aguardando fechamento da vela... (candles ok: 220)
[COLETOR] Ticks:   7,261 | 1.16267 @ 2026-09-03T21:31:33
[BOT] 1.1627 | Aguardando fechamento da vela... (candles ok: 220)
[COLETOR] Ticks:   7,262 | 1.16267 @ 2026-09-03T21:31:34
[BOT] 1.1627 | Aguardando fechamento da vela... (candles ok: 220)
[COLETOR] Ticks:   7,263 | 1.16267 @ 2026-09-03T21:31:35
[BOT] 1.1627 | Aguardando fechamento da vela... (candles ok: 220)
[COLETOR] Ticks:   7,264 | 1.16267 @ 2026-09-03T21:31:36
[BOT] 1.1627 | Aguardando fechamento da vela... (candles ok: 220)
[COLETOR] Ticks:   7,265 | 1.16267 @ 2026-09-03T21:31:37
[BOT] 1.1627 | Aguardando fechamento da vela... (candles ok: 220)
[COLETOR] Ticks:   7,266 | 1.16267 @ 2026-09-03T21:31:38
[BOT] 1.1627 | Aguardando fechamento da vela... (candles ok: 220)
[COLETOR] Ticks:   7,267 | 1.16267 @ 2026-09-03T21:31:39
[BOT] 1.1627 | Aguardando fechamento da vela... (candles ok: 220)
[COLETOR] Ticks:   7,268 | 1.16267 @ 2026-09-03T21:31:40
[BOT] 1.1627 | Aguardando fechamento da vela... (candles ok: 220)
[COLETOR] Ticks:   7,269 | 1.16266 @ 2026-09-03T21:31:41
[BOT] 1.1627 | Aguardando fechamento da vela... (candles ok: 220)
[BOT] 1.1627 | Aguardando fechamento da vela... (candles ok: 220)
[COLETOR] Ticks:   7,270 | 1.16268 @ 2026-09-03T21:31:42
[COLETOR] Ticks:   7,271 | 1.16268 @ 2026-09-03T21:31:43
[BOT] 1.1627 | Aguardando fechamento da vela... (candles ok: 220)
[BOT] 1.1627 | Aguardando fechamento da vela... (candles ok: 220)
[COLETOR] Ticks:   7,272 | 1.16268 @ 2026-09-03T21:31:44
[BOT] 1.1627 | Aguardando fechamento da vela... (candles ok: 220)
[COLETOR] Ticks:   7,273 | 1.16268 @ 2026-09-03T21:31:45
[COLETOR] Ticks:   7,274 | 1.16268 @ 2026-09-03T21:31:46
[BOT] 1.1627 | Aguardando fechamento da vela... (candles ok: 220)
[BOT] 1.1627 | Aguardando fechamento da vela... (candles ok: 220)
[COLETOR] Ticks:   7,275 | 1.16267 @ 2026-09-03T21:31:47
[COLETOR] Ticks:   7,276 | 1.16267 @ 2026-09-03T21:31:48
[BOT] 1.1627 | Aguardando fechamento da vela... (candles ok: 220)
[COLETOR] Ticks:   7,277 | 1.16267 @ 2026-09-03T21:31:49
[BOT] 1.1627 | Aguardando fechamento da vela... (candles ok: 220)
[BOT] 1.1627 | Aguardando fechamento da vela... (candles ok: 220)
[COLETOR] Ticks:   7,278 | 1.16267 @ 2026-09-03T21:31:50
[COLETOR] Ticks:   7,279 | 1.16266 @ 2026-09-03T21:31:51
[BOT] 1.1627 | Aguardando fechamento da vela... (candles ok: 220)
[COLETOR] Ticks:   7,280 | 1.16265 @ 2026-09-03T21:31:52
[BOT] 1.1626 | Aguardando fechamento da vela... (candles ok: 220)
[COLETOR] Ticks:   7,281 | 1.16266 @ 2026-09-03T21:31:53
[BOT] 1.1627 | Aguardando fechamento da vela... (candles ok: 220)
[COLETOR] Ticks:   7,282 | 1.16266 @ 2026-09-03T21:31:54
[BOT] 1.1627 | Aguardando fechamento da vela... (candles ok: 220)
[COLETOR] Ticks:   7,283 | 1.16266 @ 2026-09-03T21:31:55
[BOT] 1.1627 | Aguardando fechamento da vela... (candles ok: 220)
[BOT] 1.1626 | Aguardando fechamento da vela... (candles ok: 220)
[COLETOR] Ticks:   7,284 | 1.16265 @ 2026-09-03T21:31:56
[COLETOR] Ticks:   7,285 | 1.16266 @ 2026-09-03T21:31:57
[BOT] 1.1627 | Aguardando fechamento da vela... (candles ok: 220)
[BOT] 1.1627 | Aguardando fechamento da vela... (candles ok: 220)
[COLETOR] Ticks:   7,286 | 1.16267 @ 2026-09-03T21:31:58
[COLETOR] Ticks:   7,287 | 1.16266 @ 2026-09-03T21:31:59
[BOT] 1.1627 | Aguardando fechamento da vela... (candles ok: 220)
[TICK] 1.1626 | EMA9:1.1627 EMA21:1.1628 | RSI:41.4 ADX:20.9 MACD_H:-0.00002
[COLETOR] Ticks:   7,288 | 1.16265 @ 2026-09-03T21:32:00
[COLETOR] Ticks:   7,289 | 1.16266 @ 2026-09-03T21:32:01
[BOT] 1.1627 | Aguardando fechamento da vela... (candles ok: 221)
[BOT] 1.1626 | Aguardando fechamento da vela... (candles ok: 221)
[COLETOR] Ticks:   7,290 | 1.16265 @ 2026-09-03T21:32:02
[BOT] 1.1626 | Aguardando fechamento da vela... (candles ok: 221)
[COLETOR] Ticks:   7,291 | 1.16265 @ 2026-09-03T21:32:03
[COLETOR] Ticks:   7,292 | 1.16265 @ 2026-09-03T21:32:04
[BOT] 1.1626 | Aguardando fechamento da vela... (candles ok: 221)
[COLETOR] Ticks:   7,293 | 1.16265 @ 2026-09-03T21:32:05
[BOT] 1.1626 | Aguardando fechamento da vela... (candles ok: 221)
[BOT] 1.1626 | Aguardando fechamento da vela... (candles ok: 221)
[COLETOR] Ticks:   7,294 | 1.16265 @ 2026-09-03T21:32:06
[COLETOR] Ticks:   7,295 | 1.16265 @ 2026-09-03T21:32:07
[BOT] 1.1626 | Aguardando fechamento da vela... (candles ok: 221)
[BOT] 1.1626 | Aguardando fechamento da vela... (candles ok: 221)
[COLETOR] Ticks:   7,296 | 1.16265 @ 2026-09-03T21:32:08
[BOT] 1.1626 | Aguardando fechamento da vela... (candles ok: 221)
[COLETOR] Ticks:   7,297 | 1.16265 @ 2026-09-03T21:32:09
[BOT] 1.1626 | Aguardando fechamento da vela... (candles ok: 221)
[COLETOR] Ticks:   7,298 | 1.16265 @ 2026-09-03T21:32:10
[COLETOR] Ticks:   7,299 | 1.16265 @ 2026-09-03T21:32:11
[BOT] 1.1626 | Aguardando fechamento da vela... (candles ok: 221)
[COLETOR] Ticks:   7,300 | 1.16264 @ 2026-09-03T21:32:12
[BOT] 1.1626 | Aguardando fechamento da vela... (candles ok: 221)
[BOT] 1.1626 | Aguardando fechamento da vela... (candles ok: 221)
[COLETOR] Ticks:   7,301 | 1.16264 @ 2026-09-03T21:32:13
[BOT] 1.1626 | Aguardando fechamento da vela... (candles ok: 221)
[COLETOR] Ticks:   7,302 | 1.16264 @ 2026-09-03T21:32:14
[COLETOR] Ticks:   7,303 | 1.16264 @ 2026-09-03T21:32:15
[BOT] 1.1626 | Aguardando fechamento da vela... (candles ok: 221)
[COLETOR] Ticks:   7,304 | 1.16265 @ 2026-09-03T21:32:16
[BOT] 1.1626 | Aguardando fechamento da vela... (candles ok: 221)
[BOT] 1.1626 | Aguardando fechamento da vela... (candles ok: 221)
[COLETOR] Ticks:   7,305 | 1.16265 @ 2026-09-03T21:32:17
[BOT] 1.1626 | Aguardando fechamento da vela... (candles ok: 221)
[COLETOR] Ticks:   7,306 | 1.16264 @ 2026-09-03T21:32:18
[BOT] 1.1626 | Aguardando fechamento da vela... (candles ok: 221)
[COLETOR] Ticks:   7,307 | 1.16265 @ 2026-09-03T21:32:19
[BOT] 1.1626 | Aguardando fechamento da vela... (candles ok: 221)
[COLETOR] Ticks:   7,308 | 1.16265 @ 2026-09-03T21:32:20
[COLETOR] Ticks:   7,309 | 1.16266 @ 2026-09-03T21:32:21
[BOT] 1.1627 | Aguardando fechamento da vela... (candles ok: 221)
[BOT] 1.1627 | Aguardando fechamento da vela... (candles ok: 221)
[COLETOR] Ticks:   7,310 | 1.16267 @ 2026-09-03T21:32:22
[COLETOR] Ticks:   7,311 | 1.16267 @ 2026-09-03T21:32:23
[BOT] 1.1627 | Aguardando fechamento da vela... (candles ok: 221)
[BOT] 1.1627 | Aguardando fechamento da vela... (candles ok: 221)
[COLETOR] Ticks:   7,312 | 1.16267 @ 2026-09-03T21:32:24
[COLETOR] Ticks:   7,313 | 1.16267 @ 2026-09-03T21:32:25
[BOT] 1.1627 | Aguardando fechamento da vela... (candles ok: 221)
[BOT] 1.1627 | Aguardando fechamento da vela... (candles ok: 221)
[COLETOR] Ticks:   7,314 | 1.16267 @ 2026-09-03T21:32:26
[BOT] 1.1627 | Aguardando fechamento da vela... (candles ok: 221)
[COLETOR] Ticks:   7,315 | 1.16267 @ 2026-09-03T21:32:27
[BOT] 1.1627 | Aguardando fechamento da vela... (candles ok: 221)
[COLETOR] Ticks:   7,316 | 1.16267 @ 2026-09-03T21:32:28
[COLETOR] Ticks:   7,317 | 1.16267 @ 2026-09-03T21:32:29
[BOT] 1.1627 | Aguardando fechamento da vela... (candles ok: 221)
[COLETOR] Ticks:   7,318 | 1.16267 @ 2026-09-03T21:32:30
[BOT] 1.1627 | Aguardando fechamento da vela... (candles ok: 221)
[BOT] 1.1627 | Aguardando fechamento da vela... (candles ok: 221)
[COLETOR] Ticks:   7,319 | 1.16267 @ 2026-09-03T21:32:31
[COLETOR] Ticks:   7,320 | 1.16266 @ 2026-09-03T21:32:32
[BOT] 1.1627 | Aguardando fechamento da vela... (candles ok: 221)
[BOT] 1.1627 | Aguardando fechamento da vela... (candles ok: 221)
[COLETOR] Ticks:   7,321 | 1.16271 @ 2026-09-03T21:32:33
[BOT] 1.1627 | Aguardando fechamento da vela... (candles ok: 221)
[COLETOR] Ticks:   7,322 | 1.16271 @ 2026-09-03T21:32:34
[COLETOR] Ticks:   7,323 | 1.16272 @ 2026-09-03T21:32:35
[BOT] 1.1627 | Aguardando fechamento da vela... (candles ok: 221)
[BOT] 1.1627 | Aguardando fechamento da vela... (candles ok: 221)
[COLETOR] Ticks:   7,324 | 1.16272 @ 2026-09-03T21:32:36
[BOT] 1.1627 | Aguardando fechamento da vela... (candles ok: 221)
[COLETOR] Ticks:   7,325 | 1.16271 @ 2026-09-03T21:32:37
[BOT] 1.1627 | Aguardando fechamento da vela... (candles ok: 221)
[COLETOR] Ticks:   7,326 | 1.16272 @ 2026-09-03T21:32:38
[BOT] 1.1627 | Aguardando fechamento da vela... (candles ok: 221)
[COLETOR] Ticks:   7,327 | 1.16271 @ 2026-09-03T21:32:39
[BOT] 1.1627 | Aguardando fechamento da vela... (candles ok: 221)
[COLETOR] Ticks:   7,328 | 1.16271 @ 2026-09-03T21:32:40
[BOT] 1.1627 | Aguardando fechamento da vela... (candles ok: 221)
[COLETOR] Ticks:   7,329 | 1.1627 @ 2026-09-03T21:32:41
[BOT] 1.1627 | Aguardando fechamento da vela... (candles ok: 221)
[COLETOR] Ticks:   7,330 | 1.16271 @ 2026-09-03T21:32:42
[COLETOR] Ticks:   7,331 | 1.16271 @ 2026-09-03T21:32:43
[BOT] 1.1627 | Aguardando fechamento da vela... (candles ok: 221)
[BOT] 1.1627 | Aguardando fechamento da vela... (candles ok: 221)
[COLETOR] Ticks:   7,332 | 1.16272 @ 2026-09-03T21:32:44
[COLETOR] Ticks:   7,333 | 1.16272 @ 2026-09-03T21:32:45
[BOT] 1.1627 | Aguardando fechamento da vela... (candles ok: 221)
[BOT] 1.1627 | Aguardando fechamento da vela... (candles ok: 221)
[COLETOR] Ticks:   7,334 | 1.16272 @ 2026-09-03T21:32:46
[BOT] 1.1627 | Aguardando fechamento da vela... (candles ok: 221)
[COLETOR] Ticks:   7,335 | 1.16272 @ 2026-09-03T21:32:47
[BOT] 1.1627 | Aguardando fechamento da vela... (candles ok: 221)
[COLETOR] Ticks:   7,336 | 1.16272 @ 2026-09-03T21:32:48
[BOT] 1.1627 | Aguardando fechamento da vela... (candles ok: 221)
[COLETOR] Ticks:   7,337 | 1.16271 @ 2026-09-03T21:32:49
[COLETOR] Ticks:   7,338 | 1.16271 @ 2026-09-03T21:32:50
[BOT] 1.1627 | Aguardando fechamento da vela... (candles ok: 221)
[COLETOR] Ticks:   7,339 | 1.16272 @ 2026-09-03T21:32:51
[BOT] 1.1627 | Aguardando fechamento da vela... (candles ok: 221)
[BOT] 1.1627 | Aguardando fechamento da vela... (candles ok: 221)
[COLETOR] Ticks:   7,340 | 1.16271 @ 2026-09-03T21:32:52
[BOT] 1.1627 | Aguardando fechamento da vela... (candles ok: 221)
[COLETOR] Ticks:   7,341 | 1.16271 @ 2026-09-03T21:32:53
[BOT] 1.1627 | Aguardando fechamento da vela... (candles ok: 221)
[COLETOR] Ticks:   7,342 | 1.16271 @ 2026-09-03T21:32:54
[COLETOR] Ticks:   7,343 | 1.16271 @ 2026-09-03T21:32:55
[BOT] 1.1627 | Aguardando fechamento da vela... (candles ok: 221)
[BOT] 1.1627 | Aguardando fechamento da vela... (candles ok: 221)
[COLETOR] Ticks:   7,344 | 1.16271 @ 2026-09-03T21:32:56
[BOT] 1.1627 | Aguardando fechamento da vela... (candles ok: 221)
[COLETOR] Ticks:   7,345 | 1.16271 @ 2026-09-03T21:32:57
[BOT] 1.1627 | Aguardando fechamento da vela... (candles ok: 221)
[COLETOR] Ticks:   7,346 | 1.16271 @ 2026-09-03T21:32:58
[COLETOR] Ticks:   7,347 | 1.16271 @ 2026-09-03T21:32:59
[BOT] 1.1627 | Aguardando fechamento da vela... (candles ok: 221)
[TICK] 1.1627 | EMA9:1.1627 EMA21:1.1627 | RSI:45.8 ADX:21.4 MACD_H:-0.00001
[COLETOR] Ticks:   7,348 | 1.16271 @ 2026-09-03T21:33:00
[BOT] 1.1627 | Aguardando fechamento da vela... (candles ok: 222)
[COLETOR] Ticks:   7,349 | 1.16271 @ 2026-09-03T21:33:01
[BOT] 1.1627 | Aguardando fechamento da vela... (candles ok: 222)
[COLETOR] Ticks:   7,350 | 1.16272 @ 2026-09-03T21:33:02
[BOT] 1.1627 | Aguardando fechamento da vela... (candles ok: 222)
[COLETOR] Ticks:   7,351 | 1.16271 @ 2026-09-03T21:33:03
[BOT] 1.1627 | Aguardando fechamento da vela... (candles ok: 222)
[COLETOR] Ticks:   7,352 | 1.16272 @ 2026-09-03T21:33:04
[COLETOR] Ticks:   7,353 | 1.16271 @ 2026-09-03T21:33:05
[BOT] 1.1627 | Aguardando fechamento da vela... (candles ok: 222)
[BOT] 1.1627 | Aguardando fechamento da vela... (candles ok: 222)
[COLETOR] Ticks:   7,354 | 1.16271 @ 2026-09-03T21:33:06
[COLETOR] Ticks:   7,355 | 1.16271 @ 2026-09-03T21:33:07
[BOT] 1.1627 | Aguardando fechamento da vela... (candles ok: 222)
[BOT] 1.1627 | Aguardando fechamento da vela... (candles ok: 222)
[COLETOR] Ticks:   7,356 | 1.16272 @ 2026-09-03T21:33:08
[COLETOR] Ticks:   7,357 | 1.16272 @ 2026-09-03T21:33:09
[BOT] 1.1627 | Aguardando fechamento da vela... (candles ok: 222)
[BOT] 1.1627 | Aguardando fechamento da vela... (candles ok: 222)
[COLETOR] Ticks:   7,358 | 1.16272 @ 2026-09-03T21:33:10
[COLETOR] Ticks:   7,359 | 1.16273 @ 2026-09-03T21:33:11
[BOT] 1.1627 | Aguardando fechamento da vela... (candles ok: 222)
[COLETOR] Ticks:   7,360 | 1.16272 @ 2026-09-03T21:33:12
[BOT] 1.1627 | Aguardando fechamento da vela... (candles ok: 222)
[COLETOR] Ticks:   7,361 | 1.16271 @ 2026-09-03T21:33:13
[BOT] 1.1627 | Aguardando fechamento da vela... (candles ok: 222)
[BOT] 1.1627 | Aguardando fechamento da vela... (candles ok: 222)
[COLETOR] Ticks:   7,362 | 1.16272 @ 2026-09-03T21:33:14
[COLETOR] Ticks:   7,363 | 1.16272 @ 2026-09-03T21:33:15
[BOT] 1.1627 | Aguardando fechamento da vela... (candles ok: 222)
[COLETOR] Ticks:   7,364 | 1.16272 @ 2026-09-03T21:33:16
[BOT] 1.1627 | Aguardando fechamento da vela... (candles ok: 222)
[COLETOR] Ticks:   7,365 | 1.16272 @ 2026-09-03T21:33:17
[BOT] 1.1627 | Aguardando fechamento da vela... (candles ok: 222)
[BOT] 1.1627 | Aguardando fechamento da vela... (candles ok: 222)
[COLETOR] Ticks:   7,366 | 1.16273 @ 2026-09-03T21:33:18
[COLETOR] Ticks:   7,367 | 1.16272 @ 2026-09-03T21:33:19
[BOT] 1.1627 | Aguardando fechamento da vela... (candles ok: 222)
[COLETOR] Ticks:   7,368 | 1.16272 @ 2026-09-03T21:33:20
[BOT] 1.1627 | Aguardando fechamento da vela... (candles ok: 222)
[BOT] 1.1627 | Aguardando fechamento da vela... (candles ok: 222)
[COLETOR] Ticks:   7,369 | 1.16271 @ 2026-09-03T21:33:21
[BOT] 1.1627 | Aguardando fechamento da vela... (candles ok: 222)
[COLETOR] Ticks:   7,370 | 1.16271 @ 2026-09-03T21:33:22
[COLETOR] Ticks:   7,371 | 1.16271 @ 2026-09-03T21:33:23
[BOT] 1.1627 | Aguardando fechamento da vela... (candles ok: 222)
[BOT] 1.1627 | Aguardando fechamento da vela... (candles ok: 222)
[COLETOR] Ticks:   7,372 | 1.16271 @ 2026-09-03T21:33:24
[BOT] 1.1627 | Aguardando fechamento da vela... (candles ok: 222)
[COLETOR] Ticks:   7,373 | 1.16272 @ 2026-09-03T21:33:25
[BOT] 1.1627 | Aguardando fechamento da vela... (candles ok: 222)
[COLETOR] Ticks:   7,374 | 1.16272 @ 2026-09-03T21:33:26
[COLETOR] Ticks:   7,375 | 1.16271 @ 2026-09-03T21:33:27
[BOT] 1.1627 | Aguardando fechamento da vela... (candles ok: 222)
[BOT] 1.1627 | Aguardando fechamento da vela... (candles ok: 222)
[COLETOR] Ticks:   7,376 | 1.16271 @ 2026-09-03T21:33:28
[BOT] 1.1627 | Aguardando fechamento da vela... (candles ok: 222)
[COLETOR] Ticks:   7,377 | 1.16271 @ 2026-09-03T21:33:29
[COLETOR] Ticks:   7,378 | 1.16271 @ 2026-09-03T21:33:30
[BOT] 1.1627 | Aguardando fechamento da vela... (candles ok: 222)
[COLETOR] Ticks:   7,379 | 1.1627 @ 2026-09-03T21:33:31
[BOT] 1.1627 | Aguardando fechamento da vela... (candles ok: 222)
[BOT] 1.1627 | Aguardando fechamento da vela... (candles ok: 222)
[COLETOR] Ticks:   7,380 | 1.16268 @ 2026-09-03T21:33:32
[BOT] 1.1627 | Aguardando fechamento da vela... (candles ok: 222)
[COLETOR] Ticks:   7,381 | 1.16269 @ 2026-09-03T21:33:33
[BOT] 1.1627 | Aguardando fechamento da vela... (candles ok: 222)
[COLETOR] Ticks:   7,382 | 1.16268 @ 2026-09-03T21:33:34
[COLETOR] Ticks:   7,383 | 1.16269 @ 2026-09-03T21:33:35
[BOT] 1.1627 | Aguardando fechamento da vela... (candles ok: 222)
[BOT] 1.1627 | Aguardando fechamento da vela... (candles ok: 222)
[COLETOR] Ticks:   7,384 | 1.16268 @ 2026-09-03T21:33:36
[COLETOR] Ticks:   7,385 | 1.16268 @ 2026-09-03T21:33:37
[BOT] 1.1627 | Aguardando fechamento da vela... (candles ok: 222)
[COLETOR] Ticks:   7,386 | 1.16268 @ 2026-09-03T21:33:38
[BOT] 1.1627 | Aguardando fechamento da vela... (candles ok: 222)
[COLETOR] Ticks:   7,387 | 1.16268 @ 2026-09-03T21:33:39
[BOT] 1.1627 | Aguardando fechamento da vela... (candles ok: 222)
[BOT] 1.1627 | Aguardando fechamento da vela... (candles ok: 222)
[COLETOR] Ticks:   7,388 | 1.16268 @ 2026-09-03T21:33:40
[BOT] 1.1627 | Aguardando fechamento da vela... (candles ok: 222)
[COLETOR] Ticks:   7,389 | 1.16269 @ 2026-09-03T21:33:41
[COLETOR] Ticks:   7,390 | 1.16269 @ 2026-09-03T21:33:42
[BOT] 1.1627 | Aguardando fechamento da vela... (candles ok: 222)
[BOT] 1.1627 | Aguardando fechamento da vela... (candles ok: 222)
[COLETOR] Ticks:   7,391 | 1.16269 @ 2026-09-03T21:33:43
[BOT] 1.1627 | Aguardando fechamento da vela... (candles ok: 222)
[COLETOR] Ticks:   7,392 | 1.16269 @ 2026-09-03T21:33:44
[BOT] 1.1627 | Aguardando fechamento da vela... (candles ok: 222)
[COLETOR] Ticks:   7,393 | 1.16269 @ 2026-09-03T21:33:45
[COLETOR] Ticks:   7,394 | 1.16269 @ 2026-09-03T21:33:46
[BOT] 1.1627 | Aguardando fechamento da vela... (candles ok: 222)
[COLETOR] Ticks:   7,395 | 1.1627 @ 2026-09-03T21:33:47
[BOT] 1.1627 | Aguardando fechamento da vela... (candles ok: 222)
[BOT] 1.1627 | Aguardando fechamento da vela... (candles ok: 222)
[COLETOR] Ticks:   7,396 | 1.1627 @ 2026-09-03T21:33:48
[BOT] 1.1627 | Aguardando fechamento da vela... (candles ok: 222)
[COLETOR] Ticks:   7,397 | 1.1627 @ 2026-09-03T21:33:49
[BOT] 1.1627 | Aguardando fechamento da vela... (candles ok: 222)
[COLETOR] Ticks:   7,398 | 1.1627 @ 2026-09-03T21:33:50
[COLETOR] Ticks:   7,399 | 1.1627 @ 2026-09-03T21:33:51
[BOT] 1.1627 | Aguardando fechamento da vela... (candles ok: 222)
[BOT] 1.1627 | Aguardando fechamento da vela... (candles ok: 222)
[COLETOR] Ticks:   7,400 | 1.1627 @ 2026-09-03T21:33:52
[BOT] 1.1627 | Aguardando fechamento da vela... (candles ok: 222)
[COLETOR] Ticks:   7,401 | 1.1627 @ 2026-09-03T21:33:53
[BOT] 1.1627 | Aguardando fechamento da vela... (candles ok: 222)
[COLETOR] Ticks:   7,402 | 1.1627 @ 2026-09-03T21:33:54
[COLETOR] Ticks:   7,403 | 1.1627 @ 2026-09-03T21:33:55
[BOT] 1.1627 | Aguardando fechamento da vela... (candles ok: 222)
[BOT] 1.1627 | Aguardando fechamento da vela... (candles ok: 222)
[COLETOR] Ticks:   7,404 | 1.16271 @ 2026-09-03T21:33:56
[COLETOR] Ticks:   7,405 | 1.1627 @ 2026-09-03T21:33:57
[BOT] 1.1627 | Aguardando fechamento da vela... (candles ok: 222)
[COLETOR] Ticks:   7,406 | 1.1627 @ 2026-09-03T21:33:58
[BOT] 1.1627 | Aguardando fechamento da vela... (candles ok: 222)
[COLETOR] Ticks:   7,407 | 1.1627 @ 2026-09-03T21:33:59
[BOT] 1.1627 | Aguardando fechamento da vela... (candles ok: 222)
[TICK] 1.1627 | EMA9:1.1627 EMA21:1.1627 | RSI:45.1 ADX:21.8 MACD_H:-0.00001
[COLETOR] Ticks:   7,408 | 1.16271 @ 2026-09-03T21:34:00
[COLETOR] Ticks:   7,409 | 1.16271 @ 2026-09-03T21:34:01
[BOT] 1.1627 | Aguardando fechamento da vela... (candles ok: 223)
[BOT] 1.1627 | Aguardando fechamento da vela... (candles ok: 223)
[COLETOR] Ticks:   7,410 | 1.16271 @ 2026-09-03T21:34:02
[COLETOR] Ticks:   7,411 | 1.16271 @ 2026-09-03T21:34:03
[BOT] 1.1627 | Aguardando fechamento da vela... (candles ok: 223)
[BOT] 1.1627 | Aguardando fechamento da vela... (candles ok: 223)
[COLETOR] Ticks:   7,412 | 1.16271 @ 2026-09-03T21:34:04
[BOT] 1.1627 | Aguardando fechamento da vela... (candles ok: 223)
[COLETOR] Ticks:   7,413 | 1.1627 @ 2026-09-03T21:34:05
[BOT] 1.1627 | Aguardando fechamento da vela... (candles ok: 223)
[COLETOR] Ticks:   7,414 | 1.16271 @ 2026-09-03T21:34:06
[BOT] 1.1627 | Aguardando fechamento da vela... (candles ok: 223)
[COLETOR] Ticks:   7,415 | 1.16271 @ 2026-09-03T21:34:07
[BOT] 1.1627 | Aguardando fechamento da vela... (candles ok: 223)
[COLETOR] Ticks:   7,416 | 1.16271 @ 2026-09-03T21:34:08
[BOT] 1.1627 | Aguardando fechamento da vela... (candles ok: 223)
[COLETOR] Ticks:   7,417 | 1.16271 @ 2026-09-03T21:34:09
[BOT] 1.1627 | Aguardando fechamento da vela... (candles ok: 223)
[COLETOR] Ticks:   7,418 | 1.1627 @ 2026-09-03T21:34:10
[BOT] 1.1627 | Aguardando fechamento da vela... (candles ok: 223)
[COLETOR] Ticks:   7,419 | 1.16266 @ 2026-09-03T21:34:11
[BOT] 1.1627 | Aguardando fechamento da vela... (candles ok: 223)
[COLETOR] Ticks:   7,420 | 1.16266 @ 2026-09-03T21:34:12
[COLETOR] Ticks:   7,421 | 1.16266 @ 2026-09-03T21:34:13
[BOT] 1.1627 | Aguardando fechamento da vela... (candles ok: 223)
[BOT] 1.1627 | Aguardando fechamento da vela... (candles ok: 223)
[COLETOR] Ticks:   7,422 | 1.16266 @ 2026-09-03T21:34:14
[COLETOR] Ticks:   7,423 | 1.16266 @ 2026-09-03T21:34:15
[BOT] 1.1627 | Aguardando fechamento da vela... (candles ok: 223)
[BOT] 1.1627 | Aguardando fechamento da vela... (candles ok: 223)
[COLETOR] Ticks:   7,424 | 1.16266 @ 2026-09-03T21:34:16
[COLETOR] Ticks:   7,425 | 1.16266 @ 2026-09-03T21:34:17
[BOT] 1.1627 | Aguardando fechamento da vela... (candles ok: 223)
[BOT] 1.1627 | Aguardando fechamento da vela... (candles ok: 223)
[COLETOR] Ticks:   7,426 | 1.16266 @ 2026-09-03T21:34:18
[COLETOR] Ticks:   7,427 | 1.16266 @ 2026-09-03T21:34:19
[BOT] 1.1627 | Aguardando fechamento da vela... (candles ok: 223)
[BOT] 1.1627 | Aguardando fechamento da vela... (candles ok: 223)
[COLETOR] Ticks:   7,428 | 1.16266 @ 2026-09-03T21:34:20
[COLETOR] Ticks:   7,429 | 1.16265 @ 2026-09-03T21:34:21
[BOT] 1.1626 | Aguardando fechamento da vela... (candles ok: 223)
[BOT] 1.1627 | Aguardando fechamento da vela... (candles ok: 223)
[COLETOR] Ticks:   7,430 | 1.16266 @ 2026-09-03T21:34:22
[COLETOR] Ticks:   7,431 | 1.16265 @ 2026-09-03T21:34:23
[BOT] 1.1626 | Aguardando fechamento da vela... (candles ok: 223)
[BOT] 1.1626 | Aguardando fechamento da vela... (candles ok: 223)
[COLETOR] Ticks:   7,432 | 1.16265 @ 2026-09-03T21:34:24
[COLETOR] Ticks:   7,433 | 1.16266 @ 2026-09-03T21:34:25
[BOT] 1.1627 | Aguardando fechamento da vela... (candles ok: 223)
[BOT] 1.1626 | Aguardando fechamento da vela... (candles ok: 223)
[COLETOR] Ticks:   7,434 | 1.16265 @ 2026-09-03T21:34:26
[BOT] 1.1626 | Aguardando fechamento da vela... (candles ok: 223)
[COLETOR] Ticks:   7,435 | 1.16265 @ 2026-09-03T21:34:27
[BOT] 1.1627 | Aguardando fechamento da vela... (candles ok: 223)
[COLETOR] Ticks:   7,436 | 1.16266 @ 2026-09-03T21:34:28
[COLETOR] Ticks:   7,437 | 1.16266 @ 2026-09-03T21:34:29
[BOT] 1.1627 | Aguardando fechamento da vela... (candles ok: 223)
[BOT] 1.1627 | Aguardando fechamento da vela... (candles ok: 223)
[COLETOR] Ticks:   7,438 | 1.16266 @ 2026-09-03T21:34:30
[COLETOR] Ticks:   7,439 | 1.16266 @ 2026-09-03T21:34:31
[BOT] 1.1627 | Aguardando fechamento da vela... (candles ok: 223)
[COLETOR] Ticks:   7,440 | 1.16266 @ 2026-09-03T21:34:32
[BOT] 1.1627 | Aguardando fechamento da vela... (candles ok: 223)
[COLETOR] Ticks:   7,441 | 1.16266 @ 2026-09-03T21:34:33
[BOT] 1.1627 | Aguardando fechamento da vela... (candles ok: 223)
[BOT] 1.1627 | Aguardando fechamento da vela... (candles ok: 223)
[COLETOR] Ticks:   7,442 | 1.16266 @ 2026-09-03T21:34:34
[COLETOR] Ticks:   7,443 | 1.16266 @ 2026-09-03T21:34:35
[BOT] 1.1627 | Aguardando fechamento da vela... (candles ok: 223)
[BOT] 1.1627 | Aguardando fechamento da vela... (candles ok: 223)
[COLETOR] Ticks:   7,444 | 1.16266 @ 2026-09-03T21:34:36
[BOT] 1.1627 | Aguardando fechamento da vela... (candles ok: 223)
[COLETOR] Ticks:   7,445 | 1.16266 @ 2026-09-03T21:34:37
[COLETOR] Ticks:   7,446 | 1.16266 @ 2026-09-03T21:34:38
[BOT] 1.1627 | Aguardando fechamento da vela... (candles ok: 223)
[COLETOR] Ticks:   7,447 | 1.16266 @ 2026-09-03T21:34:39
[BOT] 1.1627 | Aguardando fechamento da vela... (candles ok: 223)
[BOT] 1.1627 | Aguardando fechamento da vela... (candles ok: 223)
[COLETOR] Ticks:   7,448 | 1.16266 @ 2026-09-03T21:34:40
[BOT] 1.1627 | Aguardando fechamento da vela... (candles ok: 223)
[COLETOR] Ticks:   7,449 | 1.16266 @ 2026-09-03T21:34:41
[BOT] 1.1627 | Aguardando fechamento da vela... (candles ok: 223)
[COLETOR] Ticks:   7,450 | 1.16266 @ 2026-09-03T21:34:42
[COLETOR] Ticks:   7,451 | 1.16266 @ 2026-09-03T21:34:43
[BOT] 1.1627 | Aguardando fechamento da vela... (candles ok: 223)
[BOT] 1.1627 | Aguardando fechamento da vela... (candles ok: 223)
[COLETOR] Ticks:   7,452 | 1.16267 @ 2026-09-03T21:34:44
[COLETOR] Ticks:   7,453 | 1.16267 @ 2026-09-03T21:34:45
[BOT] 1.1627 | Aguardando fechamento da vela... (candles ok: 223)
[COLETOR] Ticks:   7,454 | 1.16267 @ 2026-09-03T21:34:46
[BOT] 1.1627 | Aguardando fechamento da vela... (candles ok: 223)
[COLETOR] Ticks:   7,455 | 1.16267 @ 2026-09-03T21:34:47
[BOT] 1.1627 | Aguardando fechamento da vela... (candles ok: 223)
[BOT] 1.1627 | Aguardando fechamento da vela... (candles ok: 223)
[COLETOR] Ticks:   7,456 | 1.16267 @ 2026-09-03T21:34:48
[BOT] 1.1627 | Aguardando fechamento da vela... (candles ok: 223)
[COLETOR] Ticks:   7,457 | 1.16267 @ 2026-09-03T21:34:49
[COLETOR] Ticks:   7,458 | 1.16265 @ 2026-09-03T21:34:50
[BOT] 1.1626 | Aguardando fechamento da vela... (candles ok: 223)
[COLETOR] Ticks:   7,459 | 1.16265 @ 2026-09-03T21:34:51
[BOT] 1.1626 | Aguardando fechamento da vela... (candles ok: 223)
[BOT] 1.1626 | Aguardando fechamento da vela... (candles ok: 223)
[COLETOR] Ticks:   7,460 | 1.16263 @ 2026-09-03T21:34:52
[BOT] 1.1627 | Aguardando fechamento da vela... (candles ok: 223)
[COLETOR] Ticks:   7,461 | 1.16267 @ 2026-09-03T21:34:53
[COLETOR] Ticks:   7,462 | 1.16267 @ 2026-09-03T21:34:54
[BOT] 1.1627 | Aguardando fechamento da vela... (candles ok: 223)
[COLETOR] Ticks:   7,463 | 1.16267 @ 2026-09-03T21:34:55
[BOT] 1.1627 | Aguardando fechamento da vela... (candles ok: 223)
[BOT] 1.1627 | Aguardando fechamento da vela... (candles ok: 223)
[COLETOR] Ticks:   7,464 | 1.16267 @ 2026-09-03T21:34:56
[COLETOR] Ticks:   7,465 | 1.16267 @ 2026-09-03T21:34:57
[BOT] 1.1627 | Aguardando fechamento da vela... (candles ok: 223)
[BOT] 1.1627 | Aguardando fechamento da vela... (candles ok: 223)
[COLETOR] Ticks:   7,466 | 1.16267 @ 2026-09-03T21:34:58
[BOT] 1.1627 | Aguardando fechamento da vela... (candles ok: 223)
[COLETOR] Ticks:   7,467 | 1.16267 @ 2026-09-03T21:34:59
[COLETOR] Ticks:   7,468 | 1.16267 @ 2026-09-03T21:35:00
[TICK] 1.1627 | EMA9:1.1627 EMA21:1.1627 | RSI:42.9 ADX:22.6 MACD_H:-0.00001
[COLETOR] Ticks:   7,469 | 1.16267 @ 2026-09-03T21:35:01
[BOT] 1.1627 | Aguardando fechamento da vela... (candles ok: 224)
[BOT] 1.1627 | Aguardando fechamento da vela... (candles ok: 224)
[COLETOR] Ticks:   7,470 | 1.16268 @ 2026-09-03T21:35:02
[COLETOR] Ticks:   7,471 | 1.16268 @ 2026-09-03T21:35:03
[BOT] 1.1627 | Aguardando fechamento da vela... (candles ok: 224)
[BOT] 1.1627 | Aguardando fechamento da vela... (candles ok: 224)
[COLETOR] Ticks:   7,472 | 1.16268 @ 2026-09-03T21:35:04
[COLETOR] Ticks:   7,473 | 1.16268 @ 2026-09-03T21:35:05
[BOT] 1.1627 | Aguardando fechamento da vela... (candles ok: 224)
[BOT] 1.1627 | Aguardando fechamento da vela... (candles ok: 224)
[COLETOR] Ticks:   7,474 | 1.16268 @ 2026-09-03T21:35:06
[COLETOR] Ticks:   7,475 | 1.16268 @ 2026-09-03T21:35:07
[BOT] 1.1627 | Aguardando fechamento da vela... (candles ok: 224)
[BOT] 1.1627 | Aguardando fechamento da vela... (candles ok: 224)
[COLETOR] Ticks:   7,476 | 1.16268 @ 2026-09-03T21:35:08
[BOT] 1.1627 | Aguardando fechamento da vela... (candles ok: 224)
[COLETOR] Ticks:   7,477 | 1.16268 @ 2026-09-03T21:35:09
[BOT] 1.1627 | Aguardando fechamento da vela... (candles ok: 224)
[COLETOR] Ticks:   7,478 | 1.16268 @ 2026-09-03T21:35:10
[COLETOR] Ticks:   7,479 | 1.16268 @ 2026-09-03T21:35:11
[BOT] 1.1627 | Aguardando fechamento da vela... (candles ok: 224)
[BOT] 1.1627 | Aguardando fechamento da vela... (candles ok: 224)
[COLETOR] Ticks:   7,480 | 1.16268 @ 2026-09-03T21:35:12
[BOT] 1.1627 | Aguardando fechamento da vela... (candles ok: 224)
[COLETOR] Ticks:   7,481 | 1.16268 @ 2026-09-03T21:35:13
[BOT] 1.1627 | Aguardando fechamento da vela... (candles ok: 224)
[COLETOR] Ticks:   7,482 | 1.16268 @ 2026-09-03T21:35:14
[COLETOR] Ticks:   7,483 | 1.16268 @ 2026-09-03T21:35:15
[BOT] 1.1627 | Aguardando fechamento da vela... (candles ok: 224)
[BOT] 1.1627 | Aguardando fechamento da vela... (candles ok: 224)
[COLETOR] Ticks:   7,484 | 1.16267 @ 2026-09-03T21:35:16
[COLETOR] Ticks:   7,485 | 1.16268 @ 2026-09-03T21:35:17
[BOT] 1.1627 | Aguardando fechamento da vela... (candles ok: 224)
[BOT] 1.1627 | Aguardando fechamento da vela... (candles ok: 224)
[COLETOR] Ticks:   7,486 | 1.16268 @ 2026-09-03T21:35:18
[COLETOR] Ticks:   7,487 | 1.16267 @ 2026-09-03T21:35:19
[BOT] 1.1627 | Aguardando fechamento da vela... (candles ok: 224)
[BOT] 1.1627 | Aguardando fechamento da vela... (candles ok: 224)
[COLETOR] Ticks:   7,488 | 1.16267 @ 2026-09-03T21:35:20
[BOT] 1.1627 | Aguardando fechamento da vela... (candles ok: 224)
[COLETOR] Ticks:   7,489 | 1.16266 @ 2026-09-03T21:35:21
[BOT] 1.1627 | Aguardando fechamento da vela... (candles ok: 224)
[COLETOR] Ticks:   7,490 | 1.16266 @ 2026-09-03T21:35:22
[BOT] 1.1627 | Aguardando fechamento da vela... (candles ok: 224)
[COLETOR] Ticks:   7,491 | 1.16266 @ 2026-09-03T21:35:23
[BOT] 1.1627 | Aguardando fechamento da vela... (candles ok: 224)
[COLETOR] Ticks:   7,492 | 1.16266 @ 2026-09-03T21:35:24
[BOT] 1.1627 | Aguardando fechamento da vela... (candles ok: 224)
[COLETOR] Ticks:   7,493 | 1.16266 @ 2026-09-03T21:35:25
[BOT] 1.1627 | Aguardando fechamento da vela... (candles ok: 224)
[COLETOR] Ticks:   7,494 | 1.16266 @ 2026-09-03T21:35:26
[BOT] 1.1627 | Aguardando fechamento da vela... (candles ok: 224)
[COLETOR] Ticks:   7,495 | 1.16266 @ 2026-09-03T21:35:27
[BOT] 1.1627 | Aguardando fechamento da vela... (candles ok: 224)
[COLETOR] Ticks:   7,496 | 1.16266 @ 2026-09-03T21:35:28
[COLETOR] Ticks:   7,497 | 1.16266 @ 2026-09-03T21:35:29
[BOT] 1.1627 | Aguardando fechamento da vela... (candles ok: 224)
[BOT] 1.1627 | Aguardando fechamento da vela... (candles ok: 224)
[COLETOR] Ticks:   7,498 | 1.16266 @ 2026-09-03T21:35:30
[COLETOR] Ticks:   7,499 | 1.16267 @ 2026-09-03T21:35:31
[BOT] 1.1627 | Aguardando fechamento da vela... (candles ok: 224)
[BOT] 1.1627 | Aguardando fechamento da vela... (candles ok: 224)
[COLETOR] Ticks:   7,500 | 1.16267 @ 2026-09-03T21:35:32
[BOT] 1.1627 | Aguardando fechamento da vela... (candles ok: 224)
[COLETOR] Ticks:   7,501 | 1.16267 @ 2026-09-03T21:35:33
[BOT] 1.1627 | Aguardando fechamento da vela... (candles ok: 224)
[COLETOR] Ticks:   7,502 | 1.16267 @ 2026-09-03T21:35:34
[COLETOR] Ticks:   7,503 | 1.16267 @ 2026-09-03T21:35:35
[BOT] 1.1627 | Aguardando fechamento da vela... (candles ok: 224)
[BOT] 1.1627 | Aguardando fechamento da vela... (candles ok: 224)
[COLETOR] Ticks:   7,504 | 1.16267 @ 2026-09-03T21:35:36
[COLETOR] Ticks:   7,505 | 1.16269 @ 2026-09-03T21:35:37
[BOT] 1.1627 | Aguardando fechamento da vela... (candles ok: 224)
[BOT] 1.1627 | Aguardando fechamento da vela... (candles ok: 224)
[COLETOR] Ticks:   7,506 | 1.1627 @ 2026-09-03T21:35:38
[COLETOR] Ticks:   7,507 | 1.16274 @ 2026-09-03T21:35:39
[BOT] 1.1627 | Aguardando fechamento da vela... (candles ok: 224)
[BOT] 1.1627 | Aguardando fechamento da vela... (candles ok: 224)
[COLETOR] Ticks:   7,508 | 1.16275 @ 2026-09-03T21:35:40
[COLETOR] Ticks:   7,509 | 1.16275 @ 2026-09-03T21:35:41
[BOT] 1.1627 | Aguardando fechamento da vela... (candles ok: 224)
[BOT] 1.1627 | Aguardando fechamento da vela... (candles ok: 224)
[COLETOR] Ticks:   7,510 | 1.16275 @ 2026-09-03T21:35:42
[BOT] 1.1627 | Aguardando fechamento da vela... (candles ok: 224)
[COLETOR] Ticks:   7,511 | 1.16275 @ 2026-09-03T21:35:43
[BOT] 1.1627 | Aguardando fechamento da vela... (candles ok: 224)
[COLETOR] Ticks:   7,512 | 1.16274 @ 2026-09-03T21:35:44
[COLETOR] Ticks:   7,513 | 1.16275 @ 2026-09-03T21:35:45
[BOT] 1.1627 | Aguardando fechamento da vela... (candles ok: 224)
[BOT] 1.1627 | Aguardando fechamento da vela... (candles ok: 224)
[COLETOR] Ticks:   7,514 | 1.16274 @ 2026-09-03T21:35:46
[BOT] 1.1627 | Aguardando fechamento da vela... (candles ok: 224)
[COLETOR] Ticks:   7,515 | 1.16275 @ 2026-09-03T21:35:47
[BOT] 1.1627 | Aguardando fechamento da vela... (candles ok: 224)
[COLETOR] Ticks:   7,516 | 1.16274 @ 2026-09-03T21:35:48
[COLETOR] Ticks:   7,517 | 1.16275 @ 2026-09-03T21:35:49
[BOT] 1.1627 | Aguardando fechamento da vela... (candles ok: 224)
[BOT] 1.1627 | Aguardando fechamento da vela... (candles ok: 224)
[COLETOR] Ticks:   7,518 | 1.16274 @ 2026-09-03T21:35:50
[COLETOR] Ticks:   7,519 | 1.16276 @ 2026-09-03T21:35:51
[BOT] 1.1628 | Aguardando fechamento da vela... (candles ok: 224)
[BOT] 1.1627 | Aguardando fechamento da vela... (candles ok: 224)
[COLETOR] Ticks:   7,520 | 1.16273 @ 2026-09-03T21:35:52
[BOT] 1.1627 | Aguardando fechamento da vela... (candles ok: 224)
[COLETOR] Ticks:   7,521 | 1.16271 @ 2026-09-03T21:35:53
[BOT] 1.1627 | Aguardando fechamento da vela... (candles ok: 224)
[COLETOR] Ticks:   7,522 | 1.1627 @ 2026-09-03T21:35:54
[BOT] 1.1627 | Aguardando fechamento da vela... (candles ok: 224)
[COLETOR] Ticks:   7,523 | 1.16269 @ 2026-09-03T21:35:55
[BOT] 1.1627 | Aguardando fechamento da vela... (candles ok: 224)
[COLETOR] Ticks:   7,524 | 1.1627 @ 2026-09-03T21:35:56
[BOT] 1.1627 | Aguardando fechamento da vela... (candles ok: 224)
[COLETOR] Ticks:   7,525 | 1.16271 @ 2026-09-03T21:35:57
[BOT] 1.1627 | Aguardando fechamento da vela... (candles ok: 224)
[COLETOR] Ticks:   7,526 | 1.1627 @ 2026-09-03T21:35:58
[BOT] 1.1627 | Aguardando fechamento da vela... (candles ok: 224)
[COLETOR] Ticks:   7,527 | 1.16272 @ 2026-09-03T21:35:59
[TICK] 1.1627 | EMA9:1.1627 EMA21:1.1627 | RSI:47.4 ADX:22.9 MACD_H:-0.00001
[COLETOR] Ticks:   7,528 | 1.16271 @ 2026-09-03T21:36:00
[BOT] 1.1627 | Aguardando fechamento da vela... (candles ok: 225)
[COLETOR] Ticks:   7,529 | 1.16271 @ 2026-09-03T21:36:01
[BOT] 1.1627 | Aguardando fechamento da vela... (candles ok: 225)
[COLETOR] Ticks:   7,530 | 1.16271 @ 2026-09-03T21:36:02
[BOT] 1.1627 | Aguardando fechamento da vela... (candles ok: 225)
[COLETOR] Ticks:   7,531 | 1.16271 @ 2026-09-03T21:36:03
[BOT] 1.1627 | Aguardando fechamento da vela... (candles ok: 225)
[COLETOR] Ticks:   7,532 | 1.16271 @ 2026-09-03T21:36:04
[BOT] 1.1627 | Aguardando fechamento da vela... (candles ok: 225)
[COLETOR] Ticks:   7,533 | 1.16271 @ 2026-09-03T21:36:05
[BOT] 1.1627 | Aguardando fechamento da vela... (candles ok: 225)
[COLETOR] Ticks:   7,534 | 1.16271 @ 2026-09-03T21:36:06
[BOT] 1.1627 | Aguardando fechamento da vela... (candles ok: 225)
[COLETOR] Ticks:   7,535 | 1.16271 @ 2026-09-03T21:36:07
[BOT] 1.1627 | Aguardando fechamento da vela... (candles ok: 225)
[COLETOR] Ticks:   7,536 | 1.16271 @ 2026-09-03T21:36:08
[BOT] 1.1627 | Aguardando fechamento da vela... (candles ok: 225)
[COLETOR] Ticks:   7,537 | 1.16272 @ 2026-09-03T21:36:09
[BOT] 1.1627 | Aguardando fechamento da vela... (candles ok: 225)
[COLETOR] Ticks:   7,538 | 1.16272 @ 2026-09-03T21:36:10
[BOT] 1.1627 | Aguardando fechamento da vela... (candles ok: 225)
[COLETOR] Ticks:   7,539 | 1.16272 @ 2026-09-03T21:36:11
[BOT] 1.1627 | Aguardando fechamento da vela... (candles ok: 225)
[COLETOR] Ticks:   7,540 | 1.16272 @ 2026-09-03T21:36:12
[BOT] 1.1627 | Aguardando fechamento da vela... (candles ok: 225)
[COLETOR] Ticks:   7,541 | 1.16272 @ 2026-09-03T21:36:13
[BOT] 1.1627 | Aguardando fechamento da vela... (candles ok: 225)
[COLETOR] Ticks:   7,542 | 1.16272 @ 2026-09-03T21:36:14
[BOT] 1.1627 | Aguardando fechamento da vela... (candles ok: 225)
[COLETOR] Ticks:   7,543 | 1.16272 @ 2026-09-03T21:36:15
[BOT] 1.1627 | Aguardando fechamento da vela... (candles ok: 225)
[COLETOR] Ticks:   7,544 | 1.16271 @ 2026-09-03T21:36:16
[COLETOR] Ticks:   7,545 | 1.16272 @ 2026-09-03T21:36:17
[BOT] 1.1627 | Aguardando fechamento da vela... (candles ok: 225)
[BOT] 1.1627 | Aguardando fechamento da vela... (candles ok: 225)
[COLETOR] Ticks:   7,546 | 1.16271 @ 2026-09-03T21:36:18
[BOT] 1.1627 | Aguardando fechamento da vela... (candles ok: 225)
[COLETOR] Ticks:   7,547 | 1.16271 @ 2026-09-03T21:36:19
[BOT] 1.1627 | Aguardando fechamento da vela... (candles ok: 225)
[COLETOR] Ticks:   7,548 | 1.16271 @ 2026-09-03T21:36:20
[BOT] 1.1627 | Aguardando fechamento da vela... (candles ok: 225)
[COLETOR] Ticks:   7,549 | 1.16271 @ 2026-09-03T21:36:21
[BOT] 1.1627 | Aguardando fechamento da vela... (candles ok: 225)
[COLETOR] Ticks:   7,550 | 1.16271 @ 2026-09-03T21:36:22
[BOT] 1.1627 | Aguardando fechamento da vela... (candles ok: 225)
[COLETOR] Ticks:   7,551 | 1.16271 @ 2026-09-03T21:36:23
[BOT] 1.1627 | Aguardando fechamento da vela... (candles ok: 225)
[COLETOR] Ticks:   7,552 | 1.16271 @ 2026-09-03T21:36:24
[BOT] 1.1627 | Aguardando fechamento da vela... (candles ok: 225)
[COLETOR] Ticks:   7,553 | 1.16271 @ 2026-09-03T21:36:25
[BOT] 1.1627 | Aguardando fechamento da vela... (candles ok: 225)
[COLETOR] Ticks:   7,554 | 1.16271 @ 2026-09-03T21:36:26
[BOT] 1.1627 | Aguardando fechamento da vela... (candles ok: 225)
[COLETOR] Ticks:   7,555 | 1.1627 @ 2026-09-03T21:36:27
[BOT] 1.1627 | Aguardando fechamento da vela... (candles ok: 225)
[COLETOR] Ticks:   7,556 | 1.16271 @ 2026-09-03T21:36:28
[BOT] 1.1627 | Aguardando fechamento da vela... (candles ok: 225)
[COLETOR] Ticks:   7,557 | 1.16271 @ 2026-09-03T21:36:29
[BOT] 1.1627 | Aguardando fechamento da vela... (candles ok: 225)
[COLETOR] Ticks:   7,558 | 1.16271 @ 2026-09-03T21:36:30
[BOT] 1.1627 | Aguardando fechamento da vela... (candles ok: 225)
[COLETOR] Ticks:   7,559 | 1.1627 @ 2026-09-03T21:36:31
[BOT] 1.1627 | Aguardando fechamento da vela... (candles ok: 225)
[COLETOR] Ticks:   7,560 | 1.16271 @ 2026-09-03T21:36:32
[BOT] 1.1627 | Aguardando fechamento da vela... (candles ok: 225)
[COLETOR] Ticks:   7,561 | 1.1627 @ 2026-09-03T21:36:33
[BOT] 1.1627 | Aguardando fechamento da vela... (candles ok: 225)
[COLETOR] Ticks:   7,562 | 1.1627 @ 2026-09-03T21:36:34
[BOT] 1.1627 | Aguardando fechamento da vela... (candles ok: 225)
[COLETOR] Ticks:   7,563 | 1.16272 @ 2026-09-03T21:36:35
[BOT] 1.1627 | Aguardando fechamento da vela... (candles ok: 225)
[COLETOR] Ticks:   7,564 | 1.16272 @ 2026-09-03T21:36:36
[BOT] 1.1627 | Aguardando fechamento da vela... (candles ok: 225)
[COLETOR] Ticks:   7,565 | 1.16272 @ 2026-09-03T21:36:37
[BOT] 1.1627 | Aguardando fechamento da vela... (candles ok: 225)
[COLETOR] Ticks:   7,566 | 1.16272 @ 2026-09-03T21:36:38
[BOT] 1.1627 | Aguardando fechamento da vela... (candles ok: 225)
[COLETOR] Ticks:   7,567 | 1.16272 @ 2026-09-03T21:36:39
[BOT] 1.1627 | Aguardando fechamento da vela... (candles ok: 225)
[COLETOR] Ticks:   7,568 | 1.16271 @ 2026-09-03T21:36:40
[BOT] 1.1627 | Aguardando fechamento da vela... (candles ok: 225)
[COLETOR] Ticks:   7,569 | 1.16271 @ 2026-09-03T21:36:41
[BOT] 1.1627 | Aguardando fechamento da vela... (candles ok: 225)
[COLETOR] Ticks:   7,570 | 1.16271 @ 2026-09-03T21:36:42
[BOT] 1.1627 | Aguardando fechamento da vela... (candles ok: 225)
[COLETOR] Ticks:   7,571 | 1.16271 @ 2026-09-03T21:36:43
[BOT] 1.1627 | Aguardando fechamento da vela... (candles ok: 225)
[COLETOR] Ticks:   7,572 | 1.16271 @ 2026-09-03T21:36:44
[BOT] 1.1627 | Aguardando fechamento da vela... (candles ok: 225)
[COLETOR] Ticks:   7,573 | 1.16271 @ 2026-09-03T21:36:45
[BOT] 1.1627 | Aguardando fechamento da vela... (candles ok: 225)
[COLETOR] Ticks:   7,574 | 1.16271 @ 2026-09-03T21:36:46
[COLETOR] Ticks:   7,575 | 1.16272 @ 2026-09-03T21:36:47
[BOT] 1.1627 | Aguardando fechamento da vela... (candles ok: 225)
[BOT] 1.1627 | Aguardando fechamento da vela... (candles ok: 225)
[COLETOR] Ticks:   7,576 | 1.16272 @ 2026-09-03T21:36:48
[BOT] 1.1627 | Aguardando fechamento da vela... (candles ok: 225)
[COLETOR] Ticks:   7,577 | 1.16272 @ 2026-09-03T21:36:49
[BOT] 1.1627 | Aguardando fechamento da vela... (candles ok: 225)
[COLETOR] Ticks:   7,578 | 1.16272 @ 2026-09-03T21:36:50
[BOT] 1.1627 | Aguardando fechamento da vela... (candles ok: 225)
[COLETOR] Ticks:   7,579 | 1.16272 @ 2026-09-03T21:36:51
[BOT] 1.1627 | Aguardando fechamento da vela... (candles ok: 225)
[COLETOR] Ticks:   7,580 | 1.16272 @ 2026-09-03T21:36:52
[BOT] 1.1627 | Aguardando fechamento da vela... (candles ok: 225)
[COLETOR] Ticks:   7,581 | 1.16272 @ 2026-09-03T21:36:53
[BOT] 1.1627 | Aguardando fechamento da vela... (candles ok: 225)
[COLETOR] Ticks:   7,582 | 1.16272 @ 2026-09-03T21:36:54
[BOT] 1.1627 | Aguardando fechamento da vela... (candles ok: 225)
[COLETOR] Ticks:   7,583 | 1.16272 @ 2026-09-03T21:36:55
[BOT] 1.1627 | Aguardando fechamento da vela... (candles ok: 225)
[COLETOR] Ticks:   7,584 | 1.16272 @ 2026-09-03T21:36:56
[BOT] 1.1627 | Aguardando fechamento da vela... (candles ok: 225)
[COLETOR] Ticks:   7,585 | 1.16272 @ 2026-09-03T21:36:57
[BOT] 1.1627 | Aguardando fechamento da vela... (candles ok: 225)
[COLETOR] Ticks:   7,586 | 1.16271 @ 2026-09-03T21:36:58
[BOT] 1.1627 | Aguardando fechamento da vela... (candles ok: 225)
[COLETOR] Ticks:   7,587 | 1.16271 @ 2026-09-03T21:36:59
[TICK] 1.1627 | EMA9:1.1627 EMA21:1.1627 | RSI:46.6 ADX:23.1 MACD_H:-0.00000
[COLETOR] Ticks:   7,588 | 1.16271 @ 2026-09-03T21:37:00
[BOT] 1.1627 | Aguardando fechamento da vela... (candles ok: 226)
[COLETOR] Ticks:   7,589 | 1.16271 @ 2026-09-03T21:37:01
[BOT] 1.1627 | Aguardando fechamento da vela... (candles ok: 226)
[COLETOR] Ticks:   7,590 | 1.16271 @ 2026-09-03T21:37:02
[BOT] 1.1627 | Aguardando fechamento da vela... (candles ok: 226)
[COLETOR] Ticks:   7,591 | 1.16272 @ 2026-09-03T21:37:03
[BOT] 1.1627 | Aguardando fechamento da vela... (candles ok: 226)
[COLETOR] Ticks:   7,592 | 1.16272 @ 2026-09-03T21:37:04
[BOT] 1.1627 | Aguardando fechamento da vela... (candles ok: 226)
[COLETOR] Ticks:   7,593 | 1.16272 @ 2026-09-03T21:37:05
[BOT] 1.1627 | Aguardando fechamento da vela... (candles ok: 226)
[COLETOR] Ticks:   7,594 | 1.16272 @ 2026-09-03T21:37:06
[BOT] 1.1627 | Aguardando fechamento da vela... (candles ok: 226)
[COLETOR] Ticks:   7,595 | 1.16272 @ 2026-09-03T21:37:07
[BOT] 1.1627 | Aguardando fechamento da vela... (candles ok: 226)
[COLETOR] Ticks:   7,596 | 1.16271 @ 2026-09-03T21:37:08
[COLETOR] Ticks:   7,597 | 1.16271 @ 2026-09-03T21:37:09
[BOT] 1.1627 | Aguardando fechamento da vela... (candles ok: 226)
[BOT] 1.1627 | Aguardando fechamento da vela... (candles ok: 226)
[COLETOR] Ticks:   7,598 | 1.16268 @ 2026-09-03T21:37:10
[BOT] 1.1627 | Aguardando fechamento da vela... (candles ok: 226)
[COLETOR] Ticks:   7,599 | 1.16268 @ 2026-09-03T21:37:11
[BOT] 1.1627 | Aguardando fechamento da vela... (candles ok: 226)
[COLETOR] Ticks:   7,600 | 1.16268 @ 2026-09-03T21:37:12
[COLETOR] Ticks:   7,601 | 1.16268 @ 2026-09-03T21:37:13
[BOT] 1.1627 | Aguardando fechamento da vela... (candles ok: 226)
[BOT] 1.1627 | Aguardando fechamento da vela... (candles ok: 226)
[COLETOR] Ticks:   7,602 | 1.16268 @ 2026-09-03T21:37:14
[BOT] 1.1627 | Aguardando fechamento da vela... (candles ok: 226)
[COLETOR] Ticks:   7,603 | 1.16268 @ 2026-09-03T21:37:15
[BOT] 1.1627 | Aguardando fechamento da vela... (candles ok: 226)
[COLETOR] Ticks:   7,604 | 1.16268 @ 2026-09-03T21:37:16
[BOT] 1.1627 | Aguardando fechamento da vela... (candles ok: 226)
[COLETOR] Ticks:   7,605 | 1.16268 @ 2026-09-03T21:37:17
[BOT] 1.1627 | Aguardando fechamento da vela... (candles ok: 226)
[COLETOR] Ticks:   7,606 | 1.16266 @ 2026-09-03T21:37:18
[BOT] 1.1627 | Aguardando fechamento da vela... (candles ok: 226)
[COLETOR] Ticks:   7,607 | 1.16267 @ 2026-09-03T21:37:19
[BOT] 1.1627 | Aguardando fechamento da vela... (candles ok: 226)
[COLETOR] Ticks:   7,608 | 1.16267 @ 2026-09-03T21:37:20
[BOT] 1.1627 | Aguardando fechamento da vela... (candles ok: 226)
[COLETOR] Ticks:   7,609 | 1.16266 @ 2026-09-03T21:37:21
[BOT] 1.1627 | Aguardando fechamento da vela... (candles ok: 226)
[COLETOR] Ticks:   7,610 | 1.16266 @ 2026-09-03T21:37:22
[BOT] 1.1627 | Aguardando fechamento da vela... (candles ok: 226)
[COLETOR] Ticks:   7,611 | 1.16266 @ 2026-09-03T21:37:23
[BOT] 1.1627 | Aguardando fechamento da vela... (candles ok: 226)
[COLETOR] Ticks:   7,612 | 1.16266 @ 2026-09-03T21:37:24
[BOT] 1.1626 | Aguardando fechamento da vela... (candles ok: 226)
[COLETOR] Ticks:   7,613 | 1.16265 @ 2026-09-03T21:37:25
[BOT] 1.1626 | Aguardando fechamento da vela... (candles ok: 226)
[COLETOR] Ticks:   7,614 | 1.16265 @ 2026-09-03T21:37:26
[BOT] 1.1626 | Aguardando fechamento da vela... (candles ok: 226)
[COLETOR] Ticks:   7,615 | 1.16265 @ 2026-09-03T21:37:27
[BOT] 1.1626 | Aguardando fechamento da vela... (candles ok: 226)
[COLETOR] Ticks:   7,616 | 1.16265 @ 2026-09-03T21:37:28
[BOT] 1.1626 | Aguardando fechamento da vela... (candles ok: 226)
[COLETOR] Ticks:   7,617 | 1.16265 @ 2026-09-03T21:37:29
[BOT] 1.1626 | Aguardando fechamento da vela... (candles ok: 226)
[COLETOR] Ticks:   7,618 | 1.16265 @ 2026-09-03T21:37:30
[BOT] 1.1627 | Aguardando fechamento da vela... (candles ok: 226)
[COLETOR] Ticks:   7,619 | 1.16266 @ 2026-09-03T21:37:31
[BOT] 1.1626 | Aguardando fechamento da vela... (candles ok: 226)
[COLETOR] Ticks:   7,620 | 1.16264 @ 2026-09-03T21:37:32
[BOT] 1.1626 | Aguardando fechamento da vela... (candles ok: 226)
[COLETOR] Ticks:   7,621 | 1.16264 @ 2026-09-03T21:37:33
[BOT] 1.1626 | Aguardando fechamento da vela... (candles ok: 226)
[COLETOR] Ticks:   7,622 | 1.16264 @ 2026-09-03T21:37:34
[BOT] 1.1626 | Aguardando fechamento da vela... (candles ok: 226)
[COLETOR] Ticks:   7,623 | 1.16264 @ 2026-09-03T21:37:35
[COLETOR] Ticks:   7,624 | 1.16264 @ 2026-09-03T21:37:36
[BOT] 1.1626 | Aguardando fechamento da vela... (candles ok: 226)
[BOT] 1.1626 | Aguardando fechamento da vela... (candles ok: 226)
[COLETOR] Ticks:   7,625 | 1.16264 @ 2026-09-03T21:37:37
[BOT] 1.1626 | Aguardando fechamento da vela... (candles ok: 226)
[COLETOR] Ticks:   7,626 | 1.16263 @ 2026-09-03T21:37:38
[BOT] 1.1626 | Aguardando fechamento da vela... (candles ok: 226)
[COLETOR] Ticks:   7,627 | 1.16262 @ 2026-09-03T21:37:39
[BOT] 1.1626 | Aguardando fechamento da vela... (candles ok: 226)
[COLETOR] Ticks:   7,628 | 1.1626 @ 2026-09-03T21:37:40
[BOT] 1.1626 | Aguardando fechamento da vela... (candles ok: 226)
[COLETOR] Ticks:   7,629 | 1.1626 @ 2026-09-03T21:37:41
[BOT] 1.1626 | Aguardando fechamento da vela... (candles ok: 226)
[COLETOR] Ticks:   7,630 | 1.16261 @ 2026-09-03T21:37:42
[BOT] 1.1626 | Aguardando fechamento da vela... (candles ok: 226)
[COLETOR] Ticks:   7,631 | 1.1626 @ 2026-09-03T21:37:43
[COLETOR] Ticks:   7,632 | 1.16261 @ 2026-09-03T21:37:44
[BOT] 1.1626 | Aguardando fechamento da vela... (candles ok: 226)
[COLETOR] Ticks:   7,633 | 1.16261 @ 2026-09-03T21:37:45
[BOT] 1.1626 | Aguardando fechamento da vela... (candles ok: 226)
[COLETOR] Ticks:   7,634 | 1.1626 @ 2026-09-03T21:37:46
[BOT] 1.1626 | Aguardando fechamento da vela... (candles ok: 226)
[COLETOR] Ticks:   7,635 | 1.1626 @ 2026-09-03T21:37:47
[BOT] 1.1626 | Aguardando fechamento da vela... (candles ok: 226)
[BOT] 1.1626 | Aguardando fechamento da vela... (candles ok: 226)
[COLETOR] Ticks:   7,636 | 1.1626 @ 2026-09-03T21:37:48
[COLETOR] Ticks:   7,637 | 1.1626 @ 2026-09-03T21:37:49
[BOT] 1.1626 | Aguardando fechamento da vela... (candles ok: 226)
[COLETOR] Ticks:   7,638 | 1.1626 @ 2026-09-03T21:37:50
[BOT] 1.1626 | Aguardando fechamento da vela... (candles ok: 226)
[COLETOR] Ticks:   7,639 | 1.16258 @ 2026-09-03T21:37:51
[BOT] 1.1626 | Aguardando fechamento da vela... (candles ok: 226)
[COLETOR] Ticks:   7,640 | 1.16259 @ 2026-09-03T21:37:52
[BOT] 1.1626 | Aguardando fechamento da vela... (candles ok: 226)
[COLETOR] Ticks:   7,641 | 1.16259 @ 2026-09-03T21:37:53
[BOT] 1.1626 | Aguardando fechamento da vela... (candles ok: 226)
[COLETOR] Ticks:   7,642 | 1.16258 @ 2026-09-03T21:37:54
[BOT] 1.1626 | Aguardando fechamento da vela... (candles ok: 226)
[COLETOR] Ticks:   7,643 | 1.16257 @ 2026-09-03T21:37:55
[BOT] 1.1626 | Aguardando fechamento da vela... (candles ok: 226)
[BOT] 1.1625 | Aguardando fechamento da vela... (candles ok: 226)
[COLETOR] Ticks:   7,644 | 1.16255 @ 2026-09-03T21:37:56
[COLETOR] Ticks:   7,645 | 1.16256 @ 2026-09-03T21:37:57
[BOT] 1.1626 | Aguardando fechamento da vela... (candles ok: 226)
[BOT] 1.1625 | Aguardando fechamento da vela... (candles ok: 226)
[COLETOR] Ticks:   7,646 | 1.16254 @ 2026-09-03T21:37:58
[COLETOR] Ticks:   7,647 | 1.16253 @ 2026-09-03T21:37:59
[BOT] 1.1625 | Aguardando fechamento da vela... (candles ok: 226)
[COLETOR] Ticks:   7,648 | 1.16253 @ 2026-09-03T21:38:00
[TICK] 1.1625 | EMA9:1.1627 EMA21:1.1627 | RSI:35.1 ADX:25.1 MACD_H:-0.00001
[COLETOR] Ticks:   7,649 | 1.16255 @ 2026-09-03T21:38:01
[BOT] 1.1625 | Aguardando fechamento da vela... (candles ok: 227)
[COLETOR] Ticks:   7,650 | 1.16255 @ 2026-09-03T21:38:02
[BOT] 1.1625 | Aguardando fechamento da vela... (candles ok: 227)
[COLETOR] Ticks:   7,651 | 1.16256 @ 2026-09-03T21:38:03
[BOT] 1.1626 | Aguardando fechamento da vela... (candles ok: 227)
[COLETOR] Ticks:   7,652 | 1.16256 @ 2026-09-03T21:38:04
[BOT] 1.1626 | Aguardando fechamento da vela... (candles ok: 227)
[COLETOR] Ticks:   7,653 | 1.16256 @ 2026-09-03T21:38:05
[BOT] 1.1626 | Aguardando fechamento da vela... (candles ok: 227)
[BOT] 1.1626 | Aguardando fechamento da vela... (candles ok: 227)
[COLETOR] Ticks:   7,654 | 1.16256 @ 2026-09-03T21:38:06
[COLETOR] Ticks:   7,655 | 1.16256 @ 2026-09-03T21:38:07
[BOT] 1.1626 | Aguardando fechamento da vela... (candles ok: 227)
[COLETOR] Ticks:   7,656 | 1.16256 @ 2026-09-03T21:38:08
[BOT] 1.1626 | Aguardando fechamento da vela... (candles ok: 227)
[COLETOR] Ticks:   7,657 | 1.16256 @ 2026-09-03T21:38:09
[BOT] 1.1626 | Aguardando fechamento da vela... (candles ok: 227)
[BOT] 1.1626 | Aguardando fechamento da vela... (candles ok: 227)
[COLETOR] Ticks:   7,658 | 1.16256 @ 2026-09-03T21:38:10
[COLETOR] Ticks:   7,659 | 1.16256 @ 2026-09-03T21:38:11
[BOT] 1.1626 | Aguardando fechamento da vela... (candles ok: 227)
[COLETOR] Ticks:   7,660 | 1.16256 @ 2026-09-03T21:38:12
[BOT] 1.1626 | Aguardando fechamento da vela... (candles ok: 227)
[BOT] 1.1626 | Aguardando fechamento da vela... (candles ok: 227)
[COLETOR] Ticks:   7,661 | 1.16256 @ 2026-09-03T21:38:13
[BOT] 1.1626 | Aguardando fechamento da vela... (candles ok: 227)
[COLETOR] Ticks:   7,662 | 1.16256 @ 2026-09-03T21:38:14
[COLETOR] Ticks:   7,663 | 1.16256 @ 2026-09-03T21:38:15
[BOT] 1.1626 | Aguardando fechamento da vela... (candles ok: 227)
[BOT] 1.1626 | Aguardando fechamento da vela... (candles ok: 227)
[COLETOR] Ticks:   7,664 | 1.16256 @ 2026-09-03T21:38:16
[BOT] 1.1626 | Aguardando fechamento da vela... (candles ok: 227)
[COLETOR] Ticks:   7,665 | 1.16257 @ 2026-09-03T21:38:17
[COLETOR] Ticks:   7,666 | 1.16257 @ 2026-09-03T21:38:18
[BOT] 1.1626 | Aguardando fechamento da vela... (candles ok: 227)
[COLETOR] Ticks:   7,667 | 1.16257 @ 2026-09-03T21:38:19
[BOT] 1.1626 | Aguardando fechamento da vela... (candles ok: 227)
[BOT] 1.1626 | Aguardando fechamento da vela... (candles ok: 227)
[COLETOR] Ticks:   7,668 | 1.16258 @ 2026-09-03T21:38:20
[BOT] 1.1626 | Aguardando fechamento da vela... (candles ok: 227)
[COLETOR] Ticks:   7,669 | 1.16258 @ 2026-09-03T21:38:21
[COLETOR] Ticks:   7,670 | 1.16258 @ 2026-09-03T21:38:22
[BOT] 1.1626 | Aguardando fechamento da vela... (candles ok: 227)
[BOT] 1.1626 | Aguardando fechamento da vela... (candles ok: 227)
[COLETOR] Ticks:   7,671 | 1.16258 @ 2026-09-03T21:38:23
[COLETOR] Ticks:   7,672 | 1.16258 @ 2026-09-03T21:38:24
[BOT] 1.1626 | Aguardando fechamento da vela... (candles ok: 227)
[COLETOR] Ticks:   7,673 | 1.16258 @ 2026-09-03T21:38:25
[BOT] 1.1626 | Aguardando fechamento da vela... (candles ok: 227)
[BOT] 1.1626 | Aguardando fechamento da vela... (candles ok: 227)
[COLETOR] Ticks:   7,674 | 1.16258 @ 2026-09-03T21:38:26
[BOT] 1.1626 | Aguardando fechamento da vela... (candles ok: 227)
[COLETOR] Ticks:   7,675 | 1.16258 @ 2026-09-03T21:38:27
[BOT] 1.1626 | Aguardando fechamento da vela... (candles ok: 227)
[COLETOR] Ticks:   7,676 | 1.16258 @ 2026-09-03T21:38:28
[COLETOR] Ticks:   7,677 | 1.16258 @ 2026-09-03T21:38:29
[BOT] 1.1626 | Aguardando fechamento da vela... (candles ok: 227)
[BOT] 1.1626 | Aguardando fechamento da vela... (candles ok: 227)
[COLETOR] Ticks:   7,678 | 1.16257 @ 2026-09-03T21:38:30
[COLETOR] Ticks:   7,679 | 1.16257 @ 2026-09-03T21:38:31
[BOT] 1.1626 | Aguardando fechamento da vela... (candles ok: 227)
[COLETOR] Ticks:   7,680 | 1.16258 @ 2026-09-03T21:38:32
[BOT] 1.1626 | Aguardando fechamento da vela... (candles ok: 227)
[COLETOR] Ticks:   7,681 | 1.16258 @ 2026-09-03T21:38:33
[BOT] 1.1626 | Aguardando fechamento da vela... (candles ok: 227)
[BOT] 1.1626 | Aguardando fechamento da vela... (candles ok: 227)
[COLETOR] Ticks:   7,682 | 1.16259 @ 2026-09-03T21:38:34
[COLETOR] Ticks:   7,683 | 1.16259 @ 2026-09-03T21:38:35
[BOT] 1.1626 | Aguardando fechamento da vela... (candles ok: 227)
[COLETOR] Ticks:   7,684 | 1.16259 @ 2026-09-03T21:38:36
[BOT] 1.1626 | Aguardando fechamento da vela... (candles ok: 227)
[COLETOR] Ticks:   7,685 | 1.16258 @ 2026-09-03T21:38:37
[BOT] 1.1626 | Aguardando fechamento da vela... (candles ok: 227)
[COLETOR] Ticks:   7,686 | 1.16259 @ 2026-09-03T21:38:38
[BOT] 1.1626 | Aguardando fechamento da vela... (candles ok: 227)
[BOT] 1.1626 | Aguardando fechamento da vela... (candles ok: 227)
[COLETOR] Ticks:   7,687 | 1.16258 @ 2026-09-03T21:38:39
[COLETOR] Ticks:   7,688 | 1.16259 @ 2026-09-03T21:38:40
[BOT] 1.1626 | Aguardando fechamento da vela... (candles ok: 227)
[COLETOR] Ticks:   7,689 | 1.16258 @ 2026-09-03T21:38:41
[BOT] 1.1626 | Aguardando fechamento da vela... (candles ok: 227)
[BOT] 1.1626 | Aguardando fechamento da vela... (candles ok: 227)
[COLETOR] Ticks:   7,690 | 1.16259 @ 2026-09-03T21:38:42
[BOT] 1.1626 | Aguardando fechamento da vela... (candles ok: 227)
[COLETOR] Ticks:   7,691 | 1.16259 @ 2026-09-03T21:38:43
[BOT] 1.1626 | Aguardando fechamento da vela... (candles ok: 227)
[COLETOR] Ticks:   7,692 | 1.16259 @ 2026-09-03T21:38:44
[COLETOR] Ticks:   7,693 | 1.16259 @ 2026-09-03T21:38:45
[BOT] 1.1626 | Aguardando fechamento da vela... (candles ok: 227)
[COLETOR] Ticks:   7,694 | 1.16259 @ 2026-09-03T21:38:46
[BOT] 1.1626 | Aguardando fechamento da vela... (candles ok: 227)
[COLETOR] Ticks:   7,695 | 1.16259 @ 2026-09-03T21:38:47
[BOT] 1.1626 | Aguardando fechamento da vela... (candles ok: 227)
[COLETOR] Ticks:   7,696 | 1.16259 @ 2026-09-03T21:38:48
[BOT] 1.1626 | Aguardando fechamento da vela... (candles ok: 227)
[BOT] 1.1626 | Aguardando fechamento da vela... (candles ok: 227)
[COLETOR] Ticks:   7,697 | 1.16258 @ 2026-09-03T21:38:49
[COLETOR] Ticks:   7,698 | 1.16258 @ 2026-09-03T21:38:50
[BOT] 1.1626 | Aguardando fechamento da vela... (candles ok: 227)
[COLETOR] Ticks:   7,699 | 1.16258 @ 2026-09-03T21:38:51
[BOT] 1.1626 | Aguardando fechamento da vela... (candles ok: 227)
[COLETOR] Ticks:   7,700 | 1.16259 @ 2026-09-03T21:38:52
[BOT] 1.1626 | Aguardando fechamento da vela... (candles ok: 227)
[COLETOR] Ticks:   7,701 | 1.16257 @ 2026-09-03T21:38:53
[BOT] 1.1626 | Aguardando fechamento da vela... (candles ok: 227)
[COLETOR] Ticks:   7,702 | 1.16257 @ 2026-09-03T21:38:54
[BOT] 1.1626 | Aguardando fechamento da vela... (candles ok: 227)
[BOT] 1.1626 | Aguardando fechamento da vela... (candles ok: 227)
[COLETOR] Ticks:   7,703 | 1.16257 @ 2026-09-03T21:38:55
[BOT] 1.1626 | Aguardando fechamento da vela... (candles ok: 227)
[COLETOR] Ticks:   7,704 | 1.16257 @ 2026-09-03T21:38:56
[COLETOR] Ticks:   7,705 | 1.16258 @ 2026-09-03T21:38:57
[BOT] 1.1626 | Aguardando fechamento da vela... (candles ok: 227)
[BOT] 1.1626 | Aguardando fechamento da vela... (candles ok: 227)
[COLETOR] Ticks:   7,706 | 1.16257 @ 2026-09-03T21:38:58
[BOT] 1.1626 | Aguardando fechamento da vela... (candles ok: 227)
[COLETOR] Ticks:   7,707 | 1.16257 @ 2026-09-03T21:38:59
[TICK] 1.1626 | EMA9:1.1626 EMA21:1.1627 | RSI:38.8 ADX:27.0 MACD_H:-0.00001 [→ SELL]
[COLETOR] Ticks:   7,708 | 1.16257 @ 2026-09-03T21:39:00
[BOT] → SELL | Stake: 9.90 USD | Duração: 15m | ADX:27.0 RSI:38.8
[COLETOR] Ticks:   7,709 | 1.16257 @ 2026-09-03T21:39:01[BOT] Contrato aberto | ID: 11630799819
[COLETOR] Ticks:   7,710 | 1.16257 @ 2026-09-03T21:39:02
[COLETOR] Ticks:   7,711 | 1.16257 @ 2026-09-03T21:39:03
[COLETOR] Ticks:   7,712 | 1.16257 @ 2026-09-03T21:39:04
[COLETOR] Ticks:   7,713 | 1.16257 @ 2026-09-03T21:39:05
[COLETOR] Ticks:   7,714 | 1.16257 @ 2026-09-03T21:39:06
[COLETOR] Ticks:   7,715 | 1.16257 @ 2026-09-03T21:39:07
[COLETOR] Ticks:   7,716 | 1.16256 @ 2026-09-03T21:39:08
[COLETOR] Ticks:   7,717 | 1.16256 @ 2026-09-03T21:39:09
[COLETOR] Ticks:   7,718 | 1.16256 @ 2026-09-03T21:39:10
[COLETOR] Ticks:   7,719 | 1.16256 @ 2026-09-03T21:39:11
[COLETOR] Ticks:   7,720 | 1.16256 @ 2026-09-03T21:39:12
[COLETOR] Ticks:   7,721 | 1.16256 @ 2026-09-03T21:39:13
[COLETOR] Ticks:   7,722 | 1.16256 @ 2026-09-03T21:39:14
[COLETOR] Ticks:   7,723 | 1.16256 @ 2026-09-03T21:39:15
[COLETOR] Ticks:   7,724 | 1.16256 @ 2026-09-03T21:39:16
[COLETOR] Ticks:   7,725 | 1.16256 @ 2026-09-03T21:39:17
[COLETOR] Ticks:   7,726 | 1.16256 @ 2026-09-03T21:39:18
[COLETOR] Ticks:   7,727 | 1.16256 @ 2026-09-03T21:39:19
[COLETOR] Ticks:   7,728 | 1.16256 @ 2026-09-03T21:39:20
[COLETOR] Ticks:   7,729 | 1.16256 @ 2026-09-03T21:39:21
[COLETOR] Ticks:   7,730 | 1.16256 @ 2026-09-03T21:39:22
[COLETOR] Ticks:   7,731 | 1.16256 @ 2026-09-03T21:39:23
[COLETOR] Ticks:   7,732 | 1.16256 @ 2026-09-03T21:39:24
[COLETOR] Ticks:   7,733 | 1.16256 @ 2026-09-03T21:39:25
[COLETOR] Ticks:   7,734 | 1.16257 @ 2026-09-03T21:39:26
[COLETOR] Ticks:   7,735 | 1.16257 @ 2026-09-03T21:39:27
[COLETOR] Ticks:   7,736 | 1.16257 @ 2026-09-03T21:39:28
[COLETOR] Ticks:   7,737 | 1.16257 @ 2026-09-03T21:39:29
[COLETOR] Ticks:   7,738 | 1.16257 @ 2026-09-03T21:39:30
[COLETOR] Ticks:   7,739 | 1.16257 @ 2026-09-03T21:39:31
[COLETOR] Ticks:   7,740 | 1.16257 @ 2026-09-03T21:39:32
[COLETOR] Ticks:   7,741 | 1.16256 @ 2026-09-03T21:39:33
[COLETOR] Ticks:   7,742 | 1.16255 @ 2026-09-03T21:39:34
[COLETOR] Ticks:   7,743 | 1.16255 @ 2026-09-03T21:39:35
[COLETOR] Ticks:   7,744 | 1.16255 @ 2026-09-03T21:39:36
[COLETOR] Ticks:   7,745 | 1.16255 @ 2026-09-03T21:39:37
[COLETOR] Ticks:   7,746 | 1.16257 @ 2026-09-03T21:39:38
[COLETOR] Ticks:   7,747 | 1.16256 @ 2026-09-03T21:39:39
[COLETOR] Ticks:   7,748 | 1.16257 @ 2026-09-03T21:39:40
[COLETOR] Ticks:   7,749 | 1.16257 @ 2026-09-03T21:39:41
[COLETOR] Ticks:   7,750 | 1.16257 @ 2026-09-03T21:39:42
[COLETOR] Ticks:   7,751 | 1.16257 @ 2026-09-03T21:39:43
[COLETOR] Ticks:   7,752 | 1.16258 @ 2026-09-03T21:39:44
[COLETOR] Ticks:   7,753 | 1.16258 @ 2026-09-03T21:39:45
[COLETOR] Ticks:   7,754 | 1.16258 @ 2026-09-03T21:39:46
[COLETOR] Ticks:   7,755 | 1.16259 @ 2026-09-03T21:39:47
[COLETOR] Ticks:   7,756 | 1.16258 @ 2026-09-03T21:39:48
[COLETOR] Ticks:   7,757 | 1.16259 @ 2026-09-03T21:39:49
[COLETOR] Ticks:   7,758 | 1.1626 @ 2026-09-03T21:39:50
[COLETOR] Ticks:   7,759 | 1.1626 @ 2026-09-03T21:39:51
[COLETOR] Ticks:   7,760 | 1.16261 @ 2026-09-03T21:39:52
[COLETOR] Ticks:   7,761 | 1.16261 @ 2026-09-03T21:39:53
[COLETOR] Ticks:   7,762 | 1.16261 @ 2026-09-03T21:39:54
[COLETOR] Ticks:   7,763 | 1.16261 @ 2026-09-03T21:39:55
[COLETOR] Ticks:   7,764 | 1.16261 @ 2026-09-03T21:39:56
[COLETOR] Ticks:   7,765 | 1.16261 @ 2026-09-03T21:39:57
[COLETOR] Ticks:   7,766 | 1.16261 @ 2026-09-03T21:39:58
[COLETOR] Ticks:   7,767 | 1.16261 @ 2026-09-03T21:39:59
[COLETOR] Ticks:   7,768 | 1.16261 @ 2026-09-03T21:40:00
[COLETOR] Ticks:   7,769 | 1.16261 @ 2026-09-03T21:40:01
[COLETOR] Ticks:   7,770 | 1.16261 @ 2026-09-03T21:40:02
[COLETOR] Ticks:   7,771 | 1.1626 @ 2026-09-03T21:40:03
[COLETOR] Ticks:   7,772 | 1.16259 @ 2026-09-03T21:40:04
[COLETOR] Ticks:   7,773 | 1.16259 @ 2026-09-03T21:40:05
[COLETOR] Ticks:   7,774 | 1.16259 @ 2026-09-03T21:40:06
[COLETOR] Ticks:   7,775 | 1.16259 @ 2026-09-03T21:40:07
[COLETOR] Ticks:   7,776 | 1.16261 @ 2026-09-03T21:40:08
[COLETOR] Ticks:   7,777 | 1.16261 @ 2026-09-03T21:40:09
[COLETOR] Ticks:   7,778 | 1.16261 @ 2026-09-03T21:40:10
[COLETOR] Ticks:   7,779 | 1.1626 @ 2026-09-03T21:40:11
[COLETOR] Ticks:   7,780 | 1.1626 @ 2026-09-03T21:40:12
[COLETOR] Ticks:   7,781 | 1.1626 @ 2026-09-03T21:40:13
[COLETOR] Ticks:   7,782 | 1.16259 @ 2026-09-03T21:40:14
[COLETOR] Ticks:   7,783 | 1.16259 @ 2026-09-03T21:40:15
[COLETOR] Ticks:   7,784 | 1.16259 @ 2026-09-03T21:40:16
[COLETOR] Ticks:   7,785 | 1.16258 @ 2026-09-03T21:40:17
[COLETOR] Ticks:   7,786 | 1.16259 @ 2026-09-03T21:40:18
[COLETOR] Ticks:   7,787 | 1.16259 @ 2026-09-03T21:40:19
[COLETOR] Ticks:   7,788 | 1.16259 @ 2026-09-03T21:40:20
[COLETOR] Ticks:   7,789 | 1.16259 @ 2026-09-03T21:40:21
[COLETOR] Ticks:   7,790 | 1.16259 @ 2026-09-03T21:40:22
[COLETOR] Ticks:   7,791 | 1.16258 @ 2026-09-03T21:40:23
[COLETOR] Ticks:   7,792 | 1.16259 @ 2026-09-03T21:40:24
[COLETOR] Ticks:   7,793 | 1.16259 @ 2026-09-03T21:40:25
[COLETOR] Ticks:   7,794 | 1.16259 @ 2026-09-03T21:40:26
[COLETOR] Ticks:   7,795 | 1.1626 @ 2026-09-03T21:40:27
[COLETOR] Ticks:   7,796 | 1.1626 @ 2026-09-03T21:40:28
[COLETOR] Ticks:   7,797 | 1.1626 @ 2026-09-03T21:40:29
[COLETOR] Ticks:   7,798 | 1.1626 @ 2026-09-03T21:40:30
[COLETOR] Ticks:   7,799 | 1.16261 @ 2026-09-03T21:40:31
[COLETOR] Ticks:   7,800 | 1.16261 @ 2026-09-03T21:40:32
[COLETOR] Ticks:   7,801 | 1.16261 @ 2026-09-03T21:40:33
[COLETOR] Ticks:   7,802 | 1.16261 @ 2026-09-03T21:40:34
[COLETOR] Ticks:   7,803 | 1.16261 @ 2026-09-03T21:40:35
[COLETOR] Ticks:   7,804 | 1.16261 @ 2026-09-03T21:40:36
[COLETOR] Ticks:   7,805 | 1.16262 @ 2026-09-03T21:40:37
[COLETOR] Ticks:   7,806 | 1.16261 @ 2026-09-03T21:40:38
[COLETOR] Ticks:   7,807 | 1.16262 @ 2026-09-03T21:40:39
[COLETOR] Ticks:   7,808 | 1.16263 @ 2026-09-03T21:40:40
[COLETOR] Ticks:   7,809 | 1.16264 @ 2026-09-03T21:40:41
[COLETOR] Ticks:   7,810 | 1.16262 @ 2026-09-03T21:40:42
[COLETOR] Ticks:   7,811 | 1.16264 @ 2026-09-03T21:40:43
[COLETOR] Ticks:   7,812 | 1.16264 @ 2026-09-03T21:40:44
[COLETOR] Ticks:   7,813 | 1.16267 @ 2026-09-03T21:40:45
[COLETOR] Ticks:   7,814 | 1.16266 @ 2026-09-03T21:40:46
[COLETOR] Ticks:   7,815 | 1.16266 @ 2026-09-03T21:40:47
[COLETOR] Ticks:   7,816 | 1.16266 @ 2026-09-03T21:40:48
[COLETOR] Ticks:   7,817 | 1.16269 @ 2026-09-03T21:40:49
[COLETOR] Ticks:   7,818 | 1.16269 @ 2026-09-03T21:40:50
[COLETOR] Ticks:   7,819 | 1.16267 @ 2026-09-03T21:40:51
[COLETOR] Ticks:   7,820 | 1.16266 @ 2026-09-03T21:40:52
[COLETOR] Ticks:   7,821 | 1.16266 @ 2026-09-03T21:40:53
[COLETOR] Ticks:   7,822 | 1.16268 @ 2026-09-03T21:40:54
[COLETOR] Ticks:   7,823 | 1.16271 @ 2026-09-03T21:40:55
[COLETOR] Ticks:   7,824 | 1.16269 @ 2026-09-03T21:40:56
[COLETOR] Ticks:   7,825 | 1.1627 @ 2026-09-03T21:40:57
[COLETOR] Ticks:   7,826 | 1.16268 @ 2026-09-03T21:40:58
[COLETOR] Ticks:   7,827 | 1.16267 @ 2026-09-03T21:40:59
[COLETOR] Ticks:   7,828 | 1.16267 @ 2026-09-03T21:41:00
[COLETOR] Ticks:   7,829 | 1.16268 @ 2026-09-03T21:41:01
[COLETOR] Ticks:   7,830 | 1.16269 @ 2026-09-03T21:41:02
[COLETOR] Ticks:   7,831 | 1.16268 @ 2026-09-03T21:41:03
[COLETOR] Ticks:   7,832 | 1.16268 @ 2026-09-03T21:41:04
[COLETOR] Ticks:   7,833 | 1.16269 @ 2026-09-03T21:41:05
[COLETOR] Ticks:   7,834 | 1.16269 @ 2026-09-03T21:41:06
[COLETOR] Ticks:   7,835 | 1.16269 @ 2026-09-03T21:41:07
[COLETOR] Ticks:   7,836 | 1.16269 @ 2026-09-03T21:41:08
[COLETOR] Ticks:   7,837 | 1.16269 @ 2026-09-03T21:41:09
[COLETOR] Ticks:   7,838 | 1.16269 @ 2026-09-03T21:41:10
[COLETOR] Ticks:   7,839 | 1.16271 @ 2026-09-03T21:41:11
[COLETOR] Ticks:   7,840 | 1.16271 @ 2026-09-03T21:41:12
[COLETOR] Ticks:   7,841 | 1.16271 @ 2026-09-03T21:41:13
[COLETOR] Ticks:   7,842 | 1.16271 @ 2026-09-03T21:41:14
[COLETOR] Ticks:   7,843 | 1.16271 @ 2026-09-03T21:41:15
[COLETOR] Ticks:   7,844 | 1.16271 @ 2026-09-03T21:41:16
[COLETOR] Ticks:   7,845 | 1.16271 @ 2026-09-03T21:41:17
[COLETOR] Ticks:   7,846 | 1.16271 @ 2026-09-03T21:41:18
[COLETOR] Ticks:   7,847 | 1.16271 @ 2026-09-03T21:41:19
[COLETOR] Ticks:   7,848 | 1.16269 @ 2026-09-03T21:41:20
[COLETOR] Ticks:   7,849 | 1.16267 @ 2026-09-03T21:41:21
[COLETOR] Ticks:   7,850 | 1.16266 @ 2026-09-03T21:41:22
[COLETOR] Ticks:   7,851 | 1.16267 @ 2026-09-03T21:41:23
[COLETOR] Ticks:   7,852 | 1.16267 @ 2026-09-03T21:41:24
[COLETOR] Ticks:   7,853 | 1.16267 @ 2026-09-03T21:41:25
[COLETOR] Ticks:   7,854 | 1.16267 @ 2026-09-03T21:41:26
[COLETOR] Ticks:   7,855 | 1.16267 @ 2026-09-03T21:41:27
[COLETOR] Ticks:   7,856 | 1.16267 @ 2026-09-03T21:41:28
[COLETOR] Ticks:   7,857 | 1.16266 @ 2026-09-03T21:41:29
[COLETOR] Ticks:   7,858 | 1.16266 @ 2026-09-03T21:41:30
[COLETOR] Ticks:   7,859 | 1.16266 @ 2026-09-03T21:41:31
[COLETOR] Ticks:   7,860 | 1.16266 @ 2026-09-03T21:41:32
[COLETOR] Ticks:   7,861 | 1.16266 @ 2026-09-03T21:41:33
[COLETOR] Ticks:   7,862 | 1.16266 @ 2026-09-03T21:41:34
[COLETOR] Ticks:   7,863 | 1.16266 @ 2026-09-03T21:41:35
[COLETOR] Ticks:   7,864 | 1.16266 @ 2026-09-03T21:41:36
[COLETOR] Ticks:   7,865 | 1.16265 @ 2026-09-03T21:41:37
[COLETOR] Ticks:   7,866 | 1.16264 @ 2026-09-03T21:41:38
[COLETOR] Ticks:   7,867 | 1.16264 @ 2026-09-03T21:41:39
[COLETOR] Ticks:   7,868 | 1.16265 @ 2026-09-03T21:41:40
[COLETOR] Ticks:   7,869 | 1.16265 @ 2026-09-03T21:41:41
[COLETOR] Ticks:   7,870 | 1.16265 @ 2026-09-03T21:41:42
[COLETOR] Ticks:   7,871 | 1.16264 @ 2026-09-03T21:41:43
[COLETOR] Ticks:   7,872 | 1.16264 @ 2026-09-03T21:41:44
[COLETOR] Ticks:   7,873 | 1.16264 @ 2026-09-03T21:41:45
[COLETOR] Ticks:   7,874 | 1.16262 @ 2026-09-03T21:41:46
[COLETOR] Ticks:   7,875 | 1.16262 @ 2026-09-03T21:41:47
[COLETOR] Ticks:   7,876 | 1.16262 @ 2026-09-03T21:41:48
[COLETOR] Ticks:   7,877 | 1.16261 @ 2026-09-03T21:41:49
[COLETOR] Ticks:   7,878 | 1.16262 @ 2026-09-03T21:41:50
[COLETOR] Ticks:   7,879 | 1.16262 @ 2026-09-03T21:41:51
[COLETOR] Ticks:   7,880 | 1.16262 @ 2026-09-03T21:41:52
[COLETOR] Ticks:   7,881 | 1.16262 @ 2026-09-03T21:41:53
[COLETOR] Ticks:   7,882 | 1.16262 @ 2026-09-03T21:41:54
[COLETOR] Ticks:   7,883 | 1.16262 @ 2026-09-03T21:41:55
[COLETOR] Ticks:   7,884 | 1.16261 @ 2026-09-03T21:41:56
[COLETOR] Ticks:   7,885 | 1.16262 @ 2026-09-03T21:41:57
[COLETOR] Ticks:   7,886 | 1.16262 @ 2026-09-03T21:41:58
[COLETOR] Ticks:   7,887 | 1.16261 @ 2026-09-03T21:41:59
[COLETOR] Ticks:   7,888 | 1.16261 @ 2026-09-03T21:42:00
[COLETOR] Ticks:   7,889 | 1.16262 @ 2026-09-03T21:42:01
[COLETOR] Ticks:   7,890 | 1.16264 @ 2026-09-03T21:42:02
[COLETOR] Ticks:   7,891 | 1.16264 @ 2026-09-03T21:42:03
[COLETOR] Ticks:   7,892 | 1.16265 @ 2026-09-03T21:42:04
[COLETOR] Ticks:   7,893 | 1.16266 @ 2026-09-03T21:42:05
[COLETOR] Ticks:   7,894 | 1.16267 @ 2026-09-03T21:42:06
[COLETOR] Ticks:   7,895 | 1.16266 @ 2026-09-03T21:42:07
[COLETOR] Ticks:   7,896 | 1.16266 @ 2026-09-03T21:42:08
[COLETOR] Ticks:   7,897 | 1.16266 @ 2026-09-03T21:42:09
[COLETOR] Ticks:   7,898 | 1.16267 @ 2026-09-03T21:42:10
[COLETOR] Ticks:   7,899 | 1.16268 @ 2026-09-03T21:42:11
[COLETOR] Ticks:   7,900 | 1.16268 @ 2026-09-03T21:42:12
[COLETOR] Ticks:   7,901 | 1.1627 @ 2026-09-03T21:42:13
[COLETOR] Ticks:   7,902 | 1.1627 @ 2026-09-03T21:42:14
[COLETOR] Ticks:   7,903 | 1.1627 @ 2026-09-03T21:42:15
[COLETOR] Ticks:   7,904 | 1.16271 @ 2026-09-03T21:42:16
[COLETOR] Ticks:   7,905 | 1.16271 @ 2026-09-03T21:42:17
[COLETOR] Ticks:   7,906 | 1.1627 @ 2026-09-03T21:42:18
[COLETOR] Ticks:   7,907 | 1.1627 @ 2026-09-03T21:42:19
[COLETOR] Ticks:   7,908 | 1.16269 @ 2026-09-03T21:42:20
[COLETOR] Ticks:   7,909 | 1.1627 @ 2026-09-03T21:42:21
[COLETOR] Ticks:   7,910 | 1.16271 @ 2026-09-03T21:42:22
[COLETOR] Ticks:   7,911 | 1.16272 @ 2026-09-03T21:42:23
[COLETOR] Ticks:   7,912 | 1.16272 @ 2026-09-03T21:42:24
[COLETOR] Ticks:   7,913 | 1.16272 @ 2026-09-03T21:42:25
[COLETOR] Ticks:   7,914 | 1.16272 @ 2026-09-03T21:42:26
[COLETOR] Ticks:   7,915 | 1.16272 @ 2026-09-03T21:42:27
[COLETOR] Ticks:   7,916 | 1.16272 @ 2026-09-03T21:42:28
[COLETOR] Ticks:   7,917 | 1.16272 @ 2026-09-03T21:42:29
[COLETOR] Ticks:   7,918 | 1.16272 @ 2026-09-03T21:42:30
[COLETOR] Ticks:   7,919 | 1.16272 @ 2026-09-03T21:42:31
[COLETOR] Ticks:   7,920 | 1.16272 @ 2026-09-03T21:42:32
[COLETOR] Ticks:   7,921 | 1.16273 @ 2026-09-03T21:42:33
[COLETOR] Ticks:   7,922 | 1.16274 @ 2026-09-03T21:42:34
[COLETOR] Ticks:   7,923 | 1.16274 @ 2026-09-03T21:42:35
[COLETOR] Ticks:   7,924 | 1.16275 @ 2026-09-03T21:42:36
[COLETOR] Ticks:   7,925 | 1.16275 @ 2026-09-03T21:42:37
[COLETOR] Ticks:   7,926 | 1.16275 @ 2026-09-03T21:42:38
[COLETOR] Ticks:   7,927 | 1.16275 @ 2026-09-03T21:42:39
[COLETOR] Ticks:   7,928 | 1.16275 @ 2026-09-03T21:42:40
[COLETOR] Ticks:   7,929 | 1.16275 @ 2026-09-03T21:42:41
[COLETOR] Ticks:   7,930 | 1.16274 @ 2026-09-03T21:42:42
[COLETOR] Ticks:   7,931 | 1.16274 @ 2026-09-03T21:42:43
[COLETOR] Ticks:   7,932 | 1.16275 @ 2026-09-03T21:42:44
[COLETOR] Ticks:   7,933 | 1.16275 @ 2026-09-03T21:42:45
[COLETOR] Ticks:   7,934 | 1.16274 @ 2026-09-03T21:42:46
[COLETOR] Ticks:   7,935 | 1.16274 @ 2026-09-03T21:42:47
[COLETOR] Ticks:   7,936 | 1.16274 @ 2026-09-03T21:42:48
[COLETOR] Ticks:   7,937 | 1.16274 @ 2026-09-03T21:42:49
[COLETOR] Ticks:   7,938 | 1.16274 @ 2026-09-03T21:42:50
[COLETOR] Ticks:   7,939 | 1.16274 @ 2026-09-03T21:42:51
[COLETOR] Ticks:   7,940 | 1.16275 @ 2026-09-03T21:42:52
[COLETOR] Ticks:   7,941 | 1.16275 @ 2026-09-03T21:42:53
[COLETOR] Ticks:   7,942 | 1.16274 @ 2026-09-03T21:42:54
[COLETOR] Ticks:   7,943 | 1.16274 @ 2026-09-03T21:42:55
[COLETOR] Ticks:   7,944 | 1.16274 @ 2026-09-03T21:42:56
[COLETOR] Ticks:   7,945 | 1.16274 @ 2026-09-03T21:42:57
[COLETOR] Ticks:   7,946 | 1.16274 @ 2026-09-03T21:42:58
[COLETOR] Ticks:   7,947 | 1.16274 @ 2026-09-03T21:42:59
[COLETOR] Ticks:   7,948 | 1.16274 @ 2026-09-03T21:43:00
[COLETOR] Ticks:   7,949 | 1.16274 @ 2026-09-03T21:43:01
[COLETOR] Ticks:   7,950 | 1.16274 @ 2026-09-03T21:43:02
[COLETOR] Ticks:   7,951 | 1.16274 @ 2026-09-03T21:43:03
[COLETOR] Ticks:   7,952 | 1.16274 @ 2026-09-03T21:43:04
[COLETOR] Ticks:   7,953 | 1.16274 @ 2026-09-03T21:43:05
[COLETOR] Ticks:   7,954 | 1.16276 @ 2026-09-03T21:43:06
[COLETOR] Ticks:   7,955 | 1.16276 @ 2026-09-03T21:43:07
[COLETOR] Ticks:   7,956 | 1.16273 @ 2026-09-03T21:43:08
[COLETOR] Ticks:   7,957 | 1.16271 @ 2026-09-03T21:43:09
[COLETOR] Ticks:   7,958 | 1.16271 @ 2026-09-03T21:43:10
[COLETOR] Ticks:   7,959 | 1.16272 @ 2026-09-03T21:43:11
[COLETOR] Ticks:   7,960 | 1.16272 @ 2026-09-03T21:43:12
[COLETOR] Ticks:   7,961 | 1.16274 @ 2026-09-03T21:43:13
[COLETOR] Ticks:   7,962 | 1.16276 @ 2026-09-03T21:43:14
[COLETOR] Ticks:   7,963 | 1.16277 @ 2026-09-03T21:43:15    [TFT] Early stopping na época 16.
[COLETOR] Ticks:   7,964 | 1.16277 @ 2026-09-03T21:43:16
[COLETOR] Ticks:   7,965 | 1.16276 @ 2026-09-03T21:43:17
[COLETOR] Ticks:   7,966 | 1.16277 @ 2026-09-03T21:43:18
[COLETOR] Ticks:   7,967 | 1.16277 @ 2026-09-03T21:43:19
[COLETOR] Ticks:   7,968 | 1.16277 @ 2026-09-03T21:43:20
[COLETOR] Ticks:   7,969 | 1.16277 @ 2026-09-03T21:43:21
[COLETOR] Ticks:   7,970 | 1.16277 @ 2026-09-03T21:43:22
[COLETOR] Ticks:   7,971 | 1.16277 @ 2026-09-03T21:43:23
[COLETOR] Ticks:   7,972 | 1.16277 @ 2026-09-03T21:43:24
[COLETOR] Ticks:   7,973 | 1.16277 @ 2026-09-03T21:43:25
[COLETOR] Ticks:   7,974 | 1.16277 @ 2026-09-03T21:43:26
[COLETOR] Ticks:   7,975 | 1.16276 @ 2026-09-03T21:43:27
[COLETOR] Ticks:   7,976 | 1.16277 @ 2026-09-03T21:43:28
[COLETOR] Ticks:   7,977 | 1.16277 @ 2026-09-03T21:43:29
[COLETOR] Ticks:   7,978 | 1.16277 @ 2026-09-03T21:43:30
[COLETOR] Ticks:   7,979 | 1.16277 @ 2026-09-03T21:43:31
[COLETOR] Ticks:   7,980 | 1.16277 @ 2026-09-03T21:43:32
[COLETOR] Ticks:   7,981 | 1.16277 @ 2026-09-03T21:43:33
[COLETOR] Ticks:   7,982 | 1.16276 @ 2026-09-03T21:43:34
[COLETOR] Ticks:   7,983 | 1.16276 @ 2026-09-03T21:43:35
[COLETOR] Ticks:   7,984 | 1.16278 @ 2026-09-03T21:43:36
[COLETOR] Ticks:   7,985 | 1.16278 @ 2026-09-03T21:43:37
[COLETOR] Ticks:   7,986 | 1.16277 @ 2026-09-03T21:43:38
[COLETOR] Ticks:   7,987 | 1.16277 @ 2026-09-03T21:43:39
[COLETOR] Ticks:   7,988 | 1.16276 @ 2026-09-03T21:43:40
[COLETOR] Ticks:   7,989 | 1.16277 @ 2026-09-03T21:43:41
[COLETOR] Ticks:   7,990 | 1.16277 @ 2026-09-03T21:43:42
[COLETOR] Ticks:   7,991 | 1.16277 @ 2026-09-03T21:43:43
[COLETOR] Ticks:   7,992 | 1.16277 @ 2026-09-03T21:43:44
[COLETOR] Ticks:   7,993 | 1.16277 @ 2026-09-03T21:43:45
[COLETOR] Ticks:   7,994 | 1.16277 @ 2026-09-03T21:43:46
[COLETOR] Ticks:   7,995 | 1.16276 @ 2026-09-03T21:43:47
[COLETOR] Ticks:   7,996 | 1.16277 @ 2026-09-03T21:43:48
[COLETOR] Ticks:   7,997 | 1.16278 @ 2026-09-03T21:43:49
[COLETOR] Ticks:   7,998 | 1.16279 @ 2026-09-03T21:43:50
[COLETOR] Ticks:   7,999 | 1.1628 @ 2026-09-03T21:43:51
[COLETOR] Ticks:   8,000 | 1.1628 @ 2026-09-03T21:43:52
[COLETOR] Ticks:   8,001 | 1.1628 @ 2026-09-03T21:43:53
[COLETOR] Ticks:   8,002 | 1.1628 @ 2026-09-03T21:43:54
[COLETOR] Ticks:   8,003 | 1.1628 @ 2026-09-03T21:43:55
[COLETOR] Ticks:   8,004 | 1.16281 @ 2026-09-03T21:43:56
[COLETOR] Ticks:   8,005 | 1.16284 @ 2026-09-03T21:43:57
[COLETOR] Ticks:   8,006 | 1.16284 @ 2026-09-03T21:43:58
[COLETOR] Ticks:   8,007 | 1.16282 @ 2026-09-03T21:43:59
[COLETOR] Ticks:   8,008 | 1.16282 @ 2026-09-03T21:44:00
[COLETOR] Ticks:   8,009 | 1.16281 @ 2026-09-03T21:44:01
[COLETOR] Ticks:   8,010 | 1.16281 @ 2026-09-03T21:44:02
[COLETOR] Ticks:   8,011 | 1.16281 @ 2026-09-03T21:44:03
[COLETOR] Ticks:   8,012 | 1.16282 @ 2026-09-03T21:44:04
[COLETOR] Ticks:   8,013 | 1.1628 @ 2026-09-03T21:44:05
[COLETOR] Ticks:   8,014 | 1.1628 @ 2026-09-03T21:44:06
[COLETOR] Ticks:   8,015 | 1.1628 @ 2026-09-03T21:44:07
[COLETOR] Ticks:   8,016 | 1.1628 @ 2026-09-03T21:44:08
[COLETOR] Ticks:   8,017 | 1.16279 @ 2026-09-03T21:44:09
[COLETOR] Ticks:   8,018 | 1.16279 @ 2026-09-03T21:44:10
[COLETOR] Ticks:   8,019 | 1.16279 @ 2026-09-03T21:44:11
